user_id,drink_id,weather,temperature,time_period,hour,dayofweek,occasion,context_hash,interaction_type,value
U103,D052,sunny,21.6,afternoon,17,3,recovery,sunny_22_afternoon_recovery,view,0.0
U072,D061,sunny,21.0,morning,10,2,recovery,sunny_21_morning_recovery,view,0.0
U467,D087,stormy,18.3,morning,8,5,casual,stormy_18_morning_casual,view,0.0
U373,D100,stormy,16.3,morning,11,5,pairing,stormy_16_morning_pairing,view,0.0
U150,D053,rainy,7.0,afternoon,16,2,social,rainy_7_afternoon_social,view,0.0
U414,D038,rainy,7.0,afternoon,16,2,social,rainy_7_afternoon_social,view,0.0
U277,D033,snowy,-3.2,morning,9,1,business,snowy_-3_morning_business,view,0.0
U253,D108,cloudy,10.4,afternoon,12,0,recovery,cloudy_10_afternoon_recovery,view,0.0
U059,D042,cloudy,11.9,morning,7,1,social,cloudy_12_morning_social,rate,1.9
U446,D047,sunny,26.0,afternoon,12,1,casual,sunny_26_afternoon_casual,view,0.0
U320,D003,rainy,11.5,morning,10,0,casual,rainy_12_morning_casual,view,0.0
U021,D073,snowy,-4.2,evening,22,6,business,snowy_-4_evening_business,view,0.0
U089,D060,rainy,10.1,morning,9,5,business,rainy_10_morning_business,view,0.0
U265,D090,rainy,7.0,afternoon,16,2,social,rainy_7_afternoon_social,view,0.0
U367,D060,cloudy,14.6,morning,8,4,pairing,cloudy_15_morning_pairing,view,0.0
U264,D047,snowy,-2.5,morning,7,2,casual,snowy_-2_morning_casual,rate,2.0
U360,D004,rainy,7.0,afternoon,16,2,social,rainy_7_afternoon_social,view,0.0
U054,D106,rainy,14.4,morning,11,1,recovery,rainy_14_morning_recovery,view,0.0
U191,D018,stormy,15.1,morning,10,6,social,stormy_15_morning_social,view,0.0
U202,D062,stormy,12.8,evening,22,2,casual,stormy_13_evening_casual,view,0.0
U304,D015,stormy,14.5,evening,23,3,casual,stormy_15_evening_casual,view,0.0
U252,D062,stormy,16.3,morning,11,5,pairing,stormy_16_morning_pairing,view,0.0
U237,D082,snowy,0.3,morning,7,0,business,snowy_0_morning_business,view,0.0
U410,D089,cloudy,14.1,evening,23,6,business,cloudy_14_evening_business,view,0.0
U015,D045,snowy,4.5,afternoon,16,4,social,snowy_5_afternoon_social,view,0.0
U009,D088,snowy,4.5,afternoon,16,4,social,snowy_5_afternoon_social,view,0.0
U472,D063,stormy,18.3,morning,8,5,casual,stormy_18_morning_casual,view,0.0
U392,D035,snowy,-2.5,morning,7,2,casual,snowy_-2_morning_casual,view,0.0
U261,D106,snowy,-4.2,evening,22,6,business,snowy_-4_evening_business,view,0.0
U028,D007,snowy,0.6,afternoon,14,1,social,snowy_1_afternoon_social,view,0.0
U418,D033,snowy,0.6,afternoon,14,0,pairing,snowy_1_afternoon_pairing,view,0.0
U062,D088,rainy,11.5,morning,10,0,casual,rainy_12_morning_casual,view,0.0
U360,D086,cloudy,12.4,evening,18,6,pairing,cloudy_12_evening_pairing,view,0.0
U227,D101,snowy,0.3,morning,7,0,business,snowy_0_morning_business,view,0.0
U257,D005,stormy,15.1,morning,10,6,social,stormy_15_morning_social,view,0.0
U398,D103,cloudy,12.4,evening,18,6,pairing,cloudy_12_evening_pairing,view,0.0
U015,D090,snowy,-1.7,morning,9,2,celebration,snowy_-2_morning_celebration,view,0.0
U179,D063,cloudy,15.0,morning,10,0,pairing,cloudy_15_morning_pairing,view,0.0
U052,D096,rainy,14.4,morning,11,1,recovery,rainy_14_morning_recovery,rate,2.0
U237,D015,cloudy,19.7,afternoon,12,3,casual,cloudy_20_afternoon_casual,view,0.0
U013,D032,cloudy,14.6,morning,8,4,pairing,cloudy_15_morning_pairing,view,0.0
U086,D028,rainy,7.0,afternoon,16,2,social,rainy_7_afternoon_social,view,0.0
U062,D057,cloudy,17.3,afternoon,15,3,recovery,cloudy_17_afternoon_recovery,view,0.0
U108,D044,sunny,33.7,afternoon,14,3,celebration,sunny_34_afternoon_celebration,view,0.0
U331,D119,cloudy,11.9,morning,7,1,social,cloudy_12_morning_social,view,0.0
U190,D097,snowy,4.5,afternoon,16,4,social,snowy_5_afternoon_social,view,0.0
U446,D116,rainy,12.4,evening,23,1,recovery,rainy_12_evening_recovery,view,0.0
U359,D070,stormy,14.5,evening,23,3,casual,stormy_15_evening_casual,view,0.0
U318,D037,rainy,9.4,evening,20,2,business,rainy_9_evening_business,view,0.0
U172,D024,snowy,-4.5,afternoon,13,4,social,snowy_-5_afternoon_social,view,0.0
U160,D096,sunny,30.7,afternoon,15,3,social,sunny_31_afternoon_social,view,0.0
U113,D062,cloudy,18.7,morning,8,3,business,cloudy_19_morning_business,view,0.0
U268,D039,rainy,7.0,afternoon,16,2,social,rainy_7_afternoon_social,view,0.0
U101,D113,stormy,10.7,afternoon,12,0,casual,stormy_11_afternoon_casual,view,0.0
U002,D002,cloudy,11.9,morning,7,1,social,cloudy_12_morning_social,view,0.0
U485,D096,rainy,9.4,evening,20,2,business,rainy_9_evening_business,view,0.0
U126,D002,sunny,26.0,afternoon,12,1,casual,sunny_26_afternoon_casual,view,0.0
U198,D032,rainy,14.4,morning,11,1,recovery,rainy_14_morning_recovery,view,0.0
U184,D017,cloudy,18.2,afternoon,17,1,business,cloudy_18_afternoon_business,view,0.0
U372,D098,cloudy,17.3,afternoon,15,3,recovery,cloudy_17_afternoon_recovery,view,0.0
U240,D016,rainy,9.4,evening,20,2,business,rainy_9_evening_business,view,0.0
U187,D070,rainy,12.0,evening,18,0,social,rainy_12_evening_social,view,0.0
U148,D059,stormy,12.8,evening,22,2,casual,stormy_13_evening_casual,view,0.0
U451,D019,sunny,33.7,afternoon,14,3,celebration,sunny_34_afternoon_celebration,view,0.0
U308,D105,rainy,9.4,evening,20,2,business,rainy_9_evening_business,view,0.0
U039,D082,stormy,16.3,morning,11,5,pairing,stormy_16_morning_pairing,view,0.0
U476,D057,cloudy,10.4,afternoon,12,0,recovery,cloudy_10_afternoon_recovery,view,0.0
U415,D094,snowy,-1.7,morning,9,2,celebration,snowy_-2_morning_celebration,view,0.0
U252,D016,stormy,15.1,morning,10,6,social,stormy_15_morning_social,purchase,1.0
U500,D060,cloudy,18.7,morning,8,3,business,cloudy_19_morning_business,view,0.0
U304,D012,stormy,16.2,afternoon,17,0,casual,stormy_16_afternoon_casual,rate,3.5
U009,D105,snowy,-2.5,morning,7,2,casual,snowy_-2_morning_casual,view,0.0
U208,D003,sunny,33.7,afternoon,14,3,celebration,sunny_34_afternoon_celebration,view,0.0
U120,D033,sunny,30.7,afternoon,15,3,social,sunny_31_afternoon_social,view,0.0
U113,D072,stormy,12.8,evening,22,2,casual,stormy_13_evening_casual,view,0.0
U340,D099,snowy,0.6,afternoon,14,0,pairing,snowy_1_afternoon_pairing,view,0.0
U099,D025,sunny,21.6,afternoon,17,3,recovery,sunny_22_afternoon_recovery,view,0.0
U366,D082,rainy,7.0,afternoon,16,2,social,rainy_7_afternoon_social,view,0.0
U208,D061,sunny,22.3,morning,11,4,pairing,sunny_22_morning_pairing,view,0.0
U068,D033,rainy,10.1,morning,9,5,business,rainy_10_morning_business,view,0.0
U404,D120,stormy,14.5,evening,23,3,casual,stormy_15_evening_casual,view,0.0
U401,D033,snowy,0.6,afternoon,14,0,pairing,snowy_1_afternoon_pairing,view,0.0
U371,D086,cloudy,16.7,morning,8,4,business,cloudy_17_morning_business,view,0.0
U038,D102,cloudy,14.1,evening,23,6,business,cloudy_14_evening_business,view,0.0
U264,D027,cloudy,12.4,evening,18,6,pairing,cloudy_12_evening_pairing,view,0.0
U286,D097,cloudy,11.9,morning,7,1,social,cloudy_12_morning_social,view,0.0
U481,D069,snowy,0.6,afternoon,14,0,pairing,snowy_1_afternoon_pairing,view,0.0
U035,D064,cloudy,18.7,morning,8,3,business,cloudy_19_morning_business,view,0.0
U172,D092,cloudy,13.9,afternoon,12,5,casual,cloudy_14_afternoon_casual,rate,4.7
U099,D105,rainy,11.5,morning,10,0,casual,rainy_12_morning_casual,rate,2.7
U181,D095,snowy,-2.5,morning,7,2,casual,snowy_-2_morning_casual,purchase,1.0
U116,D063,sunny,21.0,morning,10,2,recovery,sunny_21_morning_recovery,view,0.0
U161,D067,snowy,-2.1,afternoon,16,2,casual,snowy_-2_afternoon_casual,view,0.0
U223,D054,snowy,-3.6,morning,8,5,social,snowy_-4_morning_social,view,0.0
U280,D114,cloudy,15.0,morning,10,0,pairing,cloudy_15_morning_pairing,view,0.0
U151,D066,cloudy,12.4,evening,18,6,pairing,cloudy_12_evening_pairing,view,0.0
U474,D017,stormy,16.3,morning,11,5,pairing,stormy_16_morning_pairing,view,0.0
U299,D118,snowy,0.6,afternoon,14,0,pairing,snowy_1_afternoon_pairing,view,0.0
U170,D119,stormy,15.1,morning,10,6,social,stormy_15_morning_social,view,0.0
U409,D024,rainy,12.4,evening,23,1,recovery,rainy_12_evening_recovery,view,0.0
U391,D057,stormy,12.8,evening,22,2,casual,stormy_13_evening_casual,view,0.0
U321,D008,rainy,8.4,evening,21,1,casual,rainy_8_evening_casual,view,0.0
U460,D115,cloudy,19.1,evening,19,6,pairing,cloudy_19_evening_pairing,view,0.0
U354,D066,cloudy,15.0,morning,10,0,pairing,cloudy_15_morning_pairing,view,0.0
U342,D051,cloudy,10.4,afternoon,12,0,recovery,cloudy_10_afternoon_recovery,view,0.0
U190,D022,cloudy,16.7,morning,8,4,business,cloudy_17_morning_business,view,0.0
U170,D070,snowy,-4.5,afternoon,13,4,social,snowy_-5_afternoon_social,view,0.0
U444,D101,rainy,9.4,evening,20,2,business,rainy_9_evening_business,view,0.0
U060,D108,sunny,26.0,afternoon,12,1,casual,sunny_26_afternoon_casual,view,0.0
U196,D006,cloudy,14.1,evening,23,6,business,cloudy_14_evening_business,view,0.0
U350,D047,snowy,-2.5,morning,7,2,casual,snowy_-2_morning_casual,view,0.0
U308,D016,rainy,12.4,evening,23,1,recovery,rainy_12_evening_recovery,rate,3.9
U147,D017,cloudy,19.5,morning,10,1,celebration,cloudy_19_morning_celebration,view,0.0
U439,D090,rainy,11.5,morning,10,0,casual,rainy_12_morning_casual,view,0.0
U318,D023,snowy,0.6,afternoon,14,1,social,snowy_1_afternoon_social,view,0.0
U129,D058,snowy,4.5,afternoon,16,4,social,snowy_5_afternoon_social,view,0.0
U096,D118,snowy,0.6,afternoon,14,0,pairing,snowy_1_afternoon_pairing,view,0.0
U237,D117,snowy,4.5,afternoon,16,4,social,snowy_5_afternoon_social,rate,4.0
U447,D069,cloudy,16.7,morning,8,4,business,cloudy_17_morning_business,view,0.0
U451,D076,stormy,15.1,morning,10,6,social,stormy_15_morning_social,view,0.0
U485,D086,sunny,21.6,afternoon,17,3,recovery,sunny_22_afternoon_recovery,view,0.0
U069,D047,cloudy,18.7,morning,8,3,business,cloudy_19_morning_business,view,0.0
U446,D116,stormy,16.2,afternoon,17,0,casual,stormy_16_afternoon_casual,view,0.0
U218,D090,snowy,0.6,afternoon,14,0,pairing,snowy_1_afternoon_pairing,view,0.0
U100,D033,cloudy,13.9,afternoon,12,5,casual,cloudy_14_afternoon_casual,view,0.0
U250,D010,stormy,16.2,afternoon,17,0,casual,stormy_16_afternoon_casual,view,0.0
U180,D095,rainy,13.9,evening,20,3,recovery,rainy_14_evening_recovery,view,0.0
U442,D096,snowy,4.5,afternoon,16,4,social,snowy_5_afternoon_social,view,0.0
U493,D004,rainy,12.0,evening,18,0,social,rainy_12_evening_social,view,0.0
U247,D002,cloudy,18.7,morning,8,3,business,cloudy_19_morning_business,view,0.0
U160,D091,sunny,33.7,afternoon,14,3,celebration,sunny_34_afternoon_celebration,view,0.0
U178,D035,rainy,9.4,evening,20,2,business,rainy_9_evening_business,view,0.0
U179,D043,rainy,11.5,morning,10,0,casual,rainy_12_morning_casual,view,0.0
U065,D033,stormy,16.3,morning,11,5,pairing,stormy_16_morning_pairing,rate,1.8
U397,D012,sunny,23.4,evening,18,0,pairing,sunny_23_evening_pairing,view,0.0
U253,D115,sunny,29.6,afternoon,16,0,recovery,sunny_30_afternoon_recovery,view,0.0
U337,D090,stormy,14.5,evening,23,3,casual,stormy_15_evening_casual,view,0.0
U458,D090,sunny,26.1,evening,22,1,recovery,sunny_26_evening_recovery,view,0.0
U391,D068,sunny,29.6,afternoon,16,0,recovery,sunny_30_afternoon_recovery,view,0.0
U413,D120,stormy,12.8,evening,22,2,casual,stormy_13_evening_casual,view,0.0
U249,D036,rainy,13.9,evening,20,3,recovery,rainy_14_evening_recovery,view,0.0
U408,D064,snowy,-2.5,morning,7,2,casual,snowy_-2_morning_casual,purchase,1.0
U496,D036,snowy,-2.1,afternoon,16,2,casual,snowy_-2_afternoon_casual,view,0.0
U096,D024,cloudy,19.1,evening,19,6,pairing,cloudy_19_evening_pairing,rate,4.4
U369,D055,rainy,12.4,evening,23,1,recovery,rainy_12_evening_recovery,view,0.0
U355,D105,cloudy,13.9,afternoon,12,5,casual,cloudy_14_afternoon_casual,rate,3.0
U368,D089,cloudy,16.7,morning,8,4,business,cloudy_17_morning_business,view,0.0
U019,D049,stormy,12.8,evening,22,2,casual,stormy_13_evening_casual,view,0.0
U233,D019,snowy,-3.2,morning,9,1,business,snowy_-3_morning_business,view,0.0
U284,D078,sunny,23.4,evening,18,0,pairing,sunny_23_evening_pairing,rate,3.3
U367,D016,stormy,16.2,afternoon,17,0,casual,stormy_16_afternoon_casual,view,0.0
U025,D052,sunny,21.0,morning,10,2,recovery,sunny_21_morning_recovery,view,0.0
U151,D016,snowy,-4.2,evening,22,6,business,snowy_-4_evening_business,view,0.0
U042,D058,snowy,-4.2,evening,22,6,business,snowy_-4_evening_business,purchase,1.0
U122,D005,snowy,-2.5,morning,7,2,casual,snowy_-2_morning_casual,view,0.0
U235,D075,snowy,-2.1,afternoon,16,2,casual,snowy_-2_afternoon_casual,rate,3.8
U442,D108,stormy,10.7,afternoon,12,0,casual,stormy_11_afternoon_casual,view,0.0
U007,D046,rainy,12.4,evening,23,1,recovery,rainy_12_evening_recovery,view,0.0
U393,D050,cloudy,12.4,evening,18,6,pairing,cloudy_12_evening_pairing,view,0.0
U005,D029,rainy,11.5,morning,10,0,casual,rainy_12_morning_casual,view,0.0
U136,D112,cloudy,14.1,evening,23,6,business,cloudy_14_evening_business,view,0.0
U500,D017,cloudy,14.6,morning,8,4,pairing,cloudy_15_morning_pairing,purchase,1.0
U132,D036,cloudy,17.3,afternoon,15,3,recovery,cloudy_17_afternoon_recovery,view,0.0
U275,D061,sunny,26.0,afternoon,12,1,casual,sunny_26_afternoon_casual,view,0.0
U091,D074,stormy,15.1,morning,10,6,social,stormy_15_morning_social,view,0.0
U126,D067,cloudy,14.1,evening,23,6,business,cloudy_14_evening_business,view,0.0
U220,D058,sunny,33.7,afternoon,14,3,celebration,sunny_34_afternoon_celebration,view,0.0
U317,D105,snowy,-4.2,evening,22,6,business,snowy_-4_evening_business,view,0.0
U461,D092,cloudy,18.7,morning,8,3,business,cloudy_19_morning_business,view,0.0
U417,D038,cloudy,17.3,afternoon,15,3,recovery,cloudy_17_afternoon_recovery,view,0.0
U173,D032,cloudy,14.1,evening,23,6,business,cloudy_14_evening_business,view,0.0
U149,D080,sunny,21.0,morning,10,2,recovery,sunny_21_morning_recovery,purchase,1.0
U229,D036,snowy,-2.5,morning,7,2,casual,snowy_-2_morning_casual,view,0.0
U441,D018,snowy,0.3,morning,7,0,business,snowy_0_morning_business,view,0.0
U014,D015,sunny,23.4,evening,18,0,pairing,sunny_23_evening_pairing,purchase,1.0
U054,D118,snowy,-3.6,morning,8,5,social,snowy_-4_morning_social,rate,1.2
U012,D074,cloudy,15.0,morning,10,0,pairing,cloudy_15_morning_pairing,view,0.0
U358,D076,sunny,30.7,afternoon,15,3,social,sunny_31_afternoon_social,view,0.0
U008,D092,stormy,12.8,evening,22,2,casual,stormy_13_evening_casual,view,0.0
U186,D060,sunny,29.6,afternoon,16,0,recovery,sunny_30_afternoon_recovery,view,0.0
U357,D041,stormy,12.8,evening,22,2,casual,stormy_13_evening_casual,purchase,1.0
U447,D017,snowy,0.6,afternoon,14,1,social,snowy_1_afternoon_social,view,0.0
U212,D077,cloudy,11.9,morning,7,1,social,cloudy_12_morning_social,view,0.0
U397,D046,snowy,-2.5,morning,7,2,casual,snowy_-2_morning_casual,view,0.0
U082,D115,stormy,16.2,afternoon,17,0,casual,stormy_16_afternoon_casual,view,0.0
U450,D010,cloudy,13.9,afternoon,12,5,casual,cloudy_14_afternoon_casual,view,0.0
U365,D005,rainy,9.4,evening,20,2,business,rainy_9_evening_business,view,0.0
U146,D096,snowy,0.3,morning,7,0,business,snowy_0_morning_business,view,0.0
U341,D026,cloudy,10.4,afternoon,12,0,recovery,cloudy_10_afternoon_recovery,rate,4.4
U461,D033,sunny,26.1,evening,22,1,recovery,sunny_26_evening_recovery,view,0.0
U385,D021,snowy,0.6,afternoon,14,0,pairing,snowy_1_afternoon_pairing,view,0.0
U476,D081,stormy,16.2,afternoon,17,0,casual,stormy_16_afternoon_casual,purchase,1.0
U358,D003,cloudy,19.1,evening,19,6,pairing,cloudy_19_evening_pairing,view,0.0
U165,D074,rainy,13.9,evening,20,3,recovery,rainy_14_evening_recovery,view,0.0
U085,D078,snowy,0.6,afternoon,14,1,social,snowy_1_afternoon_social,view,0.0
U051,D045,rainy,12.4,evening,23,1,recovery,rainy_12_evening_recovery,view,0.0
U449,D113,stormy,16.3,morning,11,5,pairing,stormy_16_morning_pairing,view,0.0
U348,D095,stormy,14.5,evening,23,3,casual,stormy_15_evening_casual,view,0.0
U250,D034,snowy,-3.6,morning,8,5,social,snowy_-4_morning_social,view,0.0
U268,D065,sunny,26.0,afternoon,12,1,casual,sunny_26_afternoon_casual,view,0.0
U222,D057,stormy,10.7,afternoon,12,0,casual,stormy_11_afternoon_casual,view,0.0
U303,D023,snowy,-4.5,afternoon,13,4,social,snowy_-5_afternoon_social,view,0.0
U398,D066,stormy,18.3,morning,8,5,casual,stormy_18_morning_casual,view,0.0
U422,D064,sunny,26.1,evening,22,1,recovery,sunny_26_evening_recovery,view,0.0
U098,D082,cloudy,13.9,afternoon,12,5,casual,cloudy_14_afternoon_casual,view,0.0
U435,D063,sunny,26.1,evening,22,1,recovery,sunny_26_evening_recovery,view,0.0
U166,D097,sunny,30.7,afternoon,15,3,social,sunny_31_afternoon_social,rate,2.2
U106,D051,stormy,10.7,afternoon,12,0,casual,stormy_11_afternoon_casual,rate,1.6
U184,D017,rainy,13.9,evening,20,3,recovery,rainy_14_evening_recovery,view,0.0
U340,D088,stormy,16.2,afternoon,17,0,casual,stormy_16_afternoon_casual,purchase,1.0
U053,D066,rainy,12.4,evening,23,1,recovery,rainy_12_evening_recovery,view,0.0
U043,D112,stormy,18.3,morning,8,5,casual,stormy_18_morning_casual,view,0.0
U249,D023,rainy,12.0,evening,18,0,social,rainy_12_evening_social,view,0.0
U374,D016,stormy,14.5,evening,23,3,casual,stormy_15_evening_casual,view,0.0
U388,D056,cloudy,10.4,afternoon,12,0,recovery,cloudy_10_afternoon_recovery,view,0.0
U195,D027,sunny,21.6,afternoon,17,3,recovery,sunny_22_afternoon_recovery,rate,3.4
U051,D019,sunny,21.0,morning,10,2,recovery,sunny_21_morning_recovery,view,0.0
U092,D042,cloudy,16.7,morning,8,4,business,cloudy_17_morning_business,view,0.0
U001,D005,sunny,22.3,morning,11,4,pairing,sunny_22_morning_pairing,view,0.0
U046,D034,cloudy,18.7,morning,8,3,business,cloudy_19_morning_business,view,0.0
U301,D027,snowy,0.6,afternoon,14,1,social,snowy_1_afternoon_social,view,0.0
U047,D086,snowy,0.3,morning,7,0,business,snowy_0_morning_business,view,0.0
U107,D063,snowy,0.6,afternoon,14,0,pairing,snowy_1_afternoon_pairing,view,0.0
U026,D036,snowy,4.5,afternoon,16,4,social,snowy_5_afternoon_social,view,0.0
U355,D052,snowy,-4.5,afternoon,13,4,social,snowy_-5_afternoon_social,view,0.0
U056,D086,rainy,10.1,morning,9,5,business,rainy_10_morning_business,view,0.0
U471,D078,sunny,30.7,afternoon,15,3,social,sunny_31_afternoon_social,view,0.0
U154,D014,cloudy,14.6,morning,8,4,pairing,cloudy_15_morning_pairing,view,0.0
U407,D110,cloudy,19.7,afternoon,12,3,casual,cloudy_20_afternoon_casual,view,0.0
U493,D018,cloudy,18.2,afternoon,17,1,business,cloudy_18_afternoon_business,view,0.0
U015,D064,cloudy,10.4,afternoon,12,0,recovery,cloudy_10_afternoon_recovery,view,0.0
U028,D074,snowy,-4.2,evening,22,6,business,snowy_-4_evening_business,view,0.0
U231,D086,stormy,15.1,morning,10,6,social,stormy_15_morning_social,view,0.0
U025,D017,rainy,12.4,evening,23,1,recovery,rainy_12_evening_recovery,view,0.0
U068,D010,snowy,-3.6,morning,8,5,social,snowy_-4_morning_social,view,0.0
U146,D111,stormy,12.8,evening,22,2,casual,stormy_13_evening_casual,view,0.0
U034,D111,stormy,14.5,evening,23,3,casual,stormy_15_evening_casual,view,0.0
U236,D083,snowy,-1.7,morning,9,2,celebration,snowy_-2_morning_celebration,view,0.0
U006,D052,stormy,15.1,morning,10,6,social,stormy_15_morning_social,view,0.0
U443,D056,cloudy,14.1,evening,23,6,business,cloudy_14_evening_business,view,0.0
U377,D033,cloudy,16.7,morning,8,4,business,cloudy_17_morning_business,view,0.0
U070,D119,snowy,0.6,afternoon,14,0,pairing,snowy_1_afternoon_pairing,view,0.0
U331,D062,cloudy,13.9,afternoon,12,5,casual,cloudy_14_afternoon_casual,view,0.0
U311,D009,snowy,-3.6,morning,8,5,social,snowy_-4_morning_social,view,0.0
U040,D101,stormy,12.8,evening,22,2,casual,stormy_13_evening_casual,purchase,1.0
U006,D066,sunny,33.7,afternoon,14,3,celebration,sunny_34_afternoon_celebration,rate,4.5
U134,D118,cloudy,18.7,morning,8,3,business,cloudy_19_morning_business,view,0.0
U486,D051,rainy,7.0,afternoon,16,2,social,rainy_7_afternoon_social,view,0.0
U392,D026,cloudy,14.1,evening,23,6,business,cloudy_14_evening_business,view,0.0
U326,D026,rainy,14.4,morning,11,1,recovery,rainy_14_morning_recovery,view,0.0
U225,D020,cloudy,18.7,morning,8,3,business,cloudy_19_morning_business,view,0.0
U001,D090,rainy,10.1,morning,9,5,business,rainy_10_morning_business,view,0.0
U293,D011,stormy,12.8,evening,22,2,casual,stormy_13_evening_casual,view,0.0
U259,D033,cloudy,17.3,afternoon,15,3,recovery,cloudy_17_afternoon_recovery,view,0.0
U010,D005,cloudy,19.1,evening,19,6,pairing,cloudy_19_evening_pairing,view,0.0
U386,D013,stormy,16.3,morning,11,5,pairing,stormy_16_morning_pairing,view,0.0
U321,D063,rainy,11.5,morning,10,0,casual,rainy_12_morning_casual,view,0.0
U265,D075,snowy,-4.5,afternoon,13,4,social,snowy_-5_afternoon_social,view,0.0
U419,D094,sunny,23.4,evening,18,0,pairing,sunny_23_evening_pairing,rate,4.3
U236,D050,rainy,10.1,morning,9,5,business,rainy_10_morning_business,rate,5.0
U418,D076,snowy,-2.5,morning,7,2,casual,snowy_-2_morning_casual,view,0.0
U296,D064,cloudy,16.7,morning,8,4,business,cloudy_17_morning_business,view,0.0
U349,D072,stormy,18.3,morning,8,5,casual,stormy_18_morning_casual,view,0.0
U270,D060,cloudy,13.9,afternoon,12,5,casual,cloudy_14_afternoon_casual,view,0.0
U165,D005,cloudy,19.5,morning,10,1,celebration,cloudy_19_morning_celebration,view,0.0
U410,D062,rainy,14.4,morning,11,1,recovery,rainy_14_morning_recovery,view,0.0
U042,D089,snowy,-2.1,afternoon,16,2,casual,snowy_-2_afternoon_casual,view,0.0
U295,D104,rainy,10.1,morning,9,5,business,rainy_10_morning_business,view,0.0
U125,D038,rainy,9.4,evening,20,2,business,rainy_9_evening_business,view,0.0
U143,D097,cloudy,10.4,afternoon,12,0,recovery,cloudy_10_afternoon_recovery,view,0.0
U495,D119,rainy,7.0,afternoon,16,2,social,rainy_7_afternoon_social,view,0.0
U104,D104,snowy,-4.2,evening,22,6,business,snowy_-4_evening_business,view,0.0
U134,D067,cloudy,14.6,morning,8,4,pairing,cloudy_15_morning_pairing,view,0.0
U042,D064,snowy,-4.5,afternoon,13,4,social,snowy_-5_afternoon_social,view,0.0
U289,D116,cloudy,13.9,afternoon,12,5,casual,cloudy_14_afternoon_casual,view,0.0
U420,D029,cloudy,18.2,afternoon,17,1,business,cloudy_18_afternoon_business,view,0.0
U485,D027,rainy,9.4,evening,20,2,business,rainy_9_evening_business,view,0.0
U086,D066,rainy,13.9,evening,20,3,recovery,rainy_14_evening_recovery,view,0.0
U330,D097,cloudy,18.2,afternoon,17,1,business,cloudy_18_afternoon_business,view,0.0
U303,D100,cloudy,14.1,evening,23,6,business,cloudy_14_evening_business,view,0.0
U184,D015,sunny,21.6,afternoon,17,3,recovery,sunny_22_afternoon_recovery,view,0.0
U157,D047,rainy,14.4,morning,11,1,recovery,rainy_14_morning_recovery,view,0.0
U130,D027,sunny,23.4,evening,18,0,pairing,sunny_23_evening_pairing,view,0.0
U420,D036,stormy,15.1,morning,10,6,social,stormy_15_morning_social,view,0.0
U069,D020,stormy,18.3,morning,8,5,casual,stormy_18_morning_casual,rate,2.4
U134,D072,cloudy,19.1,evening,19,6,pairing,cloudy_19_evening_pairing,view,0.0
U302,D107,snowy,-3.2,morning,9,1,business,snowy_-3_morning_business,rate,1.6
U210,D089,rainy,9.4,evening,20,2,business,rainy_9_evening_business,view,0.0
U316,D043,snowy,-3.2,morning,9,1,business,snowy_-3_morning_business,view,0.0
U496,D068,stormy,16.2,afternoon,17,0,casual,stormy_16_afternoon_casual,rate,3.8
U106,D113,cloudy,11.9,morning,7,1,social,cloudy_12_morning_social,view,0.0
U393,D118,sunny,21.6,afternoon,17,3,recovery,sunny_22_afternoon_recovery,view,0.0
U297,D086,stormy,18.3,morning,8,5,casual,stormy_18_morning_casual,view,0.0
U302,D101,sunny,21.0,morning,10,2,recovery,sunny_21_morning_recovery,view,0.0
U420,D054,cloudy,19.1,evening,19,6,pairing,cloudy_19_evening_pairing,rate,4.5
U055,D115,stormy,16.3,morning,11,5,pairing,stormy_16_morning_pairing,view,0.0
U431,D073,snowy,0.6,afternoon,14,1,social,snowy_1_afternoon_social,view,0.0
U313,D117,stormy,15.1,morning,10,6,social,stormy_15_morning_social,view,0.0
U063,D116,cloudy,10.4,afternoon,12,0,recovery,cloudy_10_afternoon_recovery,view,0.0
U294,D002,cloudy,14.6,morning,8,4,pairing,cloudy_15_morning_pairing,view,0.0
U418,D091,stormy,10.7,afternoon,12,0,casual,stormy_11_afternoon_casual,view,0.0
U443,D108,sunny,30.7,afternoon,15,3,social,sunny_31_afternoon_social,view,0.0
U180,D070,sunny,30.7,afternoon,15,3,social,sunny_31_afternoon_social,view,0.0
U285,D063,cloudy,19.7,afternoon,12,3,casual,cloudy_20_afternoon_casual,view,0.0
U156,D114,sunny,21.0,morning,10,2,recovery,sunny_21_morning_recovery,view,0.0
U337,D084,sunny,22.3,morning,11,4,pairing,sunny_22_morning_pairing,view,0.0
U118,D086,cloudy,11.9,morning,7,1,social,cloudy_12_morning_social,view,0.0
U360,D049,cloudy,14.6,morning,8,4,pairing,cloudy_15_morning_pairing,view,0.0
U141,D094,cloudy,19.1,evening,19,6,pairing,cloudy_19_evening_pairing,view,0.0
U440,D083,cloudy,15.0,morning,10,0,pairing,cloudy_15_morning_pairing,view,0.0
U305,D045,sunny,21.6,afternoon,17,3,recovery,sunny_22_afternoon_recovery,view,0.0
U424,D019,snowy,-2.1,afternoon,16,2,casual,snowy_-2_afternoon_casual,view,0.0
U371,D047,sunny,29.6,afternoon,16,0,recovery,sunny_30_afternoon_recovery,view,0.0
U476,D113,sunny,29.6,afternoon,16,0,recovery,sunny_30_afternoon_recovery,view,0.0
U435,D063,rainy,14.4,morning,11,1,recovery,rainy_14_morning_recovery,view,0.0
U413,D055,snowy,-4.2,evening,22,6,business,snowy_-4_evening_business,view,0.0
U266,D074,cloudy,19.5,morning,10,1,celebration,cloudy_19_morning_celebration,view,0.0
U380,D097,cloudy,19.1,evening,19,6,pairing,cloudy_19_evening_pairing,rate,4.4
U391,D093,stormy,14.5,evening,23,3,casual,stormy_15_evening_casual,view,0.0
U247,D067,sunny,30.7,afternoon,15,3,social,sunny_31_afternoon_social,view,0.0
U255,D072,snowy,0.3,morning,7,0,business,snowy_0_morning_business,view,0.0
U051,D097,cloudy,11.9,morning,7,1,social,cloudy_12_morning_social,view,0.0
U418,D035,cloudy,15.0,morning,10,0,pairing,cloudy_15_morning_pairing,purchase,1.0
U288,D120,rainy,8.4,evening,21,1,casual,rainy_8_evening_casual,view,0.0
U452,D116,rainy,11.5,morning,10,0,casual,rainy_12_morning_casual,view,0.0
U398,D095,snowy,0.6,afternoon,14,0,pairing,snowy_1_afternoon_pairing,view,0.0
U330,D007,rainy,9.4,evening,20,2,business,rainy_9_evening_business,view,0.0
U147,D112,cloudy,19.5,morning,10,1,celebration,cloudy_19_morning_celebration,view,0.0
U188,D082,rainy,7.0,afternoon,16,2,social,rainy_7_afternoon_social,rate,3.5
U011,D106,rainy,7.0,afternoon,16,2,social,rainy_7_afternoon_social,view,0.0
U119,D012,sunny,33.7,afternoon,14,3,celebration,sunny_34_afternoon_celebration,view,0.0
U422,D094,snowy,0.6,afternoon,14,1,social,snowy_1_afternoon_social,view,0.0
U428,D099,cloudy,16.7,morning,8,4,business,cloudy_17_morning_business,view,0.0
U081,D074,cloudy,13.9,afternoon,12,5,casual,cloudy_14_afternoon_casual,view,0.0
U494,D087,cloudy,15.0,morning,10,0,pairing,cloudy_15_morning_pairing,view,0.0
U115,D081,rainy,10.1,morning,9,5,business,rainy_10_morning_business,view,0.0
U450,D109,cloudy,10.4,afternoon,12,0,recovery,cloudy_10_afternoon_recovery,view,0.0
U246,D022,cloudy,19.7,afternoon,12,3,casual,cloudy_20_afternoon_casual,view,0.0
U154,D058,sunny,21.6,afternoon,17,3,recovery,sunny_22_afternoon_recovery,view,0.0
U215,D037,stormy,18.3,morning,8,5,casual,stormy_18_morning_casual,view,0.0
U128,D085,snowy,-1.7,morning,9,2,celebration,snowy_-2_morning_celebration,view,0.0
U422,D034,stormy,10.7,afternoon,12,0,casual,stormy_11_afternoon_casual,view,0.0
U486,D076,cloudy,19.1,evening,19,6,pairing,cloudy_19_evening_pairing,view,0.0
U342,D085,cloudy,12.4,evening,18,6,pairing,cloudy_12_evening_pairing,rate,4.5
U168,D098,snowy,-3.2,morning,9,1,business,snowy_-3_morning_business,view,0.0
U309,D071,rainy,13.9,evening,20,3,recovery,rainy_14_evening_recovery,rate,2.7
U476,D062,rainy,8.4,evening,21,1,casual,rainy_8_evening_casual,view,0.0
U310,D107,snowy,4.5,afternoon,16,4,social,snowy_5_afternoon_social,view,0.0
U292,D115,stormy,15.1,morning,10,6,social,stormy_15_morning_social,view,0.0
U267,D040,stormy,18.3,morning,8,5,casual,stormy_18_morning_casual,view,0.0
U113,D059,snowy,-4.2,evening,22,6,business,snowy_-4_evening_business,view,0.0
U310,D098,snowy,0.3,morning,7,0,business,snowy_0_morning_business,rate,1.5
U312,D033,stormy,12.8,evening,22,2,casual,stormy_13_evening_casual,view,0.0
U467,D099,cloudy,19.7,afternoon,12,3,casual,cloudy_20_afternoon_casual,view,0.0
U365,D107,sunny,26.1,evening,22,1,recovery,sunny_26_evening_recovery,view,0.0
U450,D117,snowy,0.6,afternoon,14,1,social,snowy_1_afternoon_social,view,0.0
U017,D001,cloudy,10.4,afternoon,12,0,recovery,cloudy_10_afternoon_recovery,view,0.0
U104,D042,cloudy,10.4,afternoon,12,0,recovery,cloudy_10_afternoon_recovery,view,0.0
U131,D114,rainy,11.5,morning,10,0,casual,rainy_12_morning_casual,view,0.0
U435,D094,cloudy,18.2,afternoon,17,1,business,cloudy_18_afternoon_business,view,0.0
U275,D101,sunny,26.0,afternoon,12,1,casual,sunny_26_afternoon_casual,view,0.0
U305,D061,stormy,10.7,afternoon,12,0,casual,stormy_11_afternoon_casual,rate,2.8
U303,D012,rainy,12.0,evening,18,0,social,rainy_12_evening_social,view,0.0
U264,D095,sunny,21.0,morning,10,2,recovery,sunny_21_morning_recovery,view,0.0
U485,D118,rainy,12.0,evening,18,0,social,rainy_12_evening_social,view,0.0
U025,D082,cloudy,10.4,afternoon,12,0,recovery,cloudy_10_afternoon_recovery,view,0.0
U059,D026,sunny,22.3,morning,11,4,pairing,sunny_22_morning_pairing,rate,1.2
U266,D016,cloudy,14.6,morning,8,4,pairing,cloudy_15_morning_pairing,purchase,1.0
U282,D085,cloudy,16.7,morning,8,4,business,cloudy_17_morning_business,rate,1.1
U117,D007,snowy,0.6,afternoon,14,1,social,snowy_1_afternoon_social,view,0.0
U328,D114,cloudy,19.1,evening,19,6,pairing,cloudy_19_evening_pairing,view,0.0
U223,D094,snowy,-4.2,evening,22,6,business,snowy_-4_evening_business,view,0.0
U443,D106,snowy,-4.2,evening,22,6,business,snowy_-4_evening_business,view,0.0
U159,D024,snowy,-2.5,morning,7,2,casual,snowy_-2_morning_casual,view,0.0
U301,D098,snowy,-3.6,morning,8,5,social,snowy_-4_morning_social,view,0.0
U424,D090,cloudy,19.1,evening,19,6,pairing,cloudy_19_evening_pairing,view,0.0
U015,D120,cloudy,18.7,morning,8,3,business,cloudy_19_morning_business,view,0.0
U470,D025,rainy,12.4,evening,23,1,recovery,rainy_12_evening_recovery,view,0.0
U016,D109,snowy,-1.7,morning,9,2,celebration,snowy_-2_morning_celebration,view,0.0
U450,D055,snowy,-2.5,morning,7,2,casual,snowy_-2_morning_casual,view,0.0
U414,D119,rainy,12.4,evening,23,1,recovery,rainy_12_evening_recovery,view,0.0
U416,D096,snowy,-2.5,morning,7,2,casual,snowy_-2_morning_casual,view,0.0
U302,D116,sunny,21.6,afternoon,17,3,recovery,sunny_22_afternoon_recovery,view,0.0
U477,D062,sunny,26.0,afternoon,12,1,casual,sunny_26_afternoon_casual,view,0.0
U440,D108,snowy,0.3,morning,7,0,business,snowy_0_morning_business,view,0.0
U414,D025,snowy,-4.2,evening,22,6,business,snowy_-4_evening_business,view,0.0
U065,D094,cloudy,18.7,morning,8,3,business,cloudy_19_morning_business,view,0.0
U142,D120,cloudy,13.9,afternoon,12,5,casual,cloudy_14_afternoon_casual,view,0.0
U146,D062,rainy,11.5,morning,10,0,casual,rainy_12_morning_casual,view,0.0
U193,D053,rainy,8.4,evening,21,1,casual,rainy_8_evening_casual,view,0.0
U399,D049,sunny,30.7,afternoon,15,3,social,sunny_31_afternoon_social,view,0.0
U187,D037,rainy,11.5,morning,10,0,casual,rainy_12_morning_casual,view,0.0
U198,D039,rainy,8.4,evening,21,1,casual,rainy_8_evening_casual,view,0.0
U062,D077,sunny,26.1,evening,22,1,recovery,sunny_26_evening_recovery,view,0.0
U052,D004,stormy,14.5,evening,23,3,casual,stormy_15_evening_casual,rate,3.6
U373,D115,cloudy,14.1,evening,23,6,business,cloudy_14_evening_business,view,0.0
U107,D098,stormy,15.1,morning,10,6,social,stormy_15_morning_social,view,0.0
U259,D120,cloudy,17.3,afternoon,15,3,recovery,cloudy_17_afternoon_recovery,view,0.0
U054,D047,cloudy,19.1,evening,19,6,pairing,cloudy_19_evening_pairing,view,0.0
U099,D020,cloudy,18.7,morning,8,3,business,cloudy_19_morning_business,view,0.0
U490,D035,sunny,29.6,afternoon,16,0,recovery,sunny_30_afternoon_recovery,view,0.0
U145,D088,snowy,-3.6,morning,8,5,social,snowy_-4_morning_social,view,0.0
U486,D013,snowy,0.3,morning,7,0,business,snowy_0_morning_business,view,0.0
U068,D014,rainy,11.5,morning,10,0,casual,rainy_12_morning_casual,view,0.0
U105,D056,snowy,-3.6,morning,8,5,social,snowy_-4_morning_social,view,0.0
U029,D009,snowy,-3.6,morning,8,5,social,snowy_-4_morning_social,rate,4.4
U009,D079,stormy,16.3,morning,11,5,pairing,stormy_16_morning_pairing,rate,3.9
U226,D088,snowy,-4.5,afternoon,13,4,social,snowy_-5_afternoon_social,view,0.0
U251,D005,snowy,0.6,afternoon,14,0,pairing,snowy_1_afternoon_pairing,view,0.0
U454,D037,snowy,0.6,afternoon,14,0,pairing,snowy_1_afternoon_pairing,view,0.0
U453,D077,stormy,10.7,afternoon,12,0,casual,stormy_11_afternoon_casual,view,0.0
U301,D096,sunny,21.6,afternoon,17,3,recovery,sunny_22_afternoon_recovery,rate,3.3
U040,D098,stormy,16.3,morning,11,5,pairing,stormy_16_morning_pairing,view,0.0
U237,D033,cloudy,17.3,afternoon,15,3,recovery,cloudy_17_afternoon_recovery,view,0.0
U336,D040,cloudy,11.9,morning,7,1,social,cloudy_12_morning_social,view,0.0
U059,D048,sunny,22.3,morning,11,4,pairing,sunny_22_morning_pairing,view,0.0
U045,D089,snowy,-1.7,morning,9,2,celebration,snowy_-2_morning_celebration,view,0.0
U155,D038,cloudy,14.6,morning,8,4,pairing,cloudy_15_morning_pairing,view,0.0
U045,D058,sunny,23.4,evening,18,0,pairing,sunny_23_evening_pairing,view,0.0
U394,D032,cloudy,19.7,afternoon,12,3,casual,cloudy_20_afternoon_casual,view,0.0
U039,D031,snowy,-2.1,afternoon,16,2,casual,snowy_-2_afternoon_casual,view,0.0
U206,D077,sunny,21.6,afternoon,17,3,recovery,sunny_22_afternoon_recovery,view,0.0
U450,D096,rainy,12.4,evening,23,1,recovery,rainy_12_evening_recovery,view,0.0
U113,D105,stormy,10.7,afternoon,12,0,casual,stormy_11_afternoon_casual,view,0.0
U354,D060,sunny,30.7,afternoon,15,3,social,sunny_31_afternoon_social,view,0.0
U496,D070,cloudy,19.5,morning,10,1,celebration,cloudy_19_morning_celebration,view,0.0
U074,D105,cloudy,15.0,morning,10,0,pairing,cloudy_15_morning_pairing,view,0.0
U412,D060,snowy,-4.5,afternoon,13,4,social,snowy_-5_afternoon_social,rate,1.4
U196,D020,cloudy,15.0,morning,10,0,pairing,cloudy_15_morning_pairing,view,0.0
U324,D091,stormy,10.7,afternoon,12,0,casual,stormy_11_afternoon_casual,view,0.0
U401,D010,snowy,4.5,afternoon,16,4,social,snowy_5_afternoon_social,view,0.0
U120,D082,sunny,29.6,afternoon,16,0,recovery,sunny_30_afternoon_recovery,purchase,1.0
U175,D029,snowy,-3.2,morning,9,1,business,snowy_-3_morning_business,view,0.0
U227,D052,snowy,-3.2,morning,9,1,business,snowy_-3_morning_business,view,0.0
U395,D033,cloudy,17.3,afternoon,15,3,recovery,cloudy_17_afternoon_recovery,view,0.0
U416,D051,stormy,18.3,morning,8,5,casual,stormy_18_morning_casual,view,0.0
U026,D098,rainy,8.4,evening,21,1,casual,rainy_8_evening_casual,view,0.0
U004,D081,snowy,-2.5,morning,7,2,casual,snowy_-2_morning_casual,view,0.0
U039,D015,sunny,21.6,afternoon,17,3,recovery,sunny_22_afternoon_recovery,view,0.0
U372,D032,rainy,7.0,afternoon,16,2,social,rainy_7_afternoon_social,view,0.0
U084,D022,stormy,18.3,morning,8,5,casual,stormy_18_morning_casual,view,0.0
U337,D108,cloudy,11.9,morning,7,1,social,cloudy_12_morning_social,view,0.0
U303,D080,rainy,11.5,morning,10,0,casual,rainy_12_morning_casual,view,0.0
U262,D019,stormy,16.2,afternoon,17,0,casual,stormy_16_afternoon_casual,purchase,1.0
U257,D058,cloudy,18.2,afternoon,17,1,business,cloudy_18_afternoon_business,view,0.0
U445,D035,cloudy,18.7,morning,8,3,business,cloudy_19_morning_business,view,0.0
U012,D018,snowy,-4.5,afternoon,13,4,social,snowy_-5_afternoon_social,view,0.0
U027,D072,rainy,8.4,evening,21,1,casual,rainy_8_evening_casual,view,0.0
U093,D053,stormy,14.5,evening,23,3,casual,stormy_15_evening_casual,view,0.0
U174,D050,cloudy,14.6,morning,8,4,pairing,cloudy_15_morning_pairing,view,0.0
U448,D044,sunny,30.7,afternoon,15,3,social,sunny_31_afternoon_social,rate,3.5
U046,D015,cloudy,10.4,afternoon,12,0,recovery,cloudy_10_afternoon_recovery,view,0.0
U455,D017,sunny,26.0,afternoon,12,1,casual,sunny_26_afternoon_casual,view,0.0
U009,D038,snowy,0.6,afternoon,14,0,pairing,snowy_1_afternoon_pairing,view,0.0
U319,D086,rainy,7.0,afternoon,16,2,social,rainy_7_afternoon_social,view,0.0
U395,D064,rainy,12.4,evening,23,1,recovery,rainy_12_evening_recovery,view,0.0
U277,D018,cloudy,13.9,afternoon,12,5,casual,cloudy_14_afternoon_casual,view,0.0
U366,D111,sunny,23.4,evening,18,0,pairing,sunny_23_evening_pairing,view,0.0
U011,D045,cloudy,10.4,afternoon,12,0,recovery,cloudy_10_afternoon_recovery,view,0.0
U102,D041,stormy,14.5,evening,23,3,casual,stormy_15_evening_casual,view,0.0
U179,D088,sunny,22.3,morning,11,4,pairing,sunny_22_morning_pairing,view,0.0
U377,D046,cloudy,15.0,morning,10,0,pairing,cloudy_15_morning_pairing,view,0.0
U310,D086,cloudy,11.9,morning,7,1,social,cloudy_12_morning_social,view,0.0
U202,D040,cloudy,15.0,morning,10,0,pairing,cloudy_15_morning_pairing,rate,1.3
U225,D033,sunny,22.3,morning,11,4,pairing,sunny_22_morning_pairing,view,0.0
U417,D077,stormy,15.1,morning,10,6,social,stormy_15_morning_social,view,0.0
U194,D038,snowy,-4.2,evening,22,6,business,snowy_-4_evening_business,view,0.0
U122,D114,snowy,-4.5,afternoon,13,4,social,snowy_-5_afternoon_social,view,0.0
U375,D044,cloudy,18.7,morning,8,3,business,cloudy_19_morning_business,rate,1.5
U123,D006,snowy,0.6,afternoon,14,1,social,snowy_1_afternoon_social,rate,1.2
U416,D041,sunny,29.6,afternoon,16,0,recovery,sunny_30_afternoon_recovery,rate,4.8
U348,D062,sunny,33.7,afternoon,14,3,celebration,sunny_34_afternoon_celebration,view,0.0
U251,D007,stormy,18.3,morning,8,5,casual,stormy_18_morning_casual,view,0.0
U388,D006,cloudy,16.7,morning,8,4,business,cloudy_17_morning_business,view,0.0
U003,D041,snowy,-1.7,morning,9,2,celebration,snowy_-2_morning_celebration,view,0.0
U466,D118,snowy,-3.2,morning,9,1,business,snowy_-3_morning_business,view,0.0
U397,D025,cloudy,14.1,evening,23,6,business,cloudy_14_evening_business,view,0.0
U147,D055,rainy,8.4,evening,21,1,casual,rainy_8_evening_casual,view,0.0
U392,D093,cloudy,15.0,morning,10,0,pairing,cloudy_15_morning_pairing,view,0.0
U082,D070,snowy,-2.1,afternoon,16,2,casual,snowy_-2_afternoon_casual,view,0.0
U037,D096,sunny,22.3,morning,11,4,pairing,sunny_22_morning_pairing,view,0.0
U412,D074,snowy,-2.5,morning,7,2,casual,snowy_-2_morning_casual,view,0.0
U438,D063,snowy,-4.5,afternoon,13,4,social,snowy_-5_afternoon_social,view,0.0
U332,D049,cloudy,13.9,afternoon,12,5,casual,cloudy_14_afternoon_casual,rate,2.7
U024,D020,rainy,11.5,morning,10,0,casual,rainy_12_morning_casual,view,0.0
U364,D020,sunny,30.7,afternoon,15,3,social,sunny_31_afternoon_social,view,0.0
U435,D096,sunny,22.3,morning,11,4,pairing,sunny_22_morning_pairing,view,0.0
U117,D098,stormy,12.8,evening,22,2,casual,stormy_13_evening_casual,view,0.0
U418,D036,cloudy,17.3,afternoon,15,3,recovery,cloudy_17_afternoon_recovery,view,0.0
U243,D115,snowy,-3.2,morning,9,1,business,snowy_-3_morning_business,view,0.0
U018,D040,sunny,21.0,morning,10,2,recovery,sunny_21_morning_recovery,view,0.0
U355,D026,stormy,14.5,evening,23,3,casual,stormy_15_evening_casual,view,0.0
U478,D087,snowy,-1.7,morning,9,2,celebration,snowy_-2_morning_celebration,view,0.0
U334,D002,rainy,11.5,morning,10,0,casual,rainy_12_morning_casual,view,0.0
U493,D041,snowy,0.3,morning,7,0,business,snowy_0_morning_business,view,0.0
U231,D089,sunny,33.7,afternoon,14,3,celebration,sunny_34_afternoon_celebration,view,0.0
U326,D017,cloudy,10.4,afternoon,12,0,recovery,cloudy_10_afternoon_recovery,rate,2.0
U229,D005,snowy,4.5,afternoon,16,4,social,snowy_5_afternoon_social,view,0.0
U440,D036,cloudy,14.1,evening,23,6,business,cloudy_14_evening_business,view,0.0
U287,D011,rainy,13.9,evening,20,3,recovery,rainy_14_evening_recovery,view,0.0
U270,D080,rainy,13.9,evening,20,3,recovery,rainy_14_evening_recovery,view,0.0
U332,D094,sunny,22.3,morning,11,4,pairing,sunny_22_morning_pairing,view,0.0
U276,D008,cloudy,19.7,afternoon,12,3,casual,cloudy_20_afternoon_casual,rate,2.0
U374,D084,cloudy,11.9,morning,7,1,social,cloudy_12_morning_social,view,0.0
U421,D047,rainy,11.5,morning,10,0,casual,rainy_12_morning_casual,view,0.0
U305,D113,sunny,26.0,afternoon,12,1,casual,sunny_26_afternoon_casual,view,0.0
U367,D079,cloudy,17.3,afternoon,15,3,recovery,cloudy_17_afternoon_recovery,view,0.0
U445,D020,sunny,29.6,afternoon,16,0,recovery,sunny_30_afternoon_recovery,purchase,1.0
U457,D037,sunny,33.7,afternoon,14,3,celebration,sunny_34_afternoon_celebration,view,0.0
U001,D119,snowy,-2.5,morning,7,2,casual,snowy_-2_morning_casual,view,0.0
U245,D059,stormy,16.2,afternoon,17,0,casual,stormy_16_afternoon_casual,view,0.0
U179,D078,snowy,-3.2,morning,9,1,business,snowy_-3_morning_business,view,0.0
U181,D114,sunny,30.7,afternoon,15,3,social,sunny_31_afternoon_social,view,0.0
U126,D098,cloudy,10.4,afternoon,12,0,recovery,cloudy_10_afternoon_recovery,view,0.0
U185,D039,sunny,23.4,evening,18,0,pairing,sunny_23_evening_pairing,view,0.0
U427,D050,cloudy,19.1,evening,19,6,pairing,cloudy_19_evening_pairing,view,0.0
U340,D023,cloudy,14.1,evening,23,6,business,cloudy_14_evening_business,view,0.0
U434,D106,stormy,14.5,evening,23,3,casual,stormy_15_evening_casual,rate,1.4
U264,D029,cloudy,15.0,morning,10,0,pairing,cloudy_15_morning_pairing,view,0.0
U495,D086,snowy,0.3,morning,7,0,business,snowy_0_morning_business,view,0.0
U311,D119,stormy,15.1,morning,10,6,social,stormy_15_morning_social,view,0.0
U414,D114,snowy,-2.1,afternoon,16,2,casual,snowy_-2_afternoon_casual,view,0.0
U136,D047,stormy,16.3,morning,11,5,pairing,stormy_16_morning_pairing,view,0.0
U475,D072,cloudy,10.4,afternoon,12,0,recovery,cloudy_10_afternoon_recovery,view,0.0
U289,D001,cloudy,19.5,morning,10,1,celebration,cloudy_19_morning_celebration,rate,4.3
U304,D069,sunny,22.3,morning,11,4,pairing,sunny_22_morning_pairing,view,0.0
U220,D066,sunny,29.6,afternoon,16,0,recovery,sunny_30_afternoon_recovery,view,0.0
U063,D073,rainy,9.4,evening,20,2,business,rainy_9_evening_business,view,0.0
U176,D013,snowy,0.6,afternoon,14,1,social,snowy_1_afternoon_social,view,0.0
U159,D105,stormy,18.3,morning,8,5,casual,stormy_18_morning_casual,view,0.0
U381,D102,rainy,8.4,evening,21,1,casual,rainy_8_evening_casual,rate,2.8
U482,D082,rainy,12.4,evening,23,1,recovery,rainy_12_evening_recovery,view,0.0
U339,D109,stormy,18.3,morning,8,5,casual,stormy_18_morning_casual,view,0.0
U310,D071,cloudy,10.4,afternoon,12,0,recovery,cloudy_10_afternoon_recovery,view,0.0
U065,D076,cloudy,14.6,morning,8,4,pairing,cloudy_15_morning_pairing,view,0.0
U403,D060,sunny,21.6,afternoon,17,3,recovery,sunny_22_afternoon_recovery,view,0.0
U305,D096,cloudy,18.7,morning,8,3,business,cloudy_19_morning_business,view,0.0
U102,D090,stormy,18.3,morning,8,5,casual,stormy_18_morning_casual,view,0.0
U110,D078,rainy,13.9,evening,20,3,recovery,rainy_14_evening_recovery,view,0.0
U265,D003,sunny,21.0,morning,10,2,recovery,sunny_21_morning_recovery,view,0.0
U304,D066,cloudy,17.3,afternoon,15,3,recovery,cloudy_17_afternoon_recovery,rate,4.3
U153,D012,stormy,16.2,afternoon,17,0,casual,stormy_16_afternoon_casual,view,0.0
U293,D079,sunny,26.0,afternoon,12,1,casual,sunny_26_afternoon_casual,view,0.0
U043,D048,cloudy,19.1,evening,19,6,pairing,cloudy_19_evening_pairing,view,0.0
U498,D108,cloudy,19.7,afternoon,12,3,casual,cloudy_20_afternoon_casual,view,0.0
U407,D107,rainy,12.0,evening,18,0,social,rainy_12_evening_social,view,0.0
U124,D015,cloudy,10.4,afternoon,12,0,recovery,cloudy_10_afternoon_recovery,view,0.0
U051,D015,rainy,14.4,morning,11,1,recovery,rainy_14_morning_recovery,rate,2.4
U290,D078,rainy,14.4,morning,11,1,recovery,rainy_14_morning_recovery,view,0.0
U052,D110,cloudy,12.4,evening,18,6,pairing,cloudy_12_evening_pairing,rate,3.1
U136,D016,snowy,-1.7,morning,9,2,celebration,snowy_-2_morning_celebration,view,0.0
U146,D002,cloudy,18.7,morning,8,3,business,cloudy_19_morning_business,rate,4.3
U350,D075,cloudy,14.6,morning,8,4,pairing,cloudy_15_morning_pairing,view,0.0
U074,D039,rainy,12.4,evening,23,1,recovery,rainy_12_evening_recovery,view,0.0
U447,D056,cloudy,18.7,morning,8,3,business,cloudy_19_morning_business,view,0.0
U298,D056,stormy,12.8,evening,22,2,casual,stormy_13_evening_casual,view,0.0
U374,D007,snowy,4.5,afternoon,16,4,social,snowy_5_afternoon_social,view,0.0
U173,D106,snowy,0.3,morning,7,0,business,snowy_0_morning_business,rate,3.4
U118,D021,cloudy,16.7,morning,8,4,business,cloudy_17_morning_business,view,0.0
U026,D009,snowy,-4.5,afternoon,13,4,social,snowy_-5_afternoon_social,view,0.0
U378,D042,stormy,14.5,evening,23,3,casual,stormy_15_evening_casual,view,0.0
U049,D026,cloudy,12.4,evening,18,6,pairing,cloudy_12_evening_pairing,view,0.0
U050,D024,cloudy,19.5,morning,10,1,celebration,cloudy_19_morning_celebration,view,0.0
U167,D074,cloudy,10.4,afternoon,12,0,recovery,cloudy_10_afternoon_recovery,view,0.0
U164,D074,rainy,9.4,evening,20,2,business,rainy_9_evening_business,view,0.0
U069,D047,cloudy,18.7,morning,8,3,business,cloudy_19_morning_business,view,0.0
U226,D033,sunny,21.0,morning,10,2,recovery,sunny_21_morning_recovery,view,0.0
U432,D037,snowy,-4.5,afternoon,13,4,social,snowy_-5_afternoon_social,view,0.0
U455,D032,stormy,18.3,morning,8,5,casual,stormy_18_morning_casual,view,0.0
U078,D077,cloudy,10.4,afternoon,12,0,recovery,cloudy_10_afternoon_recovery,purchase,1.0
U291,D007,sunny,21.0,morning,10,2,recovery,sunny_21_morning_recovery,view,0.0
U042,D118,snowy,-4.2,evening,22,6,business,snowy_-4_evening_business,view,0.0
U459,D103,sunny,30.7,afternoon,15,3,social,sunny_31_afternoon_social,view,0.0
U019,D068,stormy,15.1,morning,10,6,social,stormy_15_morning_social,view,0.0
U288,D039,cloudy,14.1,evening,23,6,business,cloudy_14_evening_business,view,0.0
U232,D101,rainy,9.4,evening,20,2,business,rainy_9_evening_business,view,0.0
U073,D008,rainy,9.4,evening,20,2,business,rainy_9_evening_business,view,0.0
U425,D103,rainy,14.4,morning,11,1,recovery,rainy_14_morning_recovery,view,0.0
U316,D002,stormy,16.2,afternoon,17,0,casual,stormy_16_afternoon_casual,view,0.0
U160,D021,stormy,14.5,evening,23,3,casual,stormy_15_evening_casual,view,0.0
U050,D067,sunny,26.0,afternoon,12,1,casual,sunny_26_afternoon_casual,view,0.0
U259,D086,cloudy,17.3,afternoon,15,3,recovery,cloudy_17_afternoon_recovery,view,0.0
U172,D002,cloudy,18.2,afternoon,17,1,business,cloudy_18_afternoon_business,view,0.0
U354,D087,cloudy,13.9,afternoon,12,5,casual,cloudy_14_afternoon_casual,view,0.0
U150,D044,stormy,12.8,evening,22,2,casual,stormy_13_evening_casual,rate,3.5
U303,D055,rainy,12.0,evening,18,0,social,rainy_12_evening_social,view,0.0
U158,D055,rainy,12.0,evening,18,0,social,rainy_12_evening_social,view,0.0
U400,D012,stormy,14.5,evening,23,3,casual,stormy_15_evening_casual,view,0.0
U144,D030,cloudy,14.1,evening,23,6,business,cloudy_14_evening_business,view,0.0
U115,D104,stormy,16.2,afternoon,17,0,casual,stormy_16_afternoon_casual,view,0.0
U248,D108,snowy,4.5,afternoon,16,4,social,snowy_5_afternoon_social,view,0.0
U149,D084,cloudy,17.3,afternoon,15,3,recovery,cloudy_17_afternoon_recovery,view,0.0
U456,D103,cloudy,15.0,morning,10,0,pairing,cloudy_15_morning_pairing,view,0.0
U272,D076,cloudy,18.2,afternoon,17,1,business,cloudy_18_afternoon_business,view,0.0
U142,D036,rainy,9.4,evening,20,2,business,rainy_9_evening_business,view,0.0
U237,D066,sunny,22.3,morning,11,4,pairing,sunny_22_morning_pairing,view,0.0
U475,D073,snowy,4.5,afternoon,16,4,social,snowy_5_afternoon_social,view,0.0
U180,D062,cloudy,19.1,evening,19,6,pairing,cloudy_19_evening_pairing,rate,4.5
U262,D035,cloudy,16.7,morning,8,4,business,cloudy_17_morning_business,view,0.0
U342,D060,rainy,11.5,morning,10,0,casual,rainy_12_morning_casual,view,0.0
U012,D111,cloudy,18.7,morning,8,3,business,cloudy_19_morning_business,view,0.0
U082,D045,snowy,-2.5,morning,7,2,casual,snowy_-2_morning_casual,view,0.0
U490,D030,rainy,10.1,morning,9,5,business,rainy_10_morning_business,view,0.0
U336,D007,rainy,10.1,morning,9,5,business,rainy_10_morning_business,view,0.0
U405,D035,rainy,7.0,afternoon,16,2,social,rainy_7_afternoon_social,view,0.0
U419,D082,rainy,10.1,morning,9,5,business,rainy_10_morning_business,rate,3.6
U025,D066,cloudy,10.4,afternoon,12,0,recovery,cloudy_10_afternoon_recovery,view,0.0
U289,D036,sunny,23.4,evening,18,0,pairing,sunny_23_evening_pairing,view,0.0
U110,D080,rainy,8.4,evening,21,1,casual,rainy_8_evening_casual,view,0.0
U387,D099,sunny,22.3,morning,11,4,pairing,sunny_22_morning_pairing,view,0.0
U141,D117,sunny,26.1,evening,22,1,recovery,sunny_26_evening_recovery,view,0.0
U482,D068,cloudy,10.4,afternoon,12,0,recovery,cloudy_10_afternoon_recovery,view,0.0
U173,D060,snowy,-3.2,morning,9,1,business,snowy_-3_morning_business,rate,2.7
U141,D031,rainy,10.1,morning,9,5,business,rainy_10_morning_business,view,0.0
U477,D060,cloudy,17.3,afternoon,15,3,recovery,cloudy_17_afternoon_recovery,view,0.0
U043,D002,cloudy,19.1,evening,19,6,pairing,cloudy_19_evening_pairing,view,0.0
U499,D005,cloudy,19.5,morning,10,1,celebration,cloudy_19_morning_celebration,view,0.0
U345,D002,stormy,18.3,morning,8,5,casual,stormy_18_morning_casual,view,0.0
U415,D056,snowy,-4.5,afternoon,13,4,social,snowy_-5_afternoon_social,purchase,1.0
U083,D009,snowy,-2.5,morning,7,2,casual,snowy_-2_morning_casual,view,0.0
U156,D062,rainy,8.4,evening,21,1,casual,rainy_8_evening_casual,view,0.0
U080,D016,rainy,9.4,evening,20,2,business,rainy_9_evening_business,view,0.0
U103,D040,stormy,10.7,afternoon,12,0,casual,stormy_11_afternoon_casual,view,0.0
U380,D052,sunny,21.6,afternoon,17,3,recovery,sunny_22_afternoon_recovery,view,0.0
U124,D038,snowy,-4.2,evening,22,6,business,snowy_-4_evening_business,view,0.0
U485,D116,snowy,-2.5,morning,7,2,casual,snowy_-2_morning_casual,view,0.0
U092,D086,rainy,10.1,morning,9,5,business,rainy_10_morning_business,view,0.0
U086,D005,rainy,7.0,afternoon,16,2,social,rainy_7_afternoon_social,view,0.0
U405,D118,cloudy,18.2,afternoon,17,1,business,cloudy_18_afternoon_business,view,0.0
U138,D087,snowy,-4.2,evening,22,6,business,snowy_-4_evening_business,view,0.0
U013,D085,stormy,15.1,morning,10,6,social,stormy_15_morning_social,view,0.0
U213,D053,snowy,-2.1,afternoon,16,2,casual,snowy_-2_afternoon_casual,view,0.0
U160,D036,stormy,10.7,afternoon,12,0,casual,stormy_11_afternoon_casual,view,0.0
U188,D011,sunny,21.0,morning,10,2,recovery,sunny_21_morning_recovery,view,0.0
U183,D117,stormy,15.1,morning,10,6,social,stormy_15_morning_social,view,0.0
U034,D052,snowy,0.6,afternoon,14,0,pairing,snowy_1_afternoon_pairing,view,0.0
U232,D099,sunny,22.3,morning,11,4,pairing,sunny_22_morning_pairing,view,0.0
U413,D038,snowy,-1.7,morning,9,2,celebration,snowy_-2_morning_celebration,view,0.0
U397,D113,sunny,22.3,morning,11,4,pairing,sunny_22_morning_pairing,view,0.0
U120,D009,sunny,22.3,morning,11,4,pairing,sunny_22_morning_pairing,view,0.0
U060,D048,sunny,21.6,afternoon,17,3,recovery,sunny_22_afternoon_recovery,view,0.0
U242,D058,stormy,16.3,morning,11,5,pairing,stormy_16_morning_pairing,view,0.0
U203,D119,sunny,26.1,evening,22,1,recovery,sunny_26_evening_recovery,view,0.0
U214,D072,cloudy,18.7,morning,8,3,business,cloudy_19_morning_business,view,0.0
U444,D087,sunny,30.7,afternoon,15,3,social,sunny_31_afternoon_social,view,0.0
U069,D032,sunny,26.0,afternoon,12,1,casual,sunny_26_afternoon_casual,view,0.0
U101,D008,rainy,12.4,evening,23,1,recovery,rainy_12_evening_recovery,view,0.0
U087,D043,snowy,4.5,afternoon,16,4,social,snowy_5_afternoon_social,view,0.0
U408,D099,sunny,30.7,afternoon,15,3,social,sunny_31_afternoon_social,view,0.0
U148,D021,stormy,16.3,morning,11,5,pairing,stormy_16_morning_pairing,view,0.0
U366,D100,stormy,18.3,morning,8,5,casual,stormy_18_morning_casual,rate,4.8
U499,D028,cloudy,19.7,afternoon,12,3,casual,cloudy_20_afternoon_casual,view,0.0
U261,D094,cloudy,15.0,morning,10,0,pairing,cloudy_15_morning_pairing,view,0.0
U138,D038,snowy,0.3,morning,7,0,business,snowy_0_morning_business,view,0.0
U220,D081,sunny,23.4,evening,18,0,pairing,sunny_23_evening_pairing,view,0.0
U360,D025,snowy,0.6,afternoon,14,1,social,snowy_1_afternoon_social,view,0.0
U434,D067,cloudy,18.7,morning,8,3,business,cloudy_19_morning_business,view,0.0
U324,D078,sunny,22.3,morning,11,4,pairing,sunny_22_morning_pairing,view,0.0
U378,D119,sunny,29.6,afternoon,16,0,recovery,sunny_30_afternoon_recovery,view,0.0
U164,D012,cloudy,12.4,evening,18,6,pairing,cloudy_12_evening_pairing,rate,3.4
U181,D032,sunny,23.4,evening,18,0,pairing,sunny_23_evening_pairing,view,0.0
U288,D098,stormy,18.3,morning,8,5,casual,stormy_18_morning_casual,view,0.0
U273,D040,snowy,-2.1,afternoon,16,2,casual,snowy_-2_afternoon_casual,view,0.0
U153,D104,rainy,10.1,morning,9,5,business,rainy_10_morning_business,view,0.0
U473,D114,cloudy,16.7,morning,8,4,business,cloudy_17_morning_business,view,0.0
U468,D085,sunny,26.0,afternoon,12,1,casual,sunny_26_afternoon_casual,view,0.0
U174,D113,sunny,21.0,morning,10,2,recovery,sunny_21_morning_recovery,view,0.0
U032,D094,snowy,-4.2,evening,22,6,business,snowy_-4_evening_business,view,0.0
U233,D047,snowy,-2.1,afternoon,16,2,casual,snowy_-2_afternoon_casual,view,0.0
U149,D008,rainy,8.4,evening,21,1,casual,rainy_8_evening_casual,view,0.0
U135,D023,sunny,26.0,afternoon,12,1,casual,sunny_26_afternoon_casual,view,0.0
U256,D086,cloudy,16.7,morning,8,4,business,cloudy_17_morning_business,purchase,1.0
U022,D092,sunny,21.6,afternoon,17,3,recovery,sunny_22_afternoon_recovery,view,0.0
U258,D029,sunny,21.0,morning,10,2,recovery,sunny_21_morning_recovery,view,0.0
U283,D050,sunny,23.4,evening,18,0,pairing,sunny_23_evening_pairing,view,0.0
U407,D088,sunny,26.0,afternoon,12,1,casual,sunny_26_afternoon_casual,view,0.0
U171,D037,rainy,9.4,evening,20,2,business,rainy_9_evening_business,view,0.0
U191,D118,cloudy,19.5,morning,10,1,celebration,cloudy_19_morning_celebration,view,0.0
U030,D039,sunny,26.0,afternoon,12,1,casual,sunny_26_afternoon_casual,view,0.0
U128,D101,snowy,0.3,morning,7,0,business,snowy_0_morning_business,view,0.0
U186,D016,stormy,14.5,evening,23,3,casual,stormy_15_evening_casual,view,0.0
U261,D003,snowy,4.5,afternoon,16,4,social,snowy_5_afternoon_social,view,0.0
U483,D096,snowy,-1.7,morning,9,2,celebration,snowy_-2_morning_celebration,view,0.0
U473,D010,sunny,21.0,morning,10,2,recovery,sunny_21_morning_recovery,view,0.0
U231,D091,cloudy,12.4,evening,18,6,pairing,cloudy_12_evening_pairing,view,0.0
U112,D013,snowy,0.6,afternoon,14,1,social,snowy_1_afternoon_social,view,0.0
U086,D106,stormy,15.1,morning,10,6,social,stormy_15_morning_social,view,0.0
U012,D081,rainy,10.1,morning,9,5,business,rainy_10_morning_business,view,0.0
U418,D053,sunny,33.7,afternoon,14,3,celebration,sunny_34_afternoon_celebration,view,0.0
U243,D095,cloudy,17.3,afternoon,15,3,recovery,cloudy_17_afternoon_recovery,view,0.0
U101,D058,rainy,14.4,morning,11,1,recovery,rainy_14_morning_recovery,view,0.0
U132,D020,rainy,13.9,evening,20,3,recovery,rainy_14_evening_recovery,view,0.0
U227,D026,rainy,11.5,morning,10,0,casual,rainy_12_morning_casual,view,0.0
U310,D104,snowy,-4.2,evening,22,6,business,snowy_-4_evening_business,view,0.0
U038,D046,rainy,14.4,morning,11,1,recovery,rainy_14_morning_recovery,view,0.0
U429,D020,stormy,10.7,afternoon,12,0,casual,stormy_11_afternoon_casual,view,0.0
U004,D093,rainy,10.1,morning,9,5,business,rainy_10_morning_business,view,0.0
U229,D080,rainy,14.4,morning,11,1,recovery,rainy_14_morning_recovery,view,0.0
U024,D034,cloudy,13.9,afternoon,12,5,casual,cloudy_14_afternoon_casual,view,0.0
U159,D060,cloudy,19.5,morning,10,1,celebration,cloudy_19_morning_celebration,view,0.0
U366,D083,cloudy,16.7,morning,8,4,business,cloudy_17_morning_business,view,0.0
U076,D030,cloudy,18.2,afternoon,17,1,business,cloudy_18_afternoon_business,view,0.0
U356,D064,cloudy,19.5,morning,10,1,celebration,cloudy_19_morning_celebration,view,0.0
U228,D094,cloudy,18.7,morning,8,3,business,cloudy_19_morning_business,view,0.0
U146,D063,cloudy,18.7,morning,8,3,business,cloudy_19_morning_business,view,0.0
U251,D047,stormy,18.3,morning,8,5,casual,stormy_18_morning_casual,view,0.0
U118,D045,rainy,9.4,evening,20,2,business,rainy_9_evening_business,view,0.0
U260,D020,snowy,0.6,afternoon,14,0,pairing,snowy_1_afternoon_pairing,view,0.0
U399,D070,snowy,0.3,morning,7,0,business,snowy_0_morning_business,view,0.0
U075,D103,snowy,0.6,afternoon,14,1,social,snowy_1_afternoon_social,rate,1.8
U500,D061,rainy,13.9,evening,20,3,recovery,rainy_14_evening_recovery,view,0.0
U461,D107,cloudy,18.7,morning,8,3,business,cloudy_19_morning_business,view,0.0
U118,D109,cloudy,17.3,afternoon,15,3,recovery,cloudy_17_afternoon_recovery,view,0.0
U365,D051,cloudy,19.5,morning,10,1,celebration,cloudy_19_morning_celebration,view,0.0
U302,D026,stormy,16.2,afternoon,17,0,casual,stormy_16_afternoon_casual,view,0.0
U421,D084,cloudy,18.7,morning,8,3,business,cloudy_19_morning_business,view,0.0
U192,D005,stormy,12.8,evening,22,2,casual,stormy_13_evening_casual,view,0.0
U260,D103,snowy,-4.2,evening,22,6,business,snowy_-4_evening_business,view,0.0
U129,D024,stormy,12.8,evening,22,2,casual,stormy_13_evening_casual,view,0.0
U182,D046,sunny,26.0,afternoon,12,1,casual,sunny_26_afternoon_casual,view,0.0
U031,D084,sunny,30.7,afternoon,15,3,social,sunny_31_afternoon_social,view,0.0
U213,D030,sunny,30.7,afternoon,15,3,social,sunny_31_afternoon_social,view,0.0
U414,D086,cloudy,11.9,morning,7,1,social,cloudy_12_morning_social,view,0.0
U439,D092,rainy,10.1,morning,9,5,business,rainy_10_morning_business,view,0.0
U336,D016,sunny,23.4,evening,18,0,pairing,sunny_23_evening_pairing,view,0.0
U205,D070,sunny,26.0,afternoon,12,1,casual,sunny_26_afternoon_casual,view,0.0
U228,D056,cloudy,19.7,afternoon,12,3,casual,cloudy_20_afternoon_casual,view,0.0
U250,D107,sunny,21.0,morning,10,2,recovery,sunny_21_morning_recovery,view,0.0
U417,D091,cloudy,14.6,morning,8,4,pairing,cloudy_15_morning_pairing,view,0.0
U399,D082,cloudy,15.0,morning,10,0,pairing,cloudy_15_morning_pairing,view,0.0
U148,D088,snowy,-4.5,afternoon,13,4,social,snowy_-5_afternoon_social,view,0.0
U405,D042,stormy,15.1,morning,10,6,social,stormy_15_morning_social,view,0.0
U384,D014,rainy,11.5,morning,10,0,casual,rainy_12_morning_casual,purchase,1.0
U082,D069,snowy,-3.6,morning,8,5,social,snowy_-4_morning_social,view,0.0
U421,D088,cloudy,18.7,morning,8,3,business,cloudy_19_morning_business,view,0.0
U345,D085,snowy,-3.2,morning,9,1,business,snowy_-3_morning_business,view,0.0
U425,D033,sunny,29.6,afternoon,16,0,recovery,sunny_30_afternoon_recovery,view,0.0
U383,D106,cloudy,14.6,morning,8,4,pairing,cloudy_15_morning_pairing,view,0.0
U289,D081,sunny,30.7,afternoon,15,3,social,sunny_31_afternoon_social,view,0.0
U354,D028,cloudy,19.7,afternoon,12,3,casual,cloudy_20_afternoon_casual,view,0.0
U086,D049,stormy,10.7,afternoon,12,0,casual,stormy_11_afternoon_casual,view,0.0
U494,D070,sunny,26.1,evening,22,1,recovery,sunny_26_evening_recovery,view,0.0
U341,D005,rainy,7.0,afternoon,16,2,social,rainy_7_afternoon_social,view,0.0
U057,D066,rainy,13.9,evening,20,3,recovery,rainy_14_evening_recovery,view,0.0
U368,D051,snowy,-4.2,evening,22,6,business,snowy_-4_evening_business,view,0.0
U344,D111,stormy,16.3,morning,11,5,pairing,stormy_16_morning_pairing,view,0.0
U059,D010,snowy,-2.5,morning,7,2,casual,snowy_-2_morning_casual,view,0.0
U319,D049,cloudy,15.0,morning,10,0,pairing,cloudy_15_morning_pairing,view,0.0
U020,D026,rainy,14.4,morning,11,1,recovery,rainy_14_morning_recovery,view,0.0
U214,D015,stormy,16.3,morning,11,5,pairing,stormy_16_morning_pairing,view,0.0
U214,D116,cloudy,11.9,morning,7,1,social,cloudy_12_morning_social,view,0.0
U381,D105,stormy,16.3,morning,11,5,pairing,stormy_16_morning_pairing,purchase,1.0
U026,D113,rainy,7.0,afternoon,16,2,social,rainy_7_afternoon_social,view,0.0
U254,D003,stormy,14.5,evening,23,3,casual,stormy_15_evening_casual,view,0.0
U042,D116,snowy,-2.5,morning,7,2,casual,snowy_-2_morning_casual,view,0.0
U436,D023,cloudy,10.4,afternoon,12,0,recovery,cloudy_10_afternoon_recovery,view,0.0
U427,D019,stormy,16.2,afternoon,17,0,casual,stormy_16_afternoon_casual,rate,1.8
U074,D008,sunny,30.7,afternoon,15,3,social,sunny_31_afternoon_social,view,0.0
U297,D036,rainy,11.5,morning,10,0,casual,rainy_12_morning_casual,view,0.0
U055,D009,snowy,0.3,morning,7,0,business,snowy_0_morning_business,view,0.0
U238,D104,snowy,-2.1,afternoon,16,2,casual,snowy_-2_afternoon_casual,view,0.0
U468,D070,snowy,-3.2,morning,9,1,business,snowy_-3_morning_business,view,0.0
U336,D003,cloudy,14.1,evening,23,6,business,cloudy_14_evening_business,rate,2.1
U040,D102,rainy,9.4,evening,20,2,business,rainy_9_evening_business,view,0.0
U008,D101,cloudy,15.0,morning,10,0,pairing,cloudy_15_morning_pairing,view,0.0
U107,D101,rainy,14.4,morning,11,1,recovery,rainy_14_morning_recovery,view,0.0
U366,D118,cloudy,19.5,morning,10,1,celebration,cloudy_19_morning_celebration,view,0.0
U012,D011,rainy,8.4,evening,21,1,casual,rainy_8_evening_casual,view,0.0
U129,D063,cloudy,14.1,evening,23,6,business,cloudy_14_evening_business,purchase,1.0
U021,D030,rainy,12.4,evening,23,1,recovery,rainy_12_evening_recovery,view,0.0
U412,D102,sunny,23.4,evening,18,0,pairing,sunny_23_evening_pairing,view,0.0
U128,D027,stormy,16.2,afternoon,17,0,casual,stormy_16_afternoon_casual,view,0.0
U353,D068,cloudy,10.4,afternoon,12,0,recovery,cloudy_10_afternoon_recovery,view,0.0
U154,D005,snowy,-2.5,morning,7,2,casual,snowy_-2_morning_casual,view,0.0
U477,D009,cloudy,18.2,afternoon,17,1,business,cloudy_18_afternoon_business,view,0.0
U211,D060,sunny,26.0,afternoon,12,1,casual,sunny_26_afternoon_casual,purchase,1.0
U450,D047,sunny,26.0,afternoon,12,1,casual,sunny_26_afternoon_casual,view,0.0
U213,D088,sunny,26.1,evening,22,1,recovery,sunny_26_evening_recovery,view,0.0
U076,D092,cloudy,13.9,afternoon,12,5,casual,cloudy_14_afternoon_casual,view,0.0
U277,D028,stormy,15.1,morning,10,6,social,stormy_15_morning_social,view,0.0
U469,D035,sunny,26.1,evening,22,1,recovery,sunny_26_evening_recovery,view,0.0
U431,D082,stormy,18.3,morning,8,5,casual,stormy_18_morning_casual,view,0.0
U176,D022,stormy,10.7,afternoon,12,0,casual,stormy_11_afternoon_casual,view,0.0
U139,D094,snowy,-4.5,afternoon,13,4,social,snowy_-5_afternoon_social,view,0.0
U289,D084,rainy,12.0,evening,18,0,social,rainy_12_evening_social,view,0.0
U483,D040,cloudy,11.9,morning,7,1,social,cloudy_12_morning_social,view,0.0
U454,D073,sunny,33.7,afternoon,14,3,celebration,sunny_34_afternoon_celebration,view,0.0
U456,D119,cloudy,19.1,evening,19,6,pairing,cloudy_19_evening_pairing,view,0.0
U067,D004,cloudy,10.4,afternoon,12,0,recovery,cloudy_10_afternoon_recovery,view,0.0
U143,D063,sunny,21.0,morning,10,2,recovery,sunny_21_morning_recovery,view,0.0
U117,D053,rainy,8.4,evening,21,1,casual,rainy_8_evening_casual,view,0.0
U484,D076,stormy,10.7,afternoon,12,0,casual,stormy_11_afternoon_casual,view,0.0
U355,D077,snowy,-4.5,afternoon,13,4,social,snowy_-5_afternoon_social,view,0.0
U225,D006,cloudy,12.4,evening,18,6,pairing,cloudy_12_evening_pairing,view,0.0
U091,D098,rainy,8.4,evening,21,1,casual,rainy_8_evening_casual,view,0.0
U100,D117,stormy,14.5,evening,23,3,casual,stormy_15_evening_casual,view,0.0
U147,D030,rainy,10.1,morning,9,5,business,rainy_10_morning_business,view,0.0
U369,D025,stormy,16.3,morning,11,5,pairing,stormy_16_morning_pairing,view,0.0
U154,D102,cloudy,19.1,evening,19,6,pairing,cloudy_19_evening_pairing,view,0.0
U083,D110,snowy,-3.6,morning,8,5,social,snowy_-4_morning_social,view,0.0
U201,D028,sunny,33.7,afternoon,14,3,celebration,sunny_34_afternoon_celebration,purchase,1.0
U206,D063,snowy,0.6,afternoon,14,1,social,snowy_1_afternoon_social,view,0.0
U375,D019,snowy,0.3,morning,7,0,business,snowy_0_morning_business,view,0.0
U120,D038,stormy,12.8,evening,22,2,casual,stormy_13_evening_casual,view,0.0
U286,D009,rainy,9.4,evening,20,2,business,rainy_9_evening_business,view,0.0
U089,D014,stormy,18.3,morning,8,5,casual,stormy_18_morning_casual,view,0.0
U489,D059,rainy,10.1,morning,9,5,business,rainy_10_morning_business,view,0.0
U196,D068,cloudy,11.9,morning,7,1,social,cloudy_12_morning_social,view,0.0
U361,D110,cloudy,16.7,morning,8,4,business,cloudy_17_morning_business,view,0.0
U127,D055,rainy,12.0,evening,18,0,social,rainy_12_evening_social,view,0.0
U369,D048,cloudy,13.9,afternoon,12,5,casual,cloudy_14_afternoon_casual,view,0.0
U267,D064,rainy,8.4,evening,21,1,casual,rainy_8_evening_casual,view,0.0
U255,D021,stormy,16.2,afternoon,17,0,casual,stormy_16_afternoon_casual,view,0.0
U357,D067,sunny,26.0,afternoon,12,1,casual,sunny_26_afternoon_casual,view,0.0
U201,D061,snowy,0.6,afternoon,14,1,social,snowy_1_afternoon_social,view,0.0
U465,D098,sunny,30.7,afternoon,15,3,social,sunny_31_afternoon_social,rate,1.1
U343,D047,stormy,16.3,morning,11,5,pairing,stormy_16_morning_pairing,view,0.0
U076,D046,snowy,0.3,morning,7,0,business,snowy_0_morning_business,view,0.0
U147,D026,sunny,21.6,afternoon,17,3,recovery,sunny_22_afternoon_recovery,view,0.0
U021,D051,cloudy,18.2,afternoon,17,1,business,cloudy_18_afternoon_business,view,0.0
U157,D051,rainy,14.4,morning,11,1,recovery,rainy_14_morning_recovery,view,0.0
U348,D028,rainy,14.4,morning,11,1,recovery,rainy_14_morning_recovery,view,0.0
U429,D067,cloudy,16.7,morning,8,4,business,cloudy_17_morning_business,view,0.0
U472,D034,cloudy,12.4,evening,18,6,pairing,cloudy_12_evening_pairing,view,0.0
U257,D072,cloudy,19.1,evening,19,6,pairing,cloudy_19_evening_pairing,view,0.0
U214,D025,snowy,-2.1,afternoon,16,2,casual,snowy_-2_afternoon_casual,view,0.0
U268,D006,stormy,15.1,morning,10,6,social,stormy_15_morning_social,rate,2.0
U362,D065,sunny,21.6,afternoon,17,3,recovery,sunny_22_afternoon_recovery,view,0.0
U355,D040,rainy,10.1,morning,9,5,business,rainy_10_morning_business,view,0.0
U237,D084,cloudy,18.7,morning,8,3,business,cloudy_19_morning_business,view,0.0
U486,D049,rainy,8.4,evening,21,1,casual,rainy_8_evening_casual,view,0.0
U136,D043,sunny,33.7,afternoon,14,3,celebration,sunny_34_afternoon_celebration,view,0.0
U090,D039,sunny,21.0,morning,10,2,recovery,sunny_21_morning_recovery,view,0.0
U192,D062,snowy,-1.7,morning,9,2,celebration,snowy_-2_morning_celebration,view,0.0
U382,D105,snowy,0.6,afternoon,14,1,social,snowy_1_afternoon_social,view,0.0
U305,D041,stormy,10.7,afternoon,12,0,casual,stormy_11_afternoon_casual,view,0.0
U307,D059,snowy,-4.2,evening,22,6,business,snowy_-4_evening_business,view,0.0
U039,D013,stormy,18.3,morning,8,5,casual,stormy_18_morning_casual,view,0.0
U395,D077,rainy,8.4,evening,21,1,casual,rainy_8_evening_casual,view,0.0
U168,D108,cloudy,19.5,morning,10,1,celebration,cloudy_19_morning_celebration,view,0.0
U456,D061,cloudy,14.1,evening,23,6,business,cloudy_14_evening_business,view,0.0
U240,D033,cloudy,14.1,evening,23,6,business,cloudy_14_evening_business,view,0.0
U476,D069,stormy,14.5,evening,23,3,casual,stormy_15_evening_casual,view,0.0
U174,D087,cloudy,13.9,afternoon,12,5,casual,cloudy_14_afternoon_casual,view,0.0
U215,D049,snowy,0.3,morning,7,0,business,snowy_0_morning_business,view,0.0
U146,D066,rainy,14.4,morning,11,1,recovery,rainy_14_morning_recovery,view,0.0
U127,D036,snowy,-2.1,afternoon,16,2,casual,snowy_-2_afternoon_casual,view,0.0
U239,D028,stormy,16.3,morning,11,5,pairing,stormy_16_morning_pairing,view,0.0
U225,D076,snowy,-4.5,afternoon,13,4,social,snowy_-5_afternoon_social,view,0.0
U258,D063,sunny,21.6,afternoon,17,3,recovery,sunny_22_afternoon_recovery,view,0.0
U450,D051,stormy,18.3,morning,8,5,casual,stormy_18_morning_casual,view,0.0
U398,D082,snowy,0.6,afternoon,14,1,social,snowy_1_afternoon_social,view,0.0
U028,D003,sunny,33.7,afternoon,14,3,celebration,sunny_34_afternoon_celebration,view,0.0
U117,D002,sunny,21.6,afternoon,17,3,recovery,sunny_22_afternoon_recovery,view,0.0
U400,D094,stormy,16.3,morning,11,5,pairing,stormy_16_morning_pairing,view,0.0
U425,D012,snowy,-2.5,morning,7,2,casual,snowy_-2_morning_casual,view,0.0
U311,D045,snowy,-4.5,afternoon,13,4,social,snowy_-5_afternoon_social,view,0.0
U213,D062,cloudy,18.7,morning,8,3,business,cloudy_19_morning_business,view,0.0
U409,D023,sunny,30.7,afternoon,15,3,social,sunny_31_afternoon_social,view,0.0
U284,D021,cloudy,19.7,afternoon,12,3,casual,cloudy_20_afternoon_casual,view,0.0
U099,D045,snowy,0.6,afternoon,14,1,social,snowy_1_afternoon_social,view,0.0
U122,D030,sunny,26.0,afternoon,12,1,casual,sunny_26_afternoon_casual,view,0.0
U451,D067,cloudy,11.9,morning,7,1,social,cloudy_12_morning_social,view,0.0
U041,D063,cloudy,19.1,evening,19,6,pairing,cloudy_19_evening_pairing,view,0.0
U048,D032,stormy,12.8,evening,22,2,casual,stormy_13_evening_casual,view,0.0
U408,D039,sunny,26.1,evening,22,1,recovery,sunny_26_evening_recovery,view,0.0
U421,D007,rainy,14.4,morning,11,1,recovery,rainy_14_morning_recovery,view,0.0
U321,D065,snowy,0.3,morning,7,0,business,snowy_0_morning_business,view,0.0
U157,D074,snowy,-2.1,afternoon,16,2,casual,snowy_-2_afternoon_casual,view,0.0
U427,D111,sunny,23.4,evening,18,0,pairing,sunny_23_evening_pairing,view,0.0
U395,D049,cloudy,18.7,morning,8,3,business,cloudy_19_morning_business,view,0.0
U325,D008,sunny,26.1,evening,22,1,recovery,sunny_26_evening_recovery,view,0.0
U440,D076,cloudy,18.2,afternoon,17,1,business,cloudy_18_afternoon_business,view,0.0
U388,D113,cloudy,14.1,evening,23,6,business,cloudy_14_evening_business,rate,1.9
U344,D059,snowy,-3.6,morning,8,5,social,snowy_-4_morning_social,rate,2.5
U155,D046,cloudy,19.7,afternoon,12,3,casual,cloudy_20_afternoon_casual,view,0.0
U234,D051,sunny,29.6,afternoon,16,0,recovery,sunny_30_afternoon_recovery,view,0.0
U125,D015,cloudy,13.9,afternoon,12,5,casual,cloudy_14_afternoon_casual,view,0.0
U122,D037,snowy,-1.7,morning,9,2,celebration,snowy_-2_morning_celebration,view,0.0
U035,D087,cloudy,17.3,afternoon,15,3,recovery,cloudy_17_afternoon_recovery,view,0.0
U201,D113,sunny,21.6,afternoon,17,3,recovery,sunny_22_afternoon_recovery,view,0.0
U431,D116,stormy,10.7,afternoon,12,0,casual,stormy_11_afternoon_casual,view,0.0
U496,D022,rainy,14.4,morning,11,1,recovery,rainy_14_morning_recovery,purchase,1.0
U489,D049,rainy,12.4,evening,23,1,recovery,rainy_12_evening_recovery,view,0.0
U342,D053,cloudy,19.1,evening,19,6,pairing,cloudy_19_evening_pairing,view,0.0
U042,D098,cloudy,15.0,morning,10,0,pairing,cloudy_15_morning_pairing,view,0.0
U250,D113,sunny,21.0,morning,10,2,recovery,sunny_21_morning_recovery,view,0.0
U492,D021,sunny,26.0,afternoon,12,1,casual,sunny_26_afternoon_casual,view,0.0
U324,D115,snowy,4.5,afternoon,16,4,social,snowy_5_afternoon_social,view,0.0
U280,D099,rainy,12.4,evening,23,1,recovery,rainy_12_evening_recovery,view,0.0
U139,D100,stormy,10.7,afternoon,12,0,casual,stormy_11_afternoon_casual,view,0.0
U338,D104,cloudy,16.7,morning,8,4,business,cloudy_17_morning_business,view,0.0
U250,D019,rainy,11.5,morning,10,0,casual,rainy_12_morning_casual,view,0.0
U008,D028,stormy,16.2,afternoon,17,0,casual,stormy_16_afternoon_casual,view,0.0
U164,D118,cloudy,19.5,morning,10,1,celebration,cloudy_19_morning_celebration,view,0.0
U091,D117,sunny,26.1,evening,22,1,recovery,sunny_26_evening_recovery,view,0.0
U173,D047,snowy,-3.2,morning,9,1,business,snowy_-3_morning_business,view,0.0
U246,D011,snowy,-4.2,evening,22,6,business,snowy_-4_evening_business,view,0.0
U465,D056,sunny,33.7,afternoon,14,3,celebration,sunny_34_afternoon_celebration,view,0.0
U012,D070,stormy,10.7,afternoon,12,0,casual,stormy_11_afternoon_casual,rate,3.1
U108,D108,cloudy,15.0,morning,10,0,pairing,cloudy_15_morning_pairing,view,0.0
U183,D100,cloudy,18.2,afternoon,17,1,business,cloudy_18_afternoon_business,view,0.0
U446,D088,cloudy,19.1,evening,19,6,pairing,cloudy_19_evening_pairing,view,0.0
U203,D064,sunny,29.6,afternoon,16,0,recovery,sunny_30_afternoon_recovery,view,0.0
U437,D078,cloudy,12.4,evening,18,6,pairing,cloudy_12_evening_pairing,view,0.0
U435,D047,snowy,0.3,morning,7,0,business,snowy_0_morning_business,view,0.0
U365,D035,snowy,0.6,afternoon,14,0,pairing,snowy_1_afternoon_pairing,purchase,1.0
U328,D116,cloudy,14.1,evening,23,6,business,cloudy_14_evening_business,view,0.0
U369,D097,cloudy,15.0,morning,10,0,pairing,cloudy_15_morning_pairing,view,0.0
U063,D038,snowy,-3.6,morning,8,5,social,snowy_-4_morning_social,view,0.0
U013,D047,rainy,8.4,evening,21,1,casual,rainy_8_evening_casual,view,0.0
U208,D114,cloudy,15.0,morning,10,0,pairing,cloudy_15_morning_pairing,rate,1.1
U323,D054,rainy,13.9,evening,20,3,recovery,rainy_14_evening_recovery,view,0.0
U126,D021,rainy,12.0,evening,18,0,social,rainy_12_evening_social,view,0.0
U169,D024,snowy,-2.5,morning,7,2,casual,snowy_-2_morning_casual,view,0.0
U057,D094,snowy,0.3,morning,7,0,business,snowy_0_morning_business,purchase,1.0
U370,D008,stormy,15.1,morning,10,6,social,stormy_15_morning_social,view,0.0
U327,D030,cloudy,14.6,morning,8,4,pairing,cloudy_15_morning_pairing,view,0.0
U292,D025,rainy,11.5,morning,10,0,casual,rainy_12_morning_casual,view,0.0
U037,D013,stormy,16.3,morning,11,5,pairing,stormy_16_morning_pairing,rate,4.3
U201,D001,stormy,12.8,evening,22,2,casual,stormy_13_evening_casual,view,0.0
U191,D104,cloudy,19.1,evening,19,6,pairing,cloudy_19_evening_pairing,view,0.0
U430,D078,rainy,14.4,morning,11,1,recovery,rainy_14_morning_recovery,view,0.0
U358,D075,snowy,-2.5,morning,7,2,casual,snowy_-2_morning_casual,view,0.0
U398,D060,rainy,12.4,evening,23,1,recovery,rainy_12_evening_recovery,rate,1.3
U061,D083,cloudy,18.2,afternoon,17,1,business,cloudy_18_afternoon_business,view,0.0
U424,D017,sunny,26.1,evening,22,1,recovery,sunny_26_evening_recovery,view,0.0
U144,D102,rainy,7.0,afternoon,16,2,social,rainy_7_afternoon_social,view,0.0
U013,D056,snowy,0.3,morning,7,0,business,snowy_0_morning_business,view,0.0
U290,D039,snowy,-3.6,morning,8,5,social,snowy_-4_morning_social,view,0.0
U462,D120,cloudy,12.4,evening,18,6,pairing,cloudy_12_evening_pairing,view,0.0
U231,D053,snowy,-4.2,evening,22,6,business,snowy_-4_evening_business,view,0.0
U233,D030,rainy,12.4,evening,23,1,recovery,rainy_12_evening_recovery,view,0.0
U053,D019,cloudy,10.4,afternoon,12,0,recovery,cloudy_10_afternoon_recovery,view,0.0
U337,D055,cloudy,19.1,evening,19,6,pairing,cloudy_19_evening_pairing,view,0.0
U074,D010,stormy,12.8,evening,22,2,casual,stormy_13_evening_casual,view,0.0
U052,D020,cloudy,15.0,morning,10,0,pairing,cloudy_15_morning_pairing,view,0.0
U178,D028,rainy,8.4,evening,21,1,casual,rainy_8_evening_casual,view,0.0
U408,D079,cloudy,16.7,morning,8,4,business,cloudy_17_morning_business,view,0.0
U260,D077,cloudy,19.1,evening,19,6,pairing,cloudy_19_evening_pairing,view,0.0
U012,D119,sunny,23.4,evening,18,0,pairing,sunny_23_evening_pairing,view,0.0
U338,D120,sunny,26.1,evening,22,1,recovery,sunny_26_evening_recovery,view,0.0
U361,D076,cloudy,18.7,morning,8,3,business,cloudy_19_morning_business,view,0.0
U479,D113,sunny,21.6,afternoon,17,3,recovery,sunny_22_afternoon_recovery,view,0.0
U096,D086,cloudy,18.2,afternoon,17,1,business,cloudy_18_afternoon_business,view,0.0
U088,D050,stormy,14.5,evening,23,3,casual,stormy_15_evening_casual,view,0.0
U325,D044,sunny,21.6,afternoon,17,3,recovery,sunny_22_afternoon_recovery,rate,4.3
U107,D019,snowy,0.6,afternoon,14,1,social,snowy_1_afternoon_social,view,0.0
U428,D068,stormy,12.8,evening,22,2,casual,stormy_13_evening_casual,rate,4.8
U083,D049,cloudy,17.3,afternoon,15,3,recovery,cloudy_17_afternoon_recovery,view,0.0
U460,D051,rainy,11.5,morning,10,0,casual,rainy_12_morning_casual,view,0.0
U471,D090,sunny,21.6,afternoon,17,3,recovery,sunny_22_afternoon_recovery,view,0.0
U475,D089,rainy,13.9,evening,20,3,recovery,rainy_14_evening_recovery,view,0.0
U213,D021,cloudy,19.7,afternoon,12,3,casual,cloudy_20_afternoon_casual,view,0.0
U417,D024,sunny,26.0,afternoon,12,1,casual,sunny_26_afternoon_casual,view,0.0
U452,D047,cloudy,10.4,afternoon,12,0,recovery,cloudy_10_afternoon_recovery,view,0.0
U021,D084,cloudy,19.5,morning,10,1,celebration,cloudy_19_morning_celebration,view,0.0
U293,D042,stormy,10.7,afternoon,12,0,casual,stormy_11_afternoon_casual,view,0.0
U304,D103,cloudy,11.9,morning,7,1,social,cloudy_12_morning_social,view,0.0
U355,D047,snowy,0.6,afternoon,14,0,pairing,snowy_1_afternoon_pairing,view,0.0
U462,D099,sunny,26.0,afternoon,12,1,casual,sunny_26_afternoon_casual,view,0.0
U455,D105,rainy,12.4,evening,23,1,recovery,rainy_12_evening_recovery,view,0.0
U397,D100,sunny,23.4,evening,18,0,pairing,sunny_23_evening_pairing,view,0.0
U137,D073,cloudy,18.2,afternoon,17,1,business,cloudy_18_afternoon_business,view,0.0
U440,D086,rainy,9.4,evening,20,2,business,rainy_9_evening_business,view,0.0
U343,D045,cloudy,14.1,evening,23,6,business,cloudy_14_evening_business,view,0.0
U216,D008,cloudy,14.6,morning,8,4,pairing,cloudy_15_morning_pairing,view,0.0
U003,D028,cloudy,17.3,afternoon,15,3,recovery,cloudy_17_afternoon_recovery,view,0.0
U149,D028,stormy,16.3,morning,11,5,pairing,stormy_16_morning_pairing,view,0.0
U065,D100,sunny,21.0,morning,10,2,recovery,sunny_21_morning_recovery,view,0.0
U227,D013,cloudy,18.7,morning,8,3,business,cloudy_19_morning_business,view,0.0
U138,D053,sunny,26.0,afternoon,12,1,casual,sunny_26_afternoon_casual,view,0.0
U074,D046,rainy,12.4,evening,23,1,recovery,rainy_12_evening_recovery,view,0.0
U280,D002,cloudy,16.7,morning,8,4,business,cloudy_17_morning_business,view,0.0
U398,D010,snowy,-2.5,morning,7,2,casual,snowy_-2_morning_casual,view,0.0
U111,D102,stormy,10.7,afternoon,12,0,casual,stormy_11_afternoon_casual,rate,2.1
U029,D043,cloudy,10.4,afternoon,12,0,recovery,cloudy_10_afternoon_recovery,rate,3.1
U230,D065,sunny,33.7,afternoon,14,3,celebration,sunny_34_afternoon_celebration,view,0.0
U272,D047,stormy,10.7,afternoon,12,0,casual,stormy_11_afternoon_casual,view,0.0
U186,D076,cloudy,12.4,evening,18,6,pairing,cloudy_12_evening_pairing,view,0.0
U170,D059,snowy,0.3,morning,7,0,business,snowy_0_morning_business,view,0.0
U162,D037,cloudy,17.3,afternoon,15,3,recovery,cloudy_17_afternoon_recovery,view,0.0
U224,D117,cloudy,10.4,afternoon,12,0,recovery,cloudy_10_afternoon_recovery,view,0.0
U442,D007,snowy,-3.2,morning,9,1,business,snowy_-3_morning_business,view,0.0
U043,D117,stormy,12.8,evening,22,2,casual,stormy_13_evening_casual,view,0.0
U228,D111,snowy,0.6,afternoon,14,1,social,snowy_1_afternoon_social,view,0.0
U264,D097,cloudy,19.1,evening,19,6,pairing,cloudy_19_evening_pairing,view,0.0
U456,D045,cloudy,16.7,morning,8,4,business,cloudy_17_morning_business,view,0.0
U104,D067,sunny,21.6,afternoon,17,3,recovery,sunny_22_afternoon_recovery,view,0.0
U098,D098,cloudy,11.9,morning,7,1,social,cloudy_12_morning_social,view,0.0
U124,D087,sunny,26.0,afternoon,12,1,casual,sunny_26_afternoon_casual,view,0.0
U090,D104,snowy,0.6,afternoon,14,1,social,snowy_1_afternoon_social,view,0.0
U312,D096,sunny,33.7,afternoon,14,3,celebration,sunny_34_afternoon_celebration,view,0.0
U143,D032,cloudy,11.9,morning,7,1,social,cloudy_12_morning_social,view,0.0
U017,D059,stormy,15.1,morning,10,6,social,stormy_15_morning_social,view,0.0
U362,D057,stormy,15.1,morning,10,6,social,stormy_15_morning_social,view,0.0
U301,D083,stormy,18.3,morning,8,5,casual,stormy_18_morning_casual,purchase,1.0
U456,D104,rainy,14.4,morning,11,1,recovery,rainy_14_morning_recovery,view,0.0
U412,D075,cloudy,19.7,afternoon,12,3,casual,cloudy_20_afternoon_casual,view,0.0
U175,D052,cloudy,18.2,afternoon,17,1,business,cloudy_18_afternoon_business,view,0.0
U188,D057,snowy,0.3,morning,7,0,business,snowy_0_morning_business,view,0.0
U174,D114,stormy,15.1,morning,10,6,social,stormy_15_morning_social,view,0.0
U005,D084,sunny,22.3,morning,11,4,pairing,sunny_22_morning_pairing,view,0.0
U054,D033,sunny,29.6,afternoon,16,0,recovery,sunny_30_afternoon_recovery,view,0.0
U226,D015,cloudy,15.0,morning,10,0,pairing,cloudy_15_morning_pairing,view,0.0
U277,D046,stormy,16.2,afternoon,17,0,casual,stormy_16_afternoon_casual,view,0.0
U062,D086,snowy,-2.1,afternoon,16,2,casual,snowy_-2_afternoon_casual,view,0.0
U302,D013,sunny,23.4,evening,18,0,pairing,sunny_23_evening_pairing,view,0.0
U478,D006,sunny,21.6,afternoon,17,3,recovery,sunny_22_afternoon_recovery,view,0.0
U493,D107,sunny,26.0,afternoon,12,1,casual,sunny_26_afternoon_casual,view,0.0
U240,D075,rainy,12.4,evening,23,1,recovery,rainy_12_evening_recovery,view,0.0
U351,D028,sunny,26.0,afternoon,12,1,casual,sunny_26_afternoon_casual,rate,1.8
U355,D048,stormy,15.1,morning,10,6,social,stormy_15_morning_social,view,0.0
U332,D011,rainy,11.5,morning,10,0,casual,rainy_12_morning_casual,view,0.0
U019,D087,cloudy,18.2,afternoon,17,1,business,cloudy_18_afternoon_business,view,0.0
U154,D006,rainy,14.4,morning,11,1,recovery,rainy_14_morning_recovery,view,0.0
U285,D059,sunny,26.1,evening,22,1,recovery,sunny_26_evening_recovery,view,0.0
U299,D117,rainy,12.0,evening,18,0,social,rainy_12_evening_social,rate,4.0
U141,D106,stormy,14.5,evening,23,3,casual,stormy_15_evening_casual,view,0.0
U484,D111,cloudy,13.9,afternoon,12,5,casual,cloudy_14_afternoon_casual,view,0.0
U039,D081,sunny,33.7,afternoon,14,3,celebration,sunny_34_afternoon_celebration,view,0.0
U342,D093,cloudy,16.7,morning,8,4,business,cloudy_17_morning_business,view,0.0
U421,D074,stormy,12.8,evening,22,2,casual,stormy_13_evening_casual,view,0.0
U156,D042,cloudy,19.7,afternoon,12,3,casual,cloudy_20_afternoon_casual,view,0.0
U170,D104,rainy,7.0,afternoon,16,2,social,rainy_7_afternoon_social,view,0.0
U432,D091,cloudy,16.7,morning,8,4,business,cloudy_17_morning_business,view,0.0
U377,D093,snowy,-3.6,morning,8,5,social,snowy_-4_morning_social,view,0.0
U173,D010,stormy,12.8,evening,22,2,casual,stormy_13_evening_casual,view,0.0
U248,D119,cloudy,12.4,evening,18,6,pairing,cloudy_12_evening_pairing,rate,3.0
U089,D093,cloudy,14.6,morning,8,4,pairing,cloudy_15_morning_pairing,view,0.0
U468,D020,cloudy,13.9,afternoon,12,5,casual,cloudy_14_afternoon_casual,rate,4.8
U091,D090,rainy,10.1,morning,9,5,business,rainy_10_morning_business,view,0.0
U173,D116,sunny,21.6,afternoon,17,3,recovery,sunny_22_afternoon_recovery,view,0.0
U091,D082,rainy,14.4,morning,11,1,recovery,rainy_14_morning_recovery,view,0.0
U257,D058,stormy,15.1,morning,10,6,social,stormy_15_morning_social,rate,1.4
U266,D059,stormy,18.3,morning,8,5,casual,stormy_18_morning_casual,view,0.0
U389,D065,stormy,10.7,afternoon,12,0,casual,stormy_11_afternoon_casual,view,0.0
U237,D041,sunny,21.6,afternoon,17,3,recovery,sunny_22_afternoon_recovery,view,0.0
U256,D011,sunny,21.0,morning,10,2,recovery,sunny_21_morning_recovery,view,0.0
U282,D115,cloudy,19.5,morning,10,1,celebration,cloudy_19_morning_celebration,view,0.0
U199,D047,cloudy,14.6,morning,8,4,pairing,cloudy_15_morning_pairing,view,0.0
U133,D021,rainy,10.1,morning,9,5,business,rainy_10_morning_business,view,0.0
U362,D084,snowy,-4.5,afternoon,13,4,social,snowy_-5_afternoon_social,view,0.0
U109,D093,stormy,14.5,evening,23,3,casual,stormy_15_evening_casual,view,0.0
U147,D112,snowy,-4.2,evening,22,6,business,snowy_-4_evening_business,view,0.0
U494,D091,rainy,14.4,morning,11,1,recovery,rainy_14_morning_recovery,view,0.0
U483,D037,snowy,4.5,afternoon,16,4,social,snowy_5_afternoon_social,view,0.0
U280,D027,stormy,16.3,morning,11,5,pairing,stormy_16_morning_pairing,view,0.0
U164,D098,sunny,21.6,afternoon,17,3,recovery,sunny_22_afternoon_recovery,view,0.0
U490,D004,snowy,-3.6,morning,8,5,social,snowy_-4_morning_social,view,0.0
U433,D087,cloudy,19.1,evening,19,6,pairing,cloudy_19_evening_pairing,rate,2.6
U181,D062,sunny,22.3,morning,11,4,pairing,sunny_22_morning_pairing,view,0.0
U249,D060,cloudy,17.3,afternoon,15,3,recovery,cloudy_17_afternoon_recovery,view,0.0
U138,D040,cloudy,14.6,morning,8,4,pairing,cloudy_15_morning_pairing,view,0.0
U085,D061,sunny,33.7,afternoon,14,3,celebration,sunny_34_afternoon_celebration,view,0.0
U179,D086,snowy,0.3,morning,7,0,business,snowy_0_morning_business,view,0.0
U332,D038,stormy,12.8,evening,22,2,casual,stormy_13_evening_casual,view,0.0
U453,D013,cloudy,19.1,evening,19,6,pairing,cloudy_19_evening_pairing,view,0.0
U030,D062,rainy,11.5,morning,10,0,casual,rainy_12_morning_casual,view,0.0
U411,D051,rainy,10.1,morning,9,5,business,rainy_10_morning_business,view,0.0
U496,D047,stormy,12.8,evening,22,2,casual,stormy_13_evening_casual,purchase,1.0
U022,D085,sunny,21.0,morning,10,2,recovery,sunny_21_morning_recovery,view,0.0
U272,D059,sunny,23.4,evening,18,0,pairing,sunny_23_evening_pairing,view,0.0
U032,D059,sunny,26.1,evening,22,1,recovery,sunny_26_evening_recovery,view,0.0
U009,D081,stormy,18.3,morning,8,5,casual,stormy_18_morning_casual,view,0.0
U214,D017,rainy,14.4,morning,11,1,recovery,rainy_14_morning_recovery,rate,3.5
U123,D021,rainy,11.5,morning,10,0,casual,rainy_12_morning_casual,view,0.0
U321,D063,cloudy,10.4,afternoon,12,0,recovery,cloudy_10_afternoon_recovery,view,0.0
U081,D105,sunny,30.7,afternoon,15,3,social,sunny_31_afternoon_social,view,0.0
U271,D096,snowy,-4.2,evening,22,6,business,snowy_-4_evening_business,view,0.0
U001,D111,cloudy,19.1,evening,19,6,pairing,cloudy_19_evening_pairing,view,0.0
U126,D057,stormy,10.7,afternoon,12,0,casual,stormy_11_afternoon_casual,view,0.0
U169,D093,snowy,0.6,afternoon,14,1,social,snowy_1_afternoon_social,view,0.0
U262,D084,snowy,-3.6,morning,8,5,social,snowy_-4_morning_social,view,0.0
U049,D076,snowy,0.6,afternoon,14,0,pairing,snowy_1_afternoon_pairing,view,0.0
U183,D064,snowy,4.5,afternoon,16,4,social,snowy_5_afternoon_social,view,0.0
U474,D015,stormy,12.8,evening,22,2,casual,stormy_13_evening_casual,view,0.0
U128,D068,snowy,-2.1,afternoon,16,2,casual,snowy_-2_afternoon_casual,view,0.0
U043,D116,snowy,-2.5,morning,7,2,casual,snowy_-2_morning_casual,view,0.0
U314,D033,rainy,10.1,morning,9,5,business,rainy_10_morning_business,view,0.0
U247,D004,sunny,30.7,afternoon,15,3,social,sunny_31_afternoon_social,view,0.0
U339,D006,rainy,9.4,evening,20,2,business,rainy_9_evening_business,rate,1.2
U193,D069,cloudy,12.4,evening,18,6,pairing,cloudy_12_evening_pairing,view,0.0
U488,D013,snowy,0.6,afternoon,14,0,pairing,snowy_1_afternoon_pairing,view,0.0
U483,D019,snowy,-3.2,morning,9,1,business,snowy_-3_morning_business,view,0.0
U043,D074,cloudy,10.4,afternoon,12,0,recovery,cloudy_10_afternoon_recovery,view,0.0
U452,D044,cloudy,19.1,evening,19,6,pairing,cloudy_19_evening_pairing,view,0.0
U022,D115,rainy,11.5,morning,10,0,casual,rainy_12_morning_casual,view,0.0
U206,D056,snowy,-3.6,morning,8,5,social,snowy_-4_morning_social,view,0.0
U083,D051,snowy,-2.1,afternoon,16,2,casual,snowy_-2_afternoon_casual,view,0.0
U328,D097,cloudy,18.7,morning,8,3,business,cloudy_19_morning_business,view,0.0
U053,D075,stormy,16.2,afternoon,17,0,casual,stormy_16_afternoon_casual,view,0.0
U401,D006,rainy,9.4,evening,20,2,business,rainy_9_evening_business,view,0.0
U412,D078,stormy,16.2,afternoon,17,0,casual,stormy_16_afternoon_casual,view,0.0
U059,D033,sunny,29.6,afternoon,16,0,recovery,sunny_30_afternoon_recovery,view,0.0
U019,D086,stormy,16.2,afternoon,17,0,casual,stormy_16_afternoon_casual,view,0.0
U478,D047,snowy,-4.2,evening,22,6,business,snowy_-4_evening_business,rate,3.6
U182,D007,snowy,-4.5,afternoon,13,4,social,snowy_-5_afternoon_social,view,0.0
U215,D019,sunny,21.6,afternoon,17,3,recovery,sunny_22_afternoon_recovery,view,0.0
U029,D024,snowy,-2.1,afternoon,16,2,casual,snowy_-2_afternoon_casual,rate,4.7
U392,D090,sunny,21.6,afternoon,17,3,recovery,sunny_22_afternoon_recovery,rate,1.4
U058,D069,cloudy,11.9,morning,7,1,social,cloudy_12_morning_social,view,0.0
U453,D082,stormy,15.1,morning,10,6,social,stormy_15_morning_social,view,0.0
U433,D091,cloudy,18.7,morning,8,3,business,cloudy_19_morning_business,view,0.0
U387,D010,sunny,26.1,evening,22,1,recovery,sunny_26_evening_recovery,view,0.0
U208,D002,sunny,30.7,afternoon,15,3,social,sunny_31_afternoon_social,view,0.0
U022,D026,cloudy,19.7,afternoon,12,3,casual,cloudy_20_afternoon_casual,view,0.0
U219,D029,snowy,0.3,morning,7,0,business,snowy_0_morning_business,rate,2.2
U438,D020,sunny,26.0,afternoon,12,1,casual,sunny_26_afternoon_casual,view,0.0
U483,D111,rainy,7.0,afternoon,16,2,social,rainy_7_afternoon_social,view,0.0
U290,D022,snowy,-3.6,morning,8,5,social,snowy_-4_morning_social,view,0.0
U283,D010,snowy,0.6,afternoon,14,1,social,snowy_1_afternoon_social,view,0.0
U048,D070,sunny,22.3,morning,11,4,pairing,sunny_22_morning_pairing,view,0.0
U059,D002,sunny,21.6,afternoon,17,3,recovery,sunny_22_afternoon_recovery,view,0.0
U083,D026,cloudy,10.4,afternoon,12,0,recovery,cloudy_10_afternoon_recovery,view,0.0
U079,D059,cloudy,16.7,morning,8,4,business,cloudy_17_morning_business,rate,1.0
U248,D022,stormy,12.8,evening,22,2,casual,stormy_13_evening_casual,view,0.0
U025,D109,cloudy,11.9,morning,7,1,social,cloudy_12_morning_social,view,0.0
U301,D068,cloudy,14.6,morning,8,4,pairing,cloudy_15_morning_pairing,view,0.0
U164,D083,snowy,4.5,afternoon,16,4,social,snowy_5_afternoon_social,view,0.0
U073,D109,rainy,8.4,evening,21,1,casual,rainy_8_evening_casual,view,0.0
U288,D006,snowy,0.6,afternoon,14,0,pairing,snowy_1_afternoon_pairing,view,0.0
U330,D114,cloudy,12.4,evening,18,6,pairing,cloudy_12_evening_pairing,view,0.0
U419,D116,sunny,21.0,morning,10,2,recovery,sunny_21_morning_recovery,rate,2.7
U271,D004,sunny,21.6,afternoon,17,3,recovery,sunny_22_afternoon_recovery,view,0.0
U411,D026,cloudy,19.5,morning,10,1,celebration,cloudy_19_morning_celebration,view,0.0
U273,D043,sunny,22.3,morning,11,4,pairing,sunny_22_morning_pairing,view,0.0
U212,D109,stormy,16.3,morning,11,5,pairing,stormy_16_morning_pairing,view,0.0
U245,D023,snowy,0.3,morning,7,0,business,snowy_0_morning_business,view,0.0
U047,D063,rainy,9.4,evening,20,2,business,rainy_9_evening_business,view,0.0
U069,D043,snowy,0.6,afternoon,14,0,pairing,snowy_1_afternoon_pairing,rate,2.4
U434,D067,rainy,9.4,evening,20,2,business,rainy_9_evening_business,view,0.0
U338,D094,snowy,0.6,afternoon,14,0,pairing,snowy_1_afternoon_pairing,view,0.0
U338,D038,cloudy,19.5,morning,10,1,celebration,cloudy_19_morning_celebration,view,0.0
U319,D077,rainy,8.4,evening,21,1,casual,rainy_8_evening_casual,view,0.0
U358,D065,cloudy,12.4,evening,18,6,pairing,cloudy_12_evening_pairing,view,0.0
U179,D110,snowy,-1.7,morning,9,2,celebration,snowy_-2_morning_celebration,view,0.0
U390,D107,cloudy,10.4,afternoon,12,0,recovery,cloudy_10_afternoon_recovery,view,0.0
U444,D028,rainy,9.4,evening,20,2,business,rainy_9_evening_business,view,0.0
U137,D082,sunny,21.0,morning,10,2,recovery,sunny_21_morning_recovery,view,0.0
U058,D107,cloudy,18.2,afternoon,17,1,business,cloudy_18_afternoon_business,view,0.0
U420,D114,cloudy,19.7,afternoon,12,3,casual,cloudy_20_afternoon_casual,rate,1.3
U354,D063,cloudy,16.7,morning,8,4,business,cloudy_17_morning_business,view,0.0
U186,D057,rainy,12.4,evening,23,1,recovery,rainy_12_evening_recovery,view,0.0
U256,D007,cloudy,19.7,afternoon,12,3,casual,cloudy_20_afternoon_casual,view,0.0
U324,D092,snowy,-4.5,afternoon,13,4,social,snowy_-5_afternoon_social,view,0.0
U003,D078,cloudy,18.2,afternoon,17,1,business,cloudy_18_afternoon_business,view,0.0
U385,D102,cloudy,18.2,afternoon,17,1,business,cloudy_18_afternoon_business,view,0.0
U413,D005,cloudy,18.7,morning,8,3,business,cloudy_19_morning_business,view,0.0
U021,D114,cloudy,14.6,morning,8,4,pairing,cloudy_15_morning_pairing,view,0.0
U303,D084,cloudy,19.5,morning,10,1,celebration,cloudy_19_morning_celebration,view,0.0
U069,D001,rainy,14.4,morning,11,1,recovery,rainy_14_morning_recovery,rate,2.8
U234,D023,cloudy,10.4,afternoon,12,0,recovery,cloudy_10_afternoon_recovery,view,0.0
U319,D052,sunny,30.7,afternoon,15,3,social,sunny_31_afternoon_social,view,0.0
U311,D046,cloudy,15.0,morning,10,0,pairing,cloudy_15_morning_pairing,view,0.0
U389,D036,rainy,8.4,evening,21,1,casual,rainy_8_evening_casual,view,0.0
U362,D058,snowy,-4.2,evening,22,6,business,snowy_-4_evening_business,view,0.0
U369,D085,snowy,0.6,afternoon,14,1,social,snowy_1_afternoon_social,view,0.0
U109,D035,snowy,-4.2,evening,22,6,business,snowy_-4_evening_business,view,0.0
U118,D005,snowy,-1.7,morning,9,2,celebration,snowy_-2_morning_celebration,view,0.0
U076,D087,rainy,12.0,evening,18,0,social,rainy_12_evening_social,view,0.0
U313,D086,snowy,0.6,afternoon,14,1,social,snowy_1_afternoon_social,view,0.0
U165,D087,rainy,12.4,evening,23,1,recovery,rainy_12_evening_recovery,view,0.0
U372,D111,snowy,0.6,afternoon,14,0,pairing,snowy_1_afternoon_pairing,view,0.0
U401,D119,stormy,16.3,morning,11,5,pairing,stormy_16_morning_pairing,view,0.0
U485,D006,sunny,26.0,afternoon,12,1,casual,sunny_26_afternoon_casual,view,0.0
U150,D118,rainy,9.4,evening,20,2,business,rainy_9_evening_business,view,0.0
U126,D107,cloudy,15.0,morning,10,0,pairing,cloudy_15_morning_pairing,view,0.0
U462,D010,snowy,0.3,morning,7,0,business,snowy_0_morning_business,view,0.0
U420,D034,snowy,0.6,afternoon,14,1,social,snowy_1_afternoon_social,view,0.0
U011,D078,snowy,-4.2,evening,22,6,business,snowy_-4_evening_business,view,0.0
U246,D019,snowy,-4.5,afternoon,13,4,social,snowy_-5_afternoon_social,view,0.0
U152,D072,cloudy,19.7,afternoon,12,3,casual,cloudy_20_afternoon_casual,view,0.0
U175,D033,rainy,9.4,evening,20,2,business,rainy_9_evening_business,view,0.0
U330,D040,snowy,0.3,morning,7,0,business,snowy_0_morning_business,view,0.0
U413,D050,sunny,26.1,evening,22,1,recovery,sunny_26_evening_recovery,view,0.0
U246,D001,sunny,26.1,evening,22,1,recovery,sunny_26_evening_recovery,view,0.0
U239,D077,snowy,0.6,afternoon,14,0,pairing,snowy_1_afternoon_pairing,view,0.0
U320,D061,sunny,21.6,afternoon,17,3,recovery,sunny_22_afternoon_recovery,view,0.0
U344,D026,stormy,10.7,afternoon,12,0,casual,stormy_11_afternoon_casual,view,0.0
U325,D026,cloudy,18.7,morning,8,3,business,cloudy_19_morning_business,view,0.0
U314,D049,snowy,-4.2,evening,22,6,business,snowy_-4_evening_business,view,0.0
U241,D062,stormy,10.7,afternoon,12,0,casual,stormy_11_afternoon_casual,view,0.0
U251,D003,snowy,-4.5,afternoon,13,4,social,snowy_-5_afternoon_social,view,0.0
U491,D032,stormy,15.1,morning,10,6,social,stormy_15_morning_social,view,0.0
U025,D054,cloudy,11.9,morning,7,1,social,cloudy_12_morning_social,view,0.0
U312,D065,sunny,21.6,afternoon,17,3,recovery,sunny_22_afternoon_recovery,view,0.0
U336,D041,sunny,26.0,afternoon,12,1,casual,sunny_26_afternoon_casual,view,0.0
U233,D071,rainy,10.1,morning,9,5,business,rainy_10_morning_business,view,0.0
U147,D066,sunny,22.3,morning,11,4,pairing,sunny_22_morning_pairing,view,0.0
U387,D011,rainy,8.4,evening,21,1,casual,rainy_8_evening_casual,view,0.0
U232,D018,snowy,0.6,afternoon,14,0,pairing,snowy_1_afternoon_pairing,view,0.0
U136,D022,cloudy,17.3,afternoon,15,3,recovery,cloudy_17_afternoon_recovery,view,0.0
U185,D104,stormy,12.8,evening,22,2,casual,stormy_13_evening_casual,view,0.0
U116,D057,cloudy,18.7,morning,8,3,business,cloudy_19_morning_business,view,0.0
U322,D077,cloudy,14.1,evening,23,6,business,cloudy_14_evening_business,purchase,1.0
U020,D064,sunny,21.6,afternoon,17,3,recovery,sunny_22_afternoon_recovery,view,0.0
U221,D067,cloudy,19.5,morning,10,1,celebration,cloudy_19_morning_celebration,view,0.0
U206,D064,stormy,16.3,morning,11,5,pairing,stormy_16_morning_pairing,view,0.0
U062,D004,stormy,18.3,morning,8,5,casual,stormy_18_morning_casual,view,0.0
U107,D096,cloudy,12.4,evening,18,6,pairing,cloudy_12_evening_pairing,view,0.0
U386,D062,cloudy,18.7,morning,8,3,business,cloudy_19_morning_business,view,0.0
U159,D098,snowy,-4.5,afternoon,13,4,social,snowy_-5_afternoon_social,view,0.0
U420,D008,snowy,0.6,afternoon,14,1,social,snowy_1_afternoon_social,view,0.0
U357,D112,cloudy,14.1,evening,23,6,business,cloudy_14_evening_business,view,0.0
U480,D058,stormy,10.7,afternoon,12,0,casual,stormy_11_afternoon_casual,view,0.0
U211,D064,sunny,26.0,afternoon,12,1,casual,sunny_26_afternoon_casual,view,0.0
U071,D092,snowy,0.6,afternoon,14,1,social,snowy_1_afternoon_social,view,0.0
U390,D029,stormy,10.7,afternoon,12,0,casual,stormy_11_afternoon_casual,view,0.0
U479,D003,sunny,21.0,morning,10,2,recovery,sunny_21_morning_recovery,view,0.0
U292,D106,rainy,11.5,morning,10,0,casual,rainy_12_morning_casual,view,0.0
U062,D042,snowy,-3.2,morning,9,1,business,snowy_-3_morning_business,view,0.0
U269,D011,rainy,12.0,evening,18,0,social,rainy_12_evening_social,view,0.0
U059,D057,stormy,16.3,morning,11,5,pairing,stormy_16_morning_pairing,view,0.0
U386,D094,cloudy,13.9,afternoon,12,5,casual,cloudy_14_afternoon_casual,rate,3.0
U207,D080,stormy,10.7,afternoon,12,0,casual,stormy_11_afternoon_casual,view,0.0
U178,D012,stormy,15.1,morning,10,6,social,stormy_15_morning_social,view,0.0
U318,D096,cloudy,18.7,morning,8,3,business,cloudy_19_morning_business,view,0.0
U294,D111,snowy,-3.6,morning,8,5,social,snowy_-4_morning_social,rate,3.5
U129,D094,cloudy,14.1,evening,23,6,business,cloudy_14_evening_business,view,0.0
U405,D110,rainy,12.4,evening,23,1,recovery,rainy_12_evening_recovery,view,0.0
U391,D022,rainy,13.9,evening,20,3,recovery,rainy_14_evening_recovery,view,0.0
U463,D079,rainy,14.4,morning,11,1,recovery,rainy_14_morning_recovery,view,0.0
U375,D070,sunny,30.7,afternoon,15,3,social,sunny_31_afternoon_social,view,0.0
U357,D084,snowy,-3.2,morning,9,1,business,snowy_-3_morning_business,view,0.0
U392,D001,rainy,11.5,morning,10,0,casual,rainy_12_morning_casual,view,0.0
U070,D021,cloudy,15.0,morning,10,0,pairing,cloudy_15_morning_pairing,view,0.0
U005,D060,rainy,8.4,evening,21,1,casual,rainy_8_evening_casual,view,0.0
U390,D089,rainy,8.4,evening,21,1,casual,rainy_8_evening_casual,view,0.0
U232,D029,cloudy,14.6,morning,8,4,pairing,cloudy_15_morning_pairing,purchase,1.0
U230,D018,rainy,7.0,afternoon,16,2,social,rainy_7_afternoon_social,view,0.0
U481,D054,cloudy,18.2,afternoon,17,1,business,cloudy_18_afternoon_business,view,0.0
U276,D012,cloudy,19.7,afternoon,12,3,casual,cloudy_20_afternoon_casual,rate,4.2
U061,D074,snowy,-3.6,morning,8,5,social,snowy_-4_morning_social,purchase,1.0
U163,D095,snowy,-4.5,afternoon,13,4,social,snowy_-5_afternoon_social,view,0.0
U269,D113,snowy,-2.5,morning,7,2,casual,snowy_-2_morning_casual,view,0.0
U187,D021,stormy,18.3,morning,8,5,casual,stormy_18_morning_casual,view,0.0
U304,D117,snowy,-2.5,morning,7,2,casual,snowy_-2_morning_casual,view,0.0
U415,D078,sunny,30.7,afternoon,15,3,social,sunny_31_afternoon_social,view,0.0
U480,D100,cloudy,15.0,morning,10,0,pairing,cloudy_15_morning_pairing,view,0.0
U256,D107,snowy,-2.5,morning,7,2,casual,snowy_-2_morning_casual,rate,2.7
U125,D010,cloudy,19.5,morning,10,1,celebration,cloudy_19_morning_celebration,view,0.0
U061,D029,cloudy,19.5,morning,10,1,celebration,cloudy_19_morning_celebration,view,0.0
U074,D061,cloudy,19.7,afternoon,12,3,casual,cloudy_20_afternoon_casual,view,0.0
U048,D083,cloudy,19.1,evening,19,6,pairing,cloudy_19_evening_pairing,rate,4.7
U183,D028,stormy,16.2,afternoon,17,0,casual,stormy_16_afternoon_casual,view,0.0
U389,D051,sunny,21.0,morning,10,2,recovery,sunny_21_morning_recovery,purchase,1.0
U388,D118,cloudy,18.7,morning,8,3,business,cloudy_19_morning_business,view,0.0
U166,D025,rainy,10.1,morning,9,5,business,rainy_10_morning_business,view,0.0
U395,D061,snowy,-2.1,afternoon,16,2,casual,snowy_-2_afternoon_casual,view,0.0
U182,D082,cloudy,19.1,evening,19,6,pairing,cloudy_19_evening_pairing,rate,3.5
U343,D041,cloudy,10.4,afternoon,12,0,recovery,cloudy_10_afternoon_recovery,view,0.0
U458,D022,cloudy,19.5,morning,10,1,celebration,cloudy_19_morning_celebration,view,0.0
U327,D004,snowy,4.5,afternoon,16,4,social,snowy_5_afternoon_social,view,0.0
U460,D022,cloudy,16.7,morning,8,4,business,cloudy_17_morning_business,view,0.0
U209,D093,rainy,8.4,evening,21,1,casual,rainy_8_evening_casual,view,0.0
U404,D050,snowy,0.6,afternoon,14,0,pairing,snowy_1_afternoon_pairing,view,0.0
U059,D043,snowy,-4.5,afternoon,13,4,social,snowy_-5_afternoon_social,view,0.0
U118,D020,cloudy,13.9,afternoon,12,5,casual,cloudy_14_afternoon_casual,rate,3.6
U090,D094,rainy,12.4,evening,23,1,recovery,rainy_12_evening_recovery,view,0.0
U293,D049,cloudy,18.2,afternoon,17,1,business,cloudy_18_afternoon_business,view,0.0
U438,D026,stormy,18.3,morning,8,5,casual,stormy_18_morning_casual,view,0.0
U424,D043,cloudy,16.7,morning,8,4,business,cloudy_17_morning_business,view,0.0
U029,D040,stormy,15.1,morning,10,6,social,stormy_15_morning_social,view,0.0
U128,D084,rainy,12.0,evening,18,0,social,rainy_12_evening_social,view,0.0
U235,D007,rainy,12.0,evening,18,0,social,rainy_12_evening_social,view,0.0
U239,D056,snowy,0.6,afternoon,14,0,pairing,snowy_1_afternoon_pairing,view,0.0
U215,D088,snowy,0.6,afternoon,14,1,social,snowy_1_afternoon_social,purchase,1.0
U212,D037,snowy,-1.7,morning,9,2,celebration,snowy_-2_morning_celebration,view,0.0
U223,D119,stormy,14.5,evening,23,3,casual,stormy_15_evening_casual,rate,4.1
U366,D020,snowy,-4.2,evening,22,6,business,snowy_-4_evening_business,view,0.0
U268,D049,stormy,10.7,afternoon,12,0,casual,stormy_11_afternoon_casual,view,0.0
U350,D029,cloudy,19.5,morning,10,1,celebration,cloudy_19_morning_celebration,view,0.0
U098,D050,cloudy,14.6,morning,8,4,pairing,cloudy_15_morning_pairing,view,0.0
U290,D020,sunny,29.6,afternoon,16,0,recovery,sunny_30_afternoon_recovery,view,0.0
U394,D032,snowy,-4.5,afternoon,13,4,social,snowy_-5_afternoon_social,view,0.0
U387,D037,stormy,16.3,morning,11,5,pairing,stormy_16_morning_pairing,view,0.0
U236,D056,cloudy,19.1,evening,19,6,pairing,cloudy_19_evening_pairing,view,0.0
U110,D064,stormy,14.5,evening,23,3,casual,stormy_15_evening_casual,view,0.0
U056,D060,rainy,13.9,evening,20,3,recovery,rainy_14_evening_recovery,view,0.0
U049,D036,rainy,12.4,evening,23,1,recovery,rainy_12_evening_recovery,view,0.0
U101,D026,cloudy,16.7,morning,8,4,business,cloudy_17_morning_business,view,0.0
U338,D064,cloudy,18.2,afternoon,17,1,business,cloudy_18_afternoon_business,view,0.0
U383,D120,cloudy,19.1,evening,19,6,pairing,cloudy_19_evening_pairing,view,0.0
U031,D119,stormy,18.3,morning,8,5,casual,stormy_18_morning_casual,view,0.0
U096,D062,stormy,16.2,afternoon,17,0,casual,stormy_16_afternoon_casual,view,0.0
U266,D040,rainy,8.4,evening,21,1,casual,rainy_8_evening_casual,view,0.0
U428,D112,cloudy,19.1,evening,19,6,pairing,cloudy_19_evening_pairing,view,0.0
U247,D095,sunny,23.4,evening,18,0,pairing,sunny_23_evening_pairing,view,0.0
U439,D106,sunny,26.1,evening,22,1,recovery,sunny_26_evening_recovery,view,0.0
U397,D089,snowy,0.6,afternoon,14,0,pairing,snowy_1_afternoon_pairing,view,0.0
U460,D040,stormy,10.7,afternoon,12,0,casual,stormy_11_afternoon_casual,view,0.0
U271,D079,snowy,-4.2,evening,22,6,business,snowy_-4_evening_business,view,0.0
U032,D009,stormy,16.3,morning,11,5,pairing,stormy_16_morning_pairing,view,0.0
U219,D085,snowy,-2.1,afternoon,16,2,casual,snowy_-2_afternoon_casual,view,0.0
U201,D063,snowy,-3.2,morning,9,1,business,snowy_-3_morning_business,view,0.0
U211,D060,cloudy,14.6,morning,8,4,pairing,cloudy_15_morning_pairing,view,0.0
U048,D018,rainy,12.0,evening,18,0,social,rainy_12_evening_social,view,0.0
U196,D059,cloudy,10.4,afternoon,12,0,recovery,cloudy_10_afternoon_recovery,view,0.0
U488,D013,cloudy,14.1,evening,23,6,business,cloudy_14_evening_business,rate,1.7
U467,D077,stormy,15.1,morning,10,6,social,stormy_15_morning_social,view,0.0
U310,D004,snowy,-4.2,evening,22,6,business,snowy_-4_evening_business,rate,4.0
U187,D102,cloudy,18.2,afternoon,17,1,business,cloudy_18_afternoon_business,view,0.0
U053,D094,snowy,-3.6,morning,8,5,social,snowy_-4_morning_social,view,0.0
U237,D118,sunny,26.1,evening,22,1,recovery,sunny_26_evening_recovery,rate,3.4
U422,D072,stormy,14.5,evening,23,3,casual,stormy_15_evening_casual,view,0.0
U006,D078,cloudy,15.0,morning,10,0,pairing,cloudy_15_morning_pairing,view,0.0
U387,D059,snowy,-3.2,morning,9,1,business,snowy_-3_morning_business,view,0.0
U287,D093,stormy,16.2,afternoon,17,0,casual,stormy_16_afternoon_casual,view,0.0
U345,D041,sunny,23.4,evening,18,0,pairing,sunny_23_evening_pairing,view,0.0
U250,D084,snowy,-4.2,evening,22,6,business,snowy_-4_evening_business,view,0.0
U388,D013,cloudy,14.1,evening,23,6,business,cloudy_14_evening_business,view,0.0
U114,D049,sunny,33.7,afternoon,14,3,celebration,sunny_34_afternoon_celebration,view,0.0
U337,D054,stormy,12.8,evening,22,2,casual,stormy_13_evening_casual,view,0.0
U399,D077,stormy,10.7,afternoon,12,0,casual,stormy_11_afternoon_casual,view,0.0
U328,D114,cloudy,12.4,evening,18,6,pairing,cloudy_12_evening_pairing,view,0.0
U174,D072,stormy,14.5,evening,23,3,casual,stormy_15_evening_casual,rate,4.1
U269,D039,rainy,11.5,morning,10,0,casual,rainy_12_morning_casual,view,0.0
U473,D061,rainy,12.0,evening,18,0,social,rainy_12_evening_social,view,0.0
U246,D082,stormy,10.7,afternoon,12,0,casual,stormy_11_afternoon_casual,view,0.0
U013,D096,sunny,29.6,afternoon,16,0,recovery,sunny_30_afternoon_recovery,view,0.0
U094,D082,rainy,12.4,evening,23,1,recovery,rainy_12_evening_recovery,view,0.0
U094,D021,snowy,0.6,afternoon,14,0,pairing,snowy_1_afternoon_pairing,view,0.0
U424,D083,snowy,-4.5,afternoon,13,4,social,snowy_-5_afternoon_social,rate,3.0
U479,D053,cloudy,19.1,evening,19,6,pairing,cloudy_19_evening_pairing,view,0.0
U414,D033,snowy,0.6,afternoon,14,1,social,snowy_1_afternoon_social,view,0.0
U001,D044,snowy,-2.5,morning,7,2,casual,snowy_-2_morning_casual,view,0.0
U208,D009,cloudy,15.0,morning,10,0,pairing,cloudy_15_morning_pairing,view,0.0
U481,D109,rainy,10.1,morning,9,5,business,rainy_10_morning_business,rate,1.8
U155,D062,snowy,-3.2,morning,9,1,business,snowy_-3_morning_business,view,0.0
U232,D042,stormy,18.3,morning,8,5,casual,stormy_18_morning_casual,view,0.0
U351,D017,rainy,9.4,evening,20,2,business,rainy_9_evening_business,view,0.0
U221,D085,sunny,21.0,morning,10,2,recovery,sunny_21_morning_recovery,view,0.0
U056,D006,cloudy,16.7,morning,8,4,business,cloudy_17_morning_business,view,0.0
U421,D109,stormy,14.5,evening,23,3,casual,stormy_15_evening_casual,view,0.0
U227,D115,stormy,18.3,morning,8,5,casual,stormy_18_morning_casual,view,0.0
U149,D115,rainy,7.0,afternoon,16,2,social,rainy_7_afternoon_social,view,0.0
U339,D103,cloudy,11.9,morning,7,1,social,cloudy_12_morning_social,view,0.0
U006,D019,cloudy,18.2,afternoon,17,1,business,cloudy_18_afternoon_business,view,0.0
U038,D119,rainy,11.5,morning,10,0,casual,rainy_12_morning_casual,view,0.0
U068,D086,stormy,15.1,morning,10,6,social,stormy_15_morning_social,rate,2.4
U269,D052,cloudy,15.0,morning,10,0,pairing,cloudy_15_morning_pairing,view,0.0
U228,D119,rainy,8.4,evening,21,1,casual,rainy_8_evening_casual,view,0.0
U252,D099,rainy,8.4,evening,21,1,casual,rainy_8_evening_casual,view,0.0
U284,D001,snowy,-1.7,morning,9,2,celebration,snowy_-2_morning_celebration,view,0.0
U296,D097,snowy,-3.2,morning,9,1,business,snowy_-3_morning_business,view,0.0
U208,D114,rainy,14.4,morning,11,1,recovery,rainy_14_morning_recovery,view,0.0
U411,D009,snowy,0.3,morning,7,0,business,snowy_0_morning_business,view,0.0
U076,D031,sunny,30.7,afternoon,15,3,social,sunny_31_afternoon_social,view,0.0
U237,D025,sunny,26.1,evening,22,1,recovery,sunny_26_evening_recovery,view,0.0
U408,D118,snowy,-1.7,morning,9,2,celebration,snowy_-2_morning_celebration,rate,3.6
U360,D010,cloudy,19.5,morning,10,1,celebration,cloudy_19_morning_celebration,rate,4.3
U442,D027,rainy,12.0,evening,18,0,social,rainy_12_evening_social,view,0.0
U163,D076,sunny,22.3,morning,11,4,pairing,sunny_22_morning_pairing,view,0.0
U282,D047,sunny,26.1,evening,22,1,recovery,sunny_26_evening_recovery,view,0.0
U434,D084,snowy,-3.2,morning,9,1,business,snowy_-3_morning_business,rate,2.3
U183,D112,snowy,4.5,afternoon,16,4,social,snowy_5_afternoon_social,view,0.0
U066,D030,snowy,-3.6,morning,8,5,social,snowy_-4_morning_social,view,0.0
U473,D084,cloudy,18.7,morning,8,3,business,cloudy_19_morning_business,view,0.0
U469,D062,rainy,9.4,evening,20,2,business,rainy_9_evening_business,view,0.0
U253,D015,rainy,8.4,evening,21,1,casual,rainy_8_evening_casual,view,0.0
U302,D025,sunny,21.0,morning,10,2,recovery,sunny_21_morning_recovery,view,0.0
U378,D005,cloudy,17.3,afternoon,15,3,recovery,cloudy_17_afternoon_recovery,rate,2.4
U303,D087,rainy,14.4,morning,11,1,recovery,rainy_14_morning_recovery,view,0.0
U149,D092,snowy,-2.5,morning,7,2,casual,snowy_-2_morning_casual,view,0.0
U151,D064,snowy,-3.6,morning,8,5,social,snowy_-4_morning_social,view,0.0
U138,D089,cloudy,18.7,morning,8,3,business,cloudy_19_morning_business,view,0.0
U203,D061,stormy,16.2,afternoon,17,0,casual,stormy_16_afternoon_casual,view,0.0
U181,D055,rainy,11.5,morning,10,0,casual,rainy_12_morning_casual,view,0.0
U237,D102,sunny,21.6,afternoon,17,3,recovery,sunny_22_afternoon_recovery,view,0.0
U059,D112,rainy,7.0,afternoon,16,2,social,rainy_7_afternoon_social,view,0.0
U188,D051,cloudy,13.9,afternoon,12,5,casual,cloudy_14_afternoon_casual,view,0.0
U108,D076,snowy,-4.2,evening,22,6,business,snowy_-4_evening_business,view,0.0
U379,D072,cloudy,11.9,morning,7,1,social,cloudy_12_morning_social,purchase,1.0
U457,D103,sunny,23.4,evening,18,0,pairing,sunny_23_evening_pairing,view,0.0
U184,D111,sunny,26.1,evening,22,1,recovery,sunny_26_evening_recovery,view,0.0
U052,D089,snowy,-3.2,morning,9,1,business,snowy_-3_morning_business,view,0.0
U278,D040,rainy,11.5,morning,10,0,casual,rainy_12_morning_casual,view,0.0
U321,D063,snowy,-1.7,morning,9,2,celebration,snowy_-2_morning_celebration,view,0.0
U405,D079,stormy,10.7,afternoon,12,0,casual,stormy_11_afternoon_casual,view,0.0
U099,D109,rainy,12.0,evening,18,0,social,rainy_12_evening_social,view,0.0
U175,D017,stormy,10.7,afternoon,12,0,casual,stormy_11_afternoon_casual,view,0.0
U141,D017,cloudy,18.2,afternoon,17,1,business,cloudy_18_afternoon_business,view,0.0
U078,D045,cloudy,17.3,afternoon,15,3,recovery,cloudy_17_afternoon_recovery,view,0.0
U014,D111,stormy,14.5,evening,23,3,casual,stormy_15_evening_casual,view,0.0
U310,D027,rainy,12.4,evening,23,1,recovery,rainy_12_evening_recovery,view,0.0
U245,D120,snowy,-2.5,morning,7,2,casual,snowy_-2_morning_casual,view,0.0
U197,D086,cloudy,18.7,morning,8,3,business,cloudy_19_morning_business,view,0.0
U418,D026,snowy,0.3,morning,7,0,business,snowy_0_morning_business,view,0.0
U020,D006,cloudy,17.3,afternoon,15,3,recovery,cloudy_17_afternoon_recovery,view,0.0
U242,D018,rainy,14.4,morning,11,1,recovery,rainy_14_morning_recovery,view,0.0
U014,D078,rainy,12.4,evening,23,1,recovery,rainy_12_evening_recovery,view,0.0
U044,D119,snowy,-4.5,afternoon,13,4,social,snowy_-5_afternoon_social,view,0.0
U491,D111,sunny,26.0,afternoon,12,1,casual,sunny_26_afternoon_casual,view,0.0
U419,D019,sunny,33.7,afternoon,14,3,celebration,sunny_34_afternoon_celebration,view,0.0
U416,D048,sunny,26.0,afternoon,12,1,casual,sunny_26_afternoon_casual,view,0.0
U317,D017,cloudy,14.6,morning,8,4,pairing,cloudy_15_morning_pairing,view,0.0
U065,D099,cloudy,15.0,morning,10,0,pairing,cloudy_15_morning_pairing,view,0.0
U454,D058,rainy,10.1,morning,9,5,business,rainy_10_morning_business,view,0.0
U463,D111,rainy,14.4,morning,11,1,recovery,rainy_14_morning_recovery,view,0.0
U208,D092,rainy,12.0,evening,18,0,social,rainy_12_evening_social,view,0.0
U429,D090,cloudy,11.9,morning,7,1,social,cloudy_12_morning_social,view,0.0
U194,D031,snowy,-3.6,morning,8,5,social,snowy_-4_morning_social,view,0.0
U280,D015,cloudy,19.7,afternoon,12,3,casual,cloudy_20_afternoon_casual,view,0.0
U487,D045,rainy,7.0,afternoon,16,2,social,rainy_7_afternoon_social,view,0.0
U364,D115,snowy,-4.2,evening,22,6,business,snowy_-4_evening_business,view,0.0
U313,D080,snowy,-2.5,morning,7,2,casual,snowy_-2_morning_casual,view,0.0
U230,D018,sunny,29.6,afternoon,16,0,recovery,sunny_30_afternoon_recovery,view,0.0
U221,D039,sunny,26.1,evening,22,1,recovery,sunny_26_evening_recovery,view,0.0
U173,D023,stormy,16.2,afternoon,17,0,casual,stormy_16_afternoon_casual,view,0.0
U440,D110,sunny,26.0,afternoon,12,1,casual,sunny_26_afternoon_casual,view,0.0
U407,D006,cloudy,15.0,morning,10,0,pairing,cloudy_15_morning_pairing,view,0.0
U271,D040,cloudy,15.0,morning,10,0,pairing,cloudy_15_morning_pairing,view,0.0
U202,D084,cloudy,17.3,afternoon,15,3,recovery,cloudy_17_afternoon_recovery,view,0.0
U379,D063,snowy,-3.6,morning,8,5,social,snowy_-4_morning_social,view,0.0
U299,D017,cloudy,15.0,morning,10,0,pairing,cloudy_15_morning_pairing,rate,2.6
U297,D083,stormy,16.2,afternoon,17,0,casual,stormy_16_afternoon_casual,view,0.0
U454,D035,cloudy,16.7,morning,8,4,business,cloudy_17_morning_business,view,0.0
U150,D112,stormy,18.3,morning,8,5,casual,stormy_18_morning_casual,view,0.0
U490,D003,snowy,0.6,afternoon,14,1,social,snowy_1_afternoon_social,view,0.0
U087,D014,rainy,9.4,evening,20,2,business,rainy_9_evening_business,view,0.0
U251,D105,snowy,0.6,afternoon,14,1,social,snowy_1_afternoon_social,view,0.0
U083,D047,stormy,16.2,afternoon,17,0,casual,stormy_16_afternoon_casual,view,0.0
U256,D087,cloudy,13.9,afternoon,12,5,casual,cloudy_14_afternoon_casual,view,0.0
U482,D109,snowy,0.6,afternoon,14,0,pairing,snowy_1_afternoon_pairing,view,0.0
U074,D078,snowy,-1.7,morning,9,2,celebration,snowy_-2_morning_celebration,view,0.0
U314,D094,sunny,22.3,morning,11,4,pairing,sunny_22_morning_pairing,view,0.0
U355,D116,snowy,0.6,afternoon,14,0,pairing,snowy_1_afternoon_pairing,view,0.0
U099,D075,stormy,18.3,morning,8,5,casual,stormy_18_morning_casual,view,0.0
U214,D045,cloudy,14.6,morning,8,4,pairing,cloudy_15_morning_pairing,view,0.0
U448,D064,rainy,7.0,afternoon,16,2,social,rainy_7_afternoon_social,rate,2.7
U054,D075,rainy,12.0,evening,18,0,social,rainy_12_evening_social,view,0.0
U018,D099,stormy,15.1,morning,10,6,social,stormy_15_morning_social,rate,4.1
U491,D047,snowy,0.3,morning,7,0,business,snowy_0_morning_business,view,0.0
U076,D060,rainy,12.4,evening,23,1,recovery,rainy_12_evening_recovery,view,0.0
U246,D002,stormy,15.1,morning,10,6,social,stormy_15_morning_social,view,0.0
U283,D079,stormy,14.5,evening,23,3,casual,stormy_15_evening_casual,rate,2.5
U430,D063,stormy,16.3,morning,11,5,pairing,stormy_16_morning_pairing,view,0.0
U141,D043,stormy,10.7,afternoon,12,0,casual,stormy_11_afternoon_casual,view,0.0
U465,D120,stormy,12.8,evening,22,2,casual,stormy_13_evening_casual,view,0.0
U325,D090,rainy,12.0,evening,18,0,social,rainy_12_evening_social,view,0.0
U118,D093,snowy,0.3,morning,7,0,business,snowy_0_morning_business,view,0.0
U414,D023,rainy,12.0,evening,18,0,social,rainy_12_evening_social,view,0.0
U071,D109,rainy,11.5,morning,10,0,casual,rainy_12_morning_casual,view,0.0
U399,D100,snowy,0.3,morning,7,0,business,snowy_0_morning_business,view,0.0
U275,D077,snowy,-1.7,morning,9,2,celebration,snowy_-2_morning_celebration,view,0.0
U165,D027,sunny,21.6,afternoon,17,3,recovery,sunny_22_afternoon_recovery,view,0.0
U326,D063,stormy,12.8,evening,22,2,casual,stormy_13_evening_casual,view,0.0
U224,D016,snowy,-2.1,afternoon,16,2,casual,snowy_-2_afternoon_casual,view,0.0
U356,D030,cloudy,14.1,evening,23,6,business,cloudy_14_evening_business,view,0.0
U034,D013,cloudy,19.7,afternoon,12,3,casual,cloudy_20_afternoon_casual,view,0.0
U221,D100,cloudy,16.7,morning,8,4,business,cloudy_17_morning_business,view,0.0
U367,D036,snowy,0.6,afternoon,14,1,social,snowy_1_afternoon_social,view,0.0
U403,D038,cloudy,17.3,afternoon,15,3,recovery,cloudy_17_afternoon_recovery,view,0.0
U335,D057,sunny,33.7,afternoon,14,3,celebration,sunny_34_afternoon_celebration,view,0.0
U388,D050,snowy,-2.1,afternoon,16,2,casual,snowy_-2_afternoon_casual,view,0.0
U343,D075,rainy,11.5,morning,10,0,casual,rainy_12_morning_casual,view,0.0
U324,D093,sunny,26.0,afternoon,12,1,casual,sunny_26_afternoon_casual,view,0.0
U298,D009,snowy,-1.7,morning,9,2,celebration,snowy_-2_morning_celebration,view,0.0
U068,D019,snowy,-1.7,morning,9,2,celebration,snowy_-2_morning_celebration,view,0.0
U384,D035,sunny,21.0,morning,10,2,recovery,sunny_21_morning_recovery,view,0.0
U339,D095,cloudy,15.0,morning,10,0,pairing,cloudy_15_morning_pairing,view,0.0
U372,D010,rainy,7.0,afternoon,16,2,social,rainy_7_afternoon_social,view,0.0
U472,D017,cloudy,15.0,morning,10,0,pairing,cloudy_15_morning_pairing,view,0.0
U302,D039,sunny,23.4,evening,18,0,pairing,sunny_23_evening_pairing,view,0.0
U129,D011,sunny,21.0,morning,10,2,recovery,sunny_21_morning_recovery,view,0.0
U410,D111,sunny,29.6,afternoon,16,0,recovery,sunny_30_afternoon_recovery,view,0.0
U209,D097,stormy,18.3,morning,8,5,casual,stormy_18_morning_casual,purchase,1.0
U321,D047,cloudy,11.9,morning,7,1,social,cloudy_12_morning_social,view,0.0
U199,D002,snowy,-1.7,morning,9,2,celebration,snowy_-2_morning_celebration,view,0.0
U108,D019,stormy,15.1,morning,10,6,social,stormy_15_morning_social,view,0.0
U306,D043,stormy,18.3,morning,8,5,casual,stormy_18_morning_casual,view,0.0
U012,D067,snowy,-1.7,morning,9,2,celebration,snowy_-2_morning_celebration,view,0.0
U182,D066,cloudy,18.7,morning,8,3,business,cloudy_19_morning_business,view,0.0
U316,D054,cloudy,13.9,afternoon,12,5,casual,cloudy_14_afternoon_casual,view,0.0
U284,D025,cloudy,15.0,morning,10,0,pairing,cloudy_15_morning_pairing,view,0.0
U444,D042,stormy,16.3,morning,11,5,pairing,stormy_16_morning_pairing,view,0.0
U361,D118,snowy,-1.7,morning,9,2,celebration,snowy_-2_morning_celebration,view,0.0
U246,D080,cloudy,14.1,evening,23,6,business,cloudy_14_evening_business,view,0.0
U468,D114,cloudy,19.7,afternoon,12,3,casual,cloudy_20_afternoon_casual,view,0.0
U336,D034,cloudy,15.0,morning,10,0,pairing,cloudy_15_morning_pairing,view,0.0
U322,D012,stormy,16.3,morning,11,5,pairing,stormy_16_morning_pairing,view,0.0
U346,D073,rainy,13.9,evening,20,3,recovery,rainy_14_evening_recovery,view,0.0
U226,D048,sunny,33.7,afternoon,14,3,celebration,sunny_34_afternoon_celebration,view,0.0
U066,D065,stormy,12.8,evening,22,2,casual,stormy_13_evening_casual,view,0.0
U411,D002,sunny,23.4,evening,18,0,pairing,sunny_23_evening_pairing,view,0.0
U194,D029,snowy,-4.5,afternoon,13,4,social,snowy_-5_afternoon_social,view,0.0
U156,D084,snowy,-4.2,evening,22,6,business,snowy_-4_evening_business,view,0.0
U394,D110,rainy,10.1,morning,9,5,business,rainy_10_morning_business,view,0.0
U216,D014,sunny,26.1,evening,22,1,recovery,sunny_26_evening_recovery,rate,2.6
U454,D036,cloudy,14.1,evening,23,6,business,cloudy_14_evening_business,view,0.0
U206,D080,stormy,12.8,evening,22,2,casual,stormy_13_evening_casual,view,0.0
U096,D033,cloudy,14.1,evening,23,6,business,cloudy_14_evening_business,view,0.0
U018,D038,snowy,-3.6,morning,8,5,social,snowy_-4_morning_social,view,0.0
U365,D016,stormy,16.2,afternoon,17,0,casual,stormy_16_afternoon_casual,view,0.0
U104,D115,rainy,10.1,morning,9,5,business,rainy_10_morning_business,view,0.0
U206,D070,snowy,-3.2,morning,9,1,business,snowy_-3_morning_business,view,0.0
U493,D087,rainy,10.1,morning,9,5,business,rainy_10_morning_business,view,0.0
U046,D032,snowy,-4.5,afternoon,13,4,social,snowy_-5_afternoon_social,view,0.0
U169,D054,snowy,0.3,morning,7,0,business,snowy_0_morning_business,view,0.0
U261,D109,cloudy,12.4,evening,18,6,pairing,cloudy_12_evening_pairing,view,0.0
U104,D078,snowy,-4.5,afternoon,13,4,social,snowy_-5_afternoon_social,view,0.0
U245,D031,snowy,-2.5,morning,7,2,casual,snowy_-2_morning_casual,view,0.0
U083,D110,cloudy,19.1,evening,19,6,pairing,cloudy_19_evening_pairing,view,0.0
U397,D084,snowy,-2.5,morning,7,2,casual,snowy_-2_morning_casual,view,0.0
U285,D070,cloudy,10.4,afternoon,12,0,recovery,cloudy_10_afternoon_recovery,view,0.0
U450,D045,stormy,16.2,afternoon,17,0,casual,stormy_16_afternoon_casual,view,0.0
U089,D072,snowy,4.5,afternoon,16,4,social,snowy_5_afternoon_social,view,0.0
U343,D096,stormy,18.3,morning,8,5,casual,stormy_18_morning_casual,view,0.0
U054,D088,stormy,18.3,morning,8,5,casual,stormy_18_morning_casual,view,0.0
U218,D016,snowy,-2.5,morning,7,2,casual,snowy_-2_morning_casual,view,0.0
U451,D065,snowy,0.3,morning,7,0,business,snowy_0_morning_business,view,0.0
U194,D029,sunny,33.7,afternoon,14,3,celebration,sunny_34_afternoon_celebration,view,0.0
U029,D112,rainy,9.4,evening,20,2,business,rainy_9_evening_business,view,0.0
U163,D069,cloudy,12.4,evening,18,6,pairing,cloudy_12_evening_pairing,view,0.0
U212,D109,sunny,33.7,afternoon,14,3,celebration,sunny_34_afternoon_celebration,view,0.0
U260,D115,cloudy,19.5,morning,10,1,celebration,cloudy_19_morning_celebration,view,0.0
U173,D043,rainy,12.4,evening,23,1,recovery,rainy_12_evening_recovery,view,0.0
U441,D086,cloudy,11.9,morning,7,1,social,cloudy_12_morning_social,view,0.0
U437,D109,cloudy,16.7,morning,8,4,business,cloudy_17_morning_business,view,0.0
U456,D116,stormy,14.5,evening,23,3,casual,stormy_15_evening_casual,rate,1.4
U026,D023,cloudy,19.7,afternoon,12,3,casual,cloudy_20_afternoon_casual,view,0.0
U137,D020,cloudy,19.5,morning,10,1,celebration,cloudy_19_morning_celebration,view,0.0
U435,D012,snowy,-4.5,afternoon,13,4,social,snowy_-5_afternoon_social,view,0.0
U462,D011,stormy,15.1,morning,10,6,social,stormy_15_morning_social,view,0.0
U011,D038,sunny,26.1,evening,22,1,recovery,sunny_26_evening_recovery,view,0.0
U448,D006,rainy,8.4,evening,21,1,casual,rainy_8_evening_casual,view,0.0
U369,D042,cloudy,11.9,morning,7,1,social,cloudy_12_morning_social,view,0.0
U232,D072,snowy,0.3,morning,7,0,business,snowy_0_morning_business,view,0.0
U267,D103,rainy,14.4,morning,11,1,recovery,rainy_14_morning_recovery,view,0.0
U154,D102,rainy,8.4,evening,21,1,casual,rainy_8_evening_casual,view,0.0
U051,D117,rainy,11.5,morning,10,0,casual,rainy_12_morning_casual,view,0.0
U088,D080,rainy,12.4,evening,23,1,recovery,rainy_12_evening_recovery,view,0.0
U118,D054,rainy,14.4,morning,11,1,recovery,rainy_14_morning_recovery,view,0.0
U305,D007,rainy,8.4,evening,21,1,casual,rainy_8_evening_casual,view,0.0
U348,D054,sunny,22.3,morning,11,4,pairing,sunny_22_morning_pairing,view,0.0
U279,D114,cloudy,11.9,morning,7,1,social,cloudy_12_morning_social,view,0.0
U313,D026,cloudy,10.4,afternoon,12,0,recovery,cloudy_10_afternoon_recovery,view,0.0
U467,D097,stormy,12.8,evening,22,2,casual,stormy_13_evening_casual,view,0.0
U035,D030,cloudy,11.9,morning,7,1,social,cloudy_12_morning_social,purchase,1.0
U208,D110,cloudy,13.9,afternoon,12,5,casual,cloudy_14_afternoon_casual,rate,4.5
U110,D120,cloudy,10.4,afternoon,12,0,recovery,cloudy_10_afternoon_recovery,view,0.0
U106,D047,cloudy,18.2,afternoon,17,1,business,cloudy_18_afternoon_business,view,0.0
U217,D106,cloudy,14.6,morning,8,4,pairing,cloudy_15_morning_pairing,view,0.0
U210,D113,sunny,22.3,morning,11,4,pairing,sunny_22_morning_pairing,view,0.0
U441,D007,snowy,0.6,afternoon,14,0,pairing,snowy_1_afternoon_pairing,view,0.0
U230,D091,rainy,9.4,evening,20,2,business,rainy_9_evening_business,view,0.0
U437,D060,sunny,26.1,evening,22,1,recovery,sunny_26_evening_recovery,view,0.0
U132,D043,stormy,15.1,morning,10,6,social,stormy_15_morning_social,view,0.0
U071,D094,sunny,29.6,afternoon,16,0,recovery,sunny_30_afternoon_recovery,view,0.0
U291,D008,sunny,30.7,afternoon,15,3,social,sunny_31_afternoon_social,view,0.0
U434,D116,cloudy,19.7,afternoon,12,3,casual,cloudy_20_afternoon_casual,view,0.0
U334,D018,cloudy,11.9,morning,7,1,social,cloudy_12_morning_social,view,0.0
U016,D099,snowy,0.3,morning,7,0,business,snowy_0_morning_business,view,0.0
U031,D004,rainy,11.5,morning,10,0,casual,rainy_12_morning_casual,view,0.0
U304,D046,stormy,15.1,morning,10,6,social,stormy_15_morning_social,view,0.0
U489,D004,cloudy,13.9,afternoon,12,5,casual,cloudy_14_afternoon_casual,view,0.0
U203,D066,sunny,26.0,afternoon,12,1,casual,sunny_26_afternoon_casual,rate,2.4
U090,D053,cloudy,14.6,morning,8,4,pairing,cloudy_15_morning_pairing,view,0.0
U383,D058,stormy,15.1,morning,10,6,social,stormy_15_morning_social,rate,1.7
U070,D044,stormy,14.5,evening,23,3,casual,stormy_15_evening_casual,view,0.0
U019,D101,snowy,-2.1,afternoon,16,2,casual,snowy_-2_afternoon_casual,view,0.0
U357,D030,snowy,-1.7,morning,9,2,celebration,snowy_-2_morning_celebration,view,0.0
U229,D012,cloudy,13.9,afternoon,12,5,casual,cloudy_14_afternoon_casual,view,0.0
U393,D118,sunny,21.0,morning,10,2,recovery,sunny_21_morning_recovery,view,0.0
U029,D033,cloudy,19.7,afternoon,12,3,casual,cloudy_20_afternoon_casual,view,0.0
U271,D002,snowy,-4.2,evening,22,6,business,snowy_-4_evening_business,view,0.0
U438,D018,snowy,-3.6,morning,8,5,social,snowy_-4_morning_social,view,0.0
U210,D108,cloudy,18.2,afternoon,17,1,business,cloudy_18_afternoon_business,view,0.0
U417,D108,sunny,23.4,evening,18,0,pairing,sunny_23_evening_pairing,view,0.0
U068,D082,rainy,14.4,morning,11,1,recovery,rainy_14_morning_recovery,view,0.0
U093,D088,cloudy,16.7,morning,8,4,business,cloudy_17_morning_business,view,0.0
U383,D006,snowy,-1.7,morning,9,2,celebration,snowy_-2_morning_celebration,view,0.0
U185,D085,rainy,12.0,evening,18,0,social,rainy_12_evening_social,view,0.0
U167,D028,cloudy,15.0,morning,10,0,pairing,cloudy_15_morning_pairing,view,0.0
U119,D049,snowy,0.6,afternoon,14,1,social,snowy_1_afternoon_social,view,0.0
U150,D032,stormy,16.2,afternoon,17,0,casual,stormy_16_afternoon_casual,view,0.0
U042,D053,cloudy,15.0,morning,10,0,pairing,cloudy_15_morning_pairing,view,0.0
U251,D039,snowy,-4.5,afternoon,13,4,social,snowy_-5_afternoon_social,view,0.0
U123,D111,snowy,-3.6,morning,8,5,social,snowy_-4_morning_social,view,0.0
U348,D029,snowy,-4.5,afternoon,13,4,social,snowy_-5_afternoon_social,view,0.0
U396,D111,cloudy,18.2,afternoon,17,1,business,cloudy_18_afternoon_business,view,0.0
U147,D067,stormy,14.5,evening,23,3,casual,stormy_15_evening_casual,view,0.0
U122,D084,snowy,0.3,morning,7,0,business,snowy_0_morning_business,view,0.0
U085,D067,cloudy,14.1,evening,23,6,business,cloudy_14_evening_business,view,0.0
U016,D077,snowy,-3.6,morning,8,5,social,snowy_-4_morning_social,view,0.0
U316,D078,rainy,12.4,evening,23,1,recovery,rainy_12_evening_recovery,view,0.0
U327,D015,cloudy,14.6,morning,8,4,pairing,cloudy_15_morning_pairing,view,0.0
U425,D022,sunny,30.7,afternoon,15,3,social,sunny_31_afternoon_social,view,0.0
U428,D001,rainy,13.9,evening,20,3,recovery,rainy_14_evening_recovery,rate,4.4
U440,D113,cloudy,10.4,afternoon,12,0,recovery,cloudy_10_afternoon_recovery,rate,4.9
U188,D026,rainy,8.4,evening,21,1,casual,rainy_8_evening_casual,view,0.0
U425,D036,cloudy,19.1,evening,19,6,pairing,cloudy_19_evening_pairing,purchase,1.0
U495,D069,cloudy,19.7,afternoon,12,3,casual,cloudy_20_afternoon_casual,view,0.0
U190,D013,cloudy,19.7,afternoon,12,3,casual,cloudy_20_afternoon_casual,view,0.0
U146,D059,cloudy,11.9,morning,7,1,social,cloudy_12_morning_social,view,0.0
U155,D032,snowy,0.3,morning,7,0,business,snowy_0_morning_business,view,0.0
U480,D084,cloudy,11.9,morning,7,1,social,cloudy_12_morning_social,view,0.0
U302,D098,snowy,0.6,afternoon,14,0,pairing,snowy_1_afternoon_pairing,rate,3.4
U464,D024,snowy,0.6,afternoon,14,0,pairing,snowy_1_afternoon_pairing,view,0.0
U429,D013,stormy,16.2,afternoon,17,0,casual,stormy_16_afternoon_casual,view,0.0
U118,D082,snowy,0.3,morning,7,0,business,snowy_0_morning_business,view,0.0
U458,D119,cloudy,14.1,evening,23,6,business,cloudy_14_evening_business,view,0.0
U319,D076,snowy,0.3,morning,7,0,business,snowy_0_morning_business,view,0.0
U111,D055,stormy,18.3,morning,8,5,casual,stormy_18_morning_casual,view,0.0
U487,D053,stormy,15.1,morning,10,6,social,stormy_15_morning_social,view,0.0
U374,D045,sunny,26.0,afternoon,12,1,casual,sunny_26_afternoon_casual,view,0.0
U193,D051,cloudy,19.7,afternoon,12,3,casual,cloudy_20_afternoon_casual,rate,1.7
U275,D082,snowy,-3.2,morning,9,1,business,snowy_-3_morning_business,view,0.0
U348,D060,rainy,9.4,evening,20,2,business,rainy_9_evening_business,view,0.0
U379,D052,cloudy,18.7,morning,8,3,business,cloudy_19_morning_business,rate,4.6
U127,D099,stormy,16.3,morning,11,5,pairing,stormy_16_morning_pairing,view,0.0
U333,D087,cloudy,16.7,morning,8,4,business,cloudy_17_morning_business,view,0.0
U496,D035,cloudy,14.1,evening,23,6,business,cloudy_14_evening_business,view,0.0
U236,D055,cloudy,16.7,morning,8,4,business,cloudy_17_morning_business,view,0.0
U232,D085,cloudy,10.4,afternoon,12,0,recovery,cloudy_10_afternoon_recovery,view,0.0
U134,D023,cloudy,19.1,evening,19,6,pairing,cloudy_19_evening_pairing,view,0.0
U407,D096,cloudy,13.9,afternoon,12,5,casual,cloudy_14_afternoon_casual,rate,2.4
U463,D097,sunny,21.0,morning,10,2,recovery,sunny_21_morning_recovery,view,0.0
U407,D091,cloudy,14.1,evening,23,6,business,cloudy_14_evening_business,view,0.0
U088,D115,snowy,0.3,morning,7,0,business,snowy_0_morning_business,view,0.0
U170,D007,sunny,29.6,afternoon,16,0,recovery,sunny_30_afternoon_recovery,view,0.0
U347,D006,cloudy,12.4,evening,18,6,pairing,cloudy_12_evening_pairing,view,0.0
U109,D057,sunny,23.4,evening,18,0,pairing,sunny_23_evening_pairing,view,0.0
U296,D112,cloudy,14.1,evening,23,6,business,cloudy_14_evening_business,view,0.0
U343,D020,rainy,11.5,morning,10,0,casual,rainy_12_morning_casual,rate,1.2
U028,D041,rainy,7.0,afternoon,16,2,social,rainy_7_afternoon_social,view,0.0
U498,D041,cloudy,17.3,afternoon,15,3,recovery,cloudy_17_afternoon_recovery,rate,2.0
U390,D045,stormy,18.3,morning,8,5,casual,stormy_18_morning_casual,view,0.0
U168,D003,snowy,-2.5,morning,7,2,casual,snowy_-2_morning_casual,view,0.0
U019,D018,cloudy,18.7,morning,8,3,business,cloudy_19_morning_business,view,0.0
U344,D109,snowy,-2.5,morning,7,2,casual,snowy_-2_morning_casual,view,0.0
U484,D025,cloudy,14.1,evening,23,6,business,cloudy_14_evening_business,view,0.0
U126,D107,sunny,26.1,evening,22,1,recovery,sunny_26_evening_recovery,view,0.0
U226,D093,cloudy,19.5,morning,10,1,celebration,cloudy_19_morning_celebration,view,0.0
U025,D016,snowy,0.6,afternoon,14,1,social,snowy_1_afternoon_social,view,0.0
U403,D097,sunny,26.1,evening,22,1,recovery,sunny_26_evening_recovery,view,0.0
U360,D055,snowy,-2.1,afternoon,16,2,casual,snowy_-2_afternoon_casual,view,0.0
U381,D045,cloudy,17.3,afternoon,15,3,recovery,cloudy_17_afternoon_recovery,view,0.0
U070,D096,sunny,22.3,morning,11,4,pairing,sunny_22_morning_pairing,view,0.0
U039,D031,snowy,-1.7,morning,9,2,celebration,snowy_-2_morning_celebration,view,0.0
U244,D018,sunny,30.7,afternoon,15,3,social,sunny_31_afternoon_social,view,0.0
U329,D095,snowy,-4.5,afternoon,13,4,social,snowy_-5_afternoon_social,view,0.0
U168,D009,cloudy,14.1,evening,23,6,business,cloudy_14_evening_business,view,0.0
U388,D081,rainy,12.0,evening,18,0,social,rainy_12_evening_social,view,0.0
U377,D052,stormy,16.2,afternoon,17,0,casual,stormy_16_afternoon_casual,view,0.0
U276,D079,snowy,-2.1,afternoon,16,2,casual,snowy_-2_afternoon_casual,view,0.0
U093,D013,rainy,14.4,morning,11,1,recovery,rainy_14_morning_recovery,purchase,1.0
U330,D061,sunny,23.4,evening,18,0,pairing,sunny_23_evening_pairing,view,0.0
U067,D112,rainy,8.4,evening,21,1,casual,rainy_8_evening_casual,view,0.0
U478,D117,stormy,18.3,morning,8,5,casual,stormy_18_morning_casual,view,0.0
U298,D013,stormy,12.8,evening,22,2,casual,stormy_13_evening_casual,view,0.0
U268,D037,rainy,13.9,evening,20,3,recovery,rainy_14_evening_recovery,rate,1.2
U199,D002,cloudy,19.1,evening,19,6,pairing,cloudy_19_evening_pairing,view,0.0
U320,D103,sunny,21.0,morning,10,2,recovery,sunny_21_morning_recovery,rate,2.2
U179,D069,sunny,23.4,evening,18,0,pairing,sunny_23_evening_pairing,view,0.0
U434,D020,sunny,26.0,afternoon,12,1,casual,sunny_26_afternoon_casual,view,0.0
U493,D002,cloudy,10.4,afternoon,12,0,recovery,cloudy_10_afternoon_recovery,view,0.0
U359,D092,snowy,-1.7,morning,9,2,celebration,snowy_-2_morning_celebration,view,0.0
U195,D058,snowy,-2.5,morning,7,2,casual,snowy_-2_morning_casual,view,0.0
U374,D084,stormy,16.2,afternoon,17,0,casual,stormy_16_afternoon_casual,view,0.0
U315,D060,cloudy,19.5,morning,10,1,celebration,cloudy_19_morning_celebration,view,0.0
U318,D016,sunny,30.7,afternoon,15,3,social,sunny_31_afternoon_social,view,0.0
U015,D089,sunny,26.0,afternoon,12,1,casual,sunny_26_afternoon_casual,view,0.0
U183,D014,cloudy,18.7,morning,8,3,business,cloudy_19_morning_business,view,0.0
U100,D007,cloudy,13.9,afternoon,12,5,casual,cloudy_14_afternoon_casual,view,0.0
U473,D016,snowy,0.3,morning,7,0,business,snowy_0_morning_business,view,0.0
U179,D072,snowy,-2.1,afternoon,16,2,casual,snowy_-2_afternoon_casual,view,0.0
U500,D083,snowy,-1.7,morning,9,2,celebration,snowy_-2_morning_celebration,view,0.0
U173,D077,cloudy,14.6,morning,8,4,pairing,cloudy_15_morning_pairing,view,0.0
U034,D036,cloudy,10.4,afternoon,12,0,recovery,cloudy_10_afternoon_recovery,rate,1.4
U134,D029,cloudy,10.4,afternoon,12,0,recovery,cloudy_10_afternoon_recovery,view,0.0
U174,D024,stormy,18.3,morning,8,5,casual,stormy_18_morning_casual,view,0.0
U115,D098,cloudy,11.9,morning,7,1,social,cloudy_12_morning_social,view,0.0
U166,D061,rainy,10.1,morning,9,5,business,rainy_10_morning_business,view,0.0
U176,D021,snowy,-4.2,evening,22,6,business,snowy_-4_evening_business,view,0.0
U328,D051,sunny,33.7,afternoon,14,3,celebration,sunny_34_afternoon_celebration,view,0.0
U214,D059,cloudy,14.6,morning,8,4,pairing,cloudy_15_morning_pairing,view,0.0
U385,D029,stormy,14.5,evening,23,3,casual,stormy_15_evening_casual,view,0.0
U196,D035,snowy,-3.6,morning,8,5,social,snowy_-4_morning_social,view,0.0
U104,D007,cloudy,12.4,evening,18,6,pairing,cloudy_12_evening_pairing,rate,1.9
U455,D044,cloudy,19.1,evening,19,6,pairing,cloudy_19_evening_pairing,view,0.0
U331,D042,rainy,9.4,evening,20,2,business,rainy_9_evening_business,view,0.0
U484,D037,sunny,22.3,morning,11,4,pairing,sunny_22_morning_pairing,view,0.0
U209,D099,snowy,0.6,afternoon,14,0,pairing,snowy_1_afternoon_pairing,view,0.0
U224,D003,snowy,0.3,morning,7,0,business,snowy_0_morning_business,view,0.0
U116,D014,snowy,0.6,afternoon,14,0,pairing,snowy_1_afternoon_pairing,view,0.0
U415,D095,stormy,10.7,afternoon,12,0,casual,stormy_11_afternoon_casual,view,0.0
U116,D023,snowy,-2.1,afternoon,16,2,casual,snowy_-2_afternoon_casual,view,0.0
U206,D114,snowy,-4.5,afternoon,13,4,social,snowy_-5_afternoon_social,view,0.0
U027,D015,sunny,29.6,afternoon,16,0,recovery,sunny_30_afternoon_recovery,view,0.0
U264,D079,snowy,-3.6,morning,8,5,social,snowy_-4_morning_social,view,0.0
U461,D105,sunny,26.1,evening,22,1,recovery,sunny_26_evening_recovery,view,0.0
U352,D061,cloudy,15.0,morning,10,0,pairing,cloudy_15_morning_pairing,purchase,1.0
U372,D113,rainy,12.4,evening,23,1,recovery,rainy_12_evening_recovery,rate,2.5
U236,D078,sunny,21.6,afternoon,17,3,recovery,sunny_22_afternoon_recovery,view,0.0
U455,D093,sunny,23.4,evening,18,0,pairing,sunny_23_evening_pairing,view,0.0
U409,D038,rainy,10.1,morning,9,5,business,rainy_10_morning_business,purchase,1.0
U310,D002,stormy,10.7,afternoon,12,0,casual,stormy_11_afternoon_casual,view,0.0
U089,D056,cloudy,13.9,afternoon,12,5,casual,cloudy_14_afternoon_casual,view,0.0
U085,D061,cloudy,16.7,morning,8,4,business,cloudy_17_morning_business,view,0.0
U272,D050,cloudy,18.7,morning,8,3,business,cloudy_19_morning_business,view,0.0
U336,D058,rainy,7.0,afternoon,16,2,social,rainy_7_afternoon_social,rate,3.6
U350,D006,stormy,10.7,afternoon,12,0,casual,stormy_11_afternoon_casual,purchase,1.0
U325,D069,sunny,33.7,afternoon,14,3,celebration,sunny_34_afternoon_celebration,view,0.0
U307,D105,rainy,11.5,morning,10,0,casual,rainy_12_morning_casual,view,0.0
U197,D042,rainy,7.0,afternoon,16,2,social,rainy_7_afternoon_social,view,0.0
U100,D086,cloudy,16.7,morning,8,4,business,cloudy_17_morning_business,view,0.0
U439,D029,cloudy,18.2,afternoon,17,1,business,cloudy_18_afternoon_business,view,0.0
U097,D018,cloudy,14.6,morning,8,4,pairing,cloudy_15_morning_pairing,rate,2.7
U216,D004,rainy,14.4,morning,11,1,recovery,rainy_14_morning_recovery,view,0.0
U283,D043,cloudy,15.0,morning,10,0,pairing,cloudy_15_morning_pairing,view,0.0
U106,D105,stormy,12.8,evening,22,2,casual,stormy_13_evening_casual,rate,1.4
U290,D087,sunny,29.6,afternoon,16,0,recovery,sunny_30_afternoon_recovery,view,0.0
U056,D113,rainy,12.4,evening,23,1,recovery,rainy_12_evening_recovery,view,0.0
U182,D077,cloudy,18.7,morning,8,3,business,cloudy_19_morning_business,view,0.0
U295,D061,snowy,-1.7,morning,9,2,celebration,snowy_-2_morning_celebration,view,0.0
U146,D023,cloudy,13.9,afternoon,12,5,casual,cloudy_14_afternoon_casual,view,0.0
U314,D068,snowy,-3.6,morning,8,5,social,snowy_-4_morning_social,view,0.0
U146,D106,cloudy,14.6,morning,8,4,pairing,cloudy_15_morning_pairing,view,0.0
U470,D065,rainy,14.4,morning,11,1,recovery,rainy_14_morning_recovery,purchase,1.0
U052,D114,cloudy,19.7,afternoon,12,3,casual,cloudy_20_afternoon_casual,view,0.0
U474,D078,snowy,0.6,afternoon,14,1,social,snowy_1_afternoon_social,view,0.0
U332,D042,cloudy,17.3,afternoon,15,3,recovery,cloudy_17_afternoon_recovery,view,0.0
U472,D027,cloudy,18.2,afternoon,17,1,business,cloudy_18_afternoon_business,purchase,1.0
U182,D113,cloudy,18.7,morning,8,3,business,cloudy_19_morning_business,view,0.0
U431,D071,cloudy,19.5,morning,10,1,celebration,cloudy_19_morning_celebration,view,0.0
U185,D055,snowy,-2.5,morning,7,2,casual,snowy_-2_morning_casual,view,0.0
U477,D022,stormy,18.3,morning,8,5,casual,stormy_18_morning_casual,rate,3.0
U425,D042,sunny,26.1,evening,22,1,recovery,sunny_26_evening_recovery,view,0.0
U158,D112,snowy,-2.1,afternoon,16,2,casual,snowy_-2_afternoon_casual,view,0.0
U273,D038,rainy,10.1,morning,9,5,business,rainy_10_morning_business,view,0.0
U207,D110,cloudy,16.7,morning,8,4,business,cloudy_17_morning_business,view,0.0
U375,D019,sunny,26.0,afternoon,12,1,casual,sunny_26_afternoon_casual,view,0.0
U114,D001,sunny,21.0,morning,10,2,recovery,sunny_21_morning_recovery,view,0.0
U421,D065,snowy,4.5,afternoon,16,4,social,snowy_5_afternoon_social,view,0.0
U437,D016,sunny,26.0,afternoon,12,1,casual,sunny_26_afternoon_casual,view,0.0
U054,D040,stormy,15.1,morning,10,6,social,stormy_15_morning_social,view,0.0
U065,D100,rainy,13.9,evening,20,3,recovery,rainy_14_evening_recovery,view,0.0
U273,D059,cloudy,19.1,evening,19,6,pairing,cloudy_19_evening_pairing,purchase,1.0
U181,D071,sunny,26.0,afternoon,12,1,casual,sunny_26_afternoon_casual,view,0.0
U302,D109,rainy,14.4,morning,11,1,recovery,rainy_14_morning_recovery,view,0.0
U016,D071,cloudy,15.0,morning,10,0,pairing,cloudy_15_morning_pairing,view,0.0
U010,D050,stormy,10.7,afternoon,12,0,casual,stormy_11_afternoon_casual,view,0.0
U326,D022,cloudy,15.0,morning,10,0,pairing,cloudy_15_morning_pairing,view,0.0
U129,D054,snowy,0.3,morning,7,0,business,snowy_0_morning_business,view,0.0
U198,D083,snowy,-2.1,afternoon,16,2,casual,snowy_-2_afternoon_casual,view,0.0
U097,D023,cloudy,19.1,evening,19,6,pairing,cloudy_19_evening_pairing,view,0.0
U391,D079,sunny,26.0,afternoon,12,1,casual,sunny_26_afternoon_casual,rate,3.9
U036,D109,cloudy,12.4,evening,18,6,pairing,cloudy_12_evening_pairing,rate,1.6
U055,D097,rainy,12.0,evening,18,0,social,rainy_12_evening_social,purchase,1.0
U119,D080,rainy,10.1,morning,9,5,business,rainy_10_morning_business,view,0.0
U035,D079,snowy,-3.6,morning,8,5,social,snowy_-4_morning_social,view,0.0
U034,D097,sunny,22.3,morning,11,4,pairing,sunny_22_morning_pairing,view,0.0
U071,D003,cloudy,15.0,morning,10,0,pairing,cloudy_15_morning_pairing,view,0.0
U043,D007,sunny,22.3,morning,11,4,pairing,sunny_22_morning_pairing,view,0.0
U270,D052,cloudy,15.0,morning,10,0,pairing,cloudy_15_morning_pairing,rate,3.5
U090,D098,cloudy,13.9,afternoon,12,5,casual,cloudy_14_afternoon_casual,view,0.0
U126,D060,stormy,10.7,afternoon,12,0,casual,stormy_11_afternoon_casual,view,0.0
U115,D063,snowy,0.3,morning,7,0,business,snowy_0_morning_business,view,0.0
U448,D076,rainy,12.0,evening,18,0,social,rainy_12_evening_social,view,0.0
U015,D062,cloudy,12.4,evening,18,6,pairing,cloudy_12_evening_pairing,view,0.0
U320,D110,sunny,29.6,afternoon,16,0,recovery,sunny_30_afternoon_recovery,view,0.0
U127,D036,sunny,29.6,afternoon,16,0,recovery,sunny_30_afternoon_recovery,view,0.0
U271,D089,cloudy,19.1,evening,19,6,pairing,cloudy_19_evening_pairing,view,0.0
U447,D090,rainy,9.4,evening,20,2,business,rainy_9_evening_business,view,0.0
U025,D101,snowy,0.6,afternoon,14,0,pairing,snowy_1_afternoon_pairing,view,0.0
U166,D041,cloudy,14.1,evening,23,6,business,cloudy_14_evening_business,view,0.0
U366,D120,rainy,9.4,evening,20,2,business,rainy_9_evening_business,view,0.0
U229,D057,rainy,7.0,afternoon,16,2,social,rainy_7_afternoon_social,view,0.0
U318,D088,snowy,0.6,afternoon,14,1,social,snowy_1_afternoon_social,view,0.0
U273,D117,sunny,29.6,afternoon,16,0,recovery,sunny_30_afternoon_recovery,rate,1.8
U203,D085,sunny,21.0,morning,10,2,recovery,sunny_21_morning_recovery,view,0.0
U413,D024,rainy,13.9,evening,20,3,recovery,rainy_14_evening_recovery,view,0.0
U274,D042,snowy,0.6,afternoon,14,0,pairing,snowy_1_afternoon_pairing,view,0.0
U045,D082,stormy,10.7,afternoon,12,0,casual,stormy_11_afternoon_casual,view,0.0
U433,D029,sunny,23.4,evening,18,0,pairing,sunny_23_evening_pairing,view,0.0
U404,D120,snowy,0.3,morning,7,0,business,snowy_0_morning_business,view,0.0
U265,D077,snowy,-4.5,afternoon,13,4,social,snowy_-5_afternoon_social,view,0.0
U476,D101,cloudy,19.5,morning,10,1,celebration,cloudy_19_morning_celebration,view,0.0
U026,D089,stormy,15.1,morning,10,6,social,stormy_15_morning_social,view,0.0
U092,D049,snowy,-2.1,afternoon,16,2,casual,snowy_-2_afternoon_casual,view,0.0
U131,D066,rainy,9.4,evening,20,2,business,rainy_9_evening_business,rate,3.3
U417,D076,cloudy,18.7,morning,8,3,business,cloudy_19_morning_business,view,0.0
U131,D107,cloudy,18.7,morning,8,3,business,cloudy_19_morning_business,view,0.0
U355,D072,stormy,12.8,evening,22,2,casual,stormy_13_evening_casual,rate,3.5
U302,D100,rainy,12.0,evening,18,0,social,rainy_12_evening_social,view,0.0
U310,D062,snowy,4.5,afternoon,16,4,social,snowy_5_afternoon_social,view,0.0
U266,D118,rainy,12.0,evening,18,0,social,rainy_12_evening_social,view,0.0
U200,D029,snowy,-4.2,evening,22,6,business,snowy_-4_evening_business,view,0.0
U400,D020,rainy,12.0,evening,18,0,social,rainy_12_evening_social,view,0.0
U334,D043,stormy,15.1,morning,10,6,social,stormy_15_morning_social,view,0.0
U199,D033,stormy,15.1,morning,10,6,social,stormy_15_morning_social,view,0.0
U212,D063,snowy,-3.6,morning,8,5,social,snowy_-4_morning_social,rate,3.9
U459,D002,rainy,10.1,morning,9,5,business,rainy_10_morning_business,view,0.0
U049,D012,stormy,15.1,morning,10,6,social,stormy_15_morning_social,view,0.0
U269,D078,sunny,30.7,afternoon,15,3,social,sunny_31_afternoon_social,view,0.0
U236,D026,sunny,21.0,morning,10,2,recovery,sunny_21_morning_recovery,view,0.0
U484,D040,rainy,7.0,afternoon,16,2,social,rainy_7_afternoon_social,view,0.0
U087,D079,rainy,12.4,evening,23,1,recovery,rainy_12_evening_recovery,view,0.0
U254,D048,rainy,7.0,afternoon,16,2,social,rainy_7_afternoon_social,view,0.0
U187,D046,snowy,-3.6,morning,8,5,social,snowy_-4_morning_social,view,0.0
U296,D066,stormy,12.8,evening,22,2,casual,stormy_13_evening_casual,view,0.0
U339,D034,sunny,26.0,afternoon,12,1,casual,sunny_26_afternoon_casual,view,0.0
U134,D077,stormy,12.8,evening,22,2,casual,stormy_13_evening_casual,view,0.0
U012,D052,cloudy,13.9,afternoon,12,5,casual,cloudy_14_afternoon_casual,view,0.0
U488,D071,cloudy,15.0,morning,10,0,pairing,cloudy_15_morning_pairing,view,0.0
U262,D084,cloudy,12.4,evening,18,6,pairing,cloudy_12_evening_pairing,view,0.0
U357,D048,cloudy,14.6,morning,8,4,pairing,cloudy_15_morning_pairing,view,0.0
U011,D015,snowy,-3.6,morning,8,5,social,snowy_-4_morning_social,view,0.0
U023,D053,rainy,11.5,morning,10,0,casual,rainy_12_morning_casual,view,0.0
U387,D093,cloudy,17.3,afternoon,15,3,recovery,cloudy_17_afternoon_recovery,view,0.0
U405,D072,sunny,21.0,morning,10,2,recovery,sunny_21_morning_recovery,view,0.0
U422,D072,snowy,-1.7,morning,9,2,celebration,snowy_-2_morning_celebration,view,0.0
U035,D119,rainy,10.1,morning,9,5,business,rainy_10_morning_business,view,0.0
U266,D012,cloudy,18.2,afternoon,17,1,business,cloudy_18_afternoon_business,view,0.0
U238,D034,sunny,22.3,morning,11,4,pairing,sunny_22_morning_pairing,view,0.0
U401,D017,snowy,-3.6,morning,8,5,social,snowy_-4_morning_social,view,0.0
U371,D001,snowy,-3.2,morning,9,1,business,snowy_-3_morning_business,view,0.0
U426,D013,sunny,26.1,evening,22,1,recovery,sunny_26_evening_recovery,view,0.0
U214,D004,snowy,-2.1,afternoon,16,2,casual,snowy_-2_afternoon_casual,view,0.0
U130,D012,stormy,10.7,afternoon,12,0,casual,stormy_11_afternoon_casual,view,0.0
U262,D008,stormy,18.3,morning,8,5,casual,stormy_18_morning_casual,view,0.0
U383,D012,snowy,0.6,afternoon,14,1,social,snowy_1_afternoon_social,view,0.0
U250,D011,stormy,12.8,evening,22,2,casual,stormy_13_evening_casual,view,0.0
U212,D112,stormy,14.5,evening,23,3,casual,stormy_15_evening_casual,view,0.0
U362,D076,rainy,10.1,morning,9,5,business,rainy_10_morning_business,view,0.0
U242,D085,cloudy,16.7,morning,8,4,business,cloudy_17_morning_business,view,0.0
U306,D094,snowy,-4.2,evening,22,6,business,snowy_-4_evening_business,view,0.0
U343,D007,snowy,0.6,afternoon,14,1,social,snowy_1_afternoon_social,view,0.0
U422,D038,sunny,26.0,afternoon,12,1,casual,sunny_26_afternoon_casual,view,0.0
U330,D119,cloudy,17.3,afternoon,15,3,recovery,cloudy_17_afternoon_recovery,view,0.0
U242,D038,sunny,30.7,afternoon,15,3,social,sunny_31_afternoon_social,view,0.0
U120,D072,sunny,21.0,morning,10,2,recovery,sunny_21_morning_recovery,view,0.0
U341,D057,snowy,-4.2,evening,22,6,business,snowy_-4_evening_business,view,0.0
U443,D018,cloudy,11.9,morning,7,1,social,cloudy_12_morning_social,view,0.0
U352,D076,snowy,0.6,afternoon,14,0,pairing,snowy_1_afternoon_pairing,view,0.0
U074,D110,snowy,-1.7,morning,9,2,celebration,snowy_-2_morning_celebration,view,0.0
U282,D025,stormy,18.3,morning,8,5,casual,stormy_18_morning_casual,view,0.0
U057,D052,stormy,16.3,morning,11,5,pairing,stormy_16_morning_pairing,view,0.0
U477,D031,cloudy,14.6,morning,8,4,pairing,cloudy_15_morning_pairing,view,0.0
U213,D002,snowy,-2.1,afternoon,16,2,casual,snowy_-2_afternoon_casual,view,0.0
U229,D098,sunny,33.7,afternoon,14,3,celebration,sunny_34_afternoon_celebration,view,0.0
U370,D118,snowy,-2.1,afternoon,16,2,casual,snowy_-2_afternoon_casual,view,0.0
U088,D072,cloudy,13.9,afternoon,12,5,casual,cloudy_14_afternoon_casual,view,0.0
U394,D087,cloudy,18.7,morning,8,3,business,cloudy_19_morning_business,rate,4.9
U164,D033,snowy,0.3,morning,7,0,business,snowy_0_morning_business,view,0.0
U089,D068,snowy,-1.7,morning,9,2,celebration,snowy_-2_morning_celebration,view,0.0
U229,D094,cloudy,19.5,morning,10,1,celebration,cloudy_19_morning_celebration,view,0.0
U251,D054,rainy,12.0,evening,18,0,social,rainy_12_evening_social,view,0.0
U280,D034,stormy,14.5,evening,23,3,casual,stormy_15_evening_casual,view,0.0
U112,D005,stormy,15.1,morning,10,6,social,stormy_15_morning_social,view,0.0
U013,D083,sunny,21.6,afternoon,17,3,recovery,sunny_22_afternoon_recovery,view,0.0
U104,D058,snowy,-3.2,morning,9,1,business,snowy_-3_morning_business,rate,4.0
U082,D077,rainy,11.5,morning,10,0,casual,rainy_12_morning_casual,view,0.0
U258,D101,cloudy,14.6,morning,8,4,pairing,cloudy_15_morning_pairing,rate,3.3
U016,D023,stormy,16.3,morning,11,5,pairing,stormy_16_morning_pairing,view,0.0
U329,D032,snowy,-4.5,afternoon,13,4,social,snowy_-5_afternoon_social,view,0.0
U005,D075,rainy,13.9,evening,20,3,recovery,rainy_14_evening_recovery,view,0.0
U169,D053,rainy,8.4,evening,21,1,casual,rainy_8_evening_casual,view,0.0
U362,D120,cloudy,14.6,morning,8,4,pairing,cloudy_15_morning_pairing,view,0.0
U416,D099,snowy,-4.5,afternoon,13,4,social,snowy_-5_afternoon_social,view,0.0
U341,D070,snowy,4.5,afternoon,16,4,social,snowy_5_afternoon_social,view,0.0
U108,D026,rainy,11.5,morning,10,0,casual,rainy_12_morning_casual,purchase,1.0
U341,D112,cloudy,14.1,evening,23,6,business,cloudy_14_evening_business,view,0.0
U219,D103,stormy,16.3,morning,11,5,pairing,stormy_16_morning_pairing,view,0.0
U123,D016,cloudy,13.9,afternoon,12,5,casual,cloudy_14_afternoon_casual,view,0.0
U068,D104,rainy,12.0,evening,18,0,social,rainy_12_evening_social,view,0.0
U362,D025,sunny,26.0,afternoon,12,1,casual,sunny_26_afternoon_casual,view,0.0
U357,D112,rainy,9.4,evening,20,2,business,rainy_9_evening_business,view,0.0
U012,D069,cloudy,11.9,morning,7,1,social,cloudy_12_morning_social,view,0.0
U197,D098,rainy,8.4,evening,21,1,casual,rainy_8_evening_casual,view,0.0
U103,D106,cloudy,14.1,evening,23,6,business,cloudy_14_evening_business,view,0.0
U078,D075,snowy,-1.7,morning,9,2,celebration,snowy_-2_morning_celebration,view,0.0
U181,D033,cloudy,14.6,morning,8,4,pairing,cloudy_15_morning_pairing,view,0.0
U200,D101,rainy,13.9,evening,20,3,recovery,rainy_14_evening_recovery,view,0.0
U143,D038,snowy,-4.5,afternoon,13,4,social,snowy_-5_afternoon_social,view,0.0
U083,D054,rainy,13.9,evening,20,3,recovery,rainy_14_evening_recovery,view,0.0
U004,D095,snowy,-2.1,afternoon,16,2,casual,snowy_-2_afternoon_casual,view,0.0
U292,D025,cloudy,19.1,evening,19,6,pairing,cloudy_19_evening_pairing,view,0.0
U420,D101,snowy,-3.6,morning,8,5,social,snowy_-4_morning_social,view,0.0
U309,D018,cloudy,19.7,afternoon,12,3,casual,cloudy_20_afternoon_casual,rate,1.9
U226,D105,rainy,10.1,morning,9,5,business,rainy_10_morning_business,view,0.0
U425,D045,sunny,29.6,afternoon,16,0,recovery,sunny_30_afternoon_recovery,view,0.0
U170,D080,snowy,-3.2,morning,9,1,business,snowy_-3_morning_business,view,0.0
U354,D106,snowy,4.5,afternoon,16,4,social,snowy_5_afternoon_social,view,0.0
U218,D017,snowy,0.6,afternoon,14,0,pairing,snowy_1_afternoon_pairing,rate,4.5
U174,D042,snowy,-4.2,evening,22,6,business,snowy_-4_evening_business,view,0.0
U446,D038,cloudy,19.1,evening,19,6,pairing,cloudy_19_evening_pairing,view,0.0
U433,D059,snowy,0.6,afternoon,14,1,social,snowy_1_afternoon_social,view,0.0
U215,D002,cloudy,18.7,morning,8,3,business,cloudy_19_morning_business,view,0.0
U247,D095,snowy,0.3,morning,7,0,business,snowy_0_morning_business,view,0.0
U168,D048,cloudy,19.7,afternoon,12,3,casual,cloudy_20_afternoon_casual,view,0.0
U216,D049,stormy,15.1,morning,10,6,social,stormy_15_morning_social,view,0.0
U367,D077,snowy,-4.5,afternoon,13,4,social,snowy_-5_afternoon_social,view,0.0
U464,D064,cloudy,13.9,afternoon,12,5,casual,cloudy_14_afternoon_casual,view,0.0
U420,D067,cloudy,16.7,morning,8,4,business,cloudy_17_morning_business,view,0.0
U114,D114,cloudy,18.7,morning,8,3,business,cloudy_19_morning_business,view,0.0
U469,D056,rainy,14.4,morning,11,1,recovery,rainy_14_morning_recovery,view,0.0
U415,D058,cloudy,19.1,evening,19,6,pairing,cloudy_19_evening_pairing,view,0.0
U084,D079,cloudy,19.1,evening,19,6,pairing,cloudy_19_evening_pairing,rate,3.1
U463,D017,sunny,29.6,afternoon,16,0,recovery,sunny_30_afternoon_recovery,view,0.0
U403,D030,cloudy,14.1,evening,23,6,business,cloudy_14_evening_business,view,0.0
U062,D036,stormy,12.8,evening,22,2,casual,stormy_13_evening_casual,view,0.0
U019,D109,sunny,26.0,afternoon,12,1,casual,sunny_26_afternoon_casual,view,0.0
U428,D117,rainy,14.4,morning,11,1,recovery,rainy_14_morning_recovery,view,0.0
U194,D069,rainy,13.9,evening,20,3,recovery,rainy_14_evening_recovery,view,0.0
U297,D077,snowy,-4.2,evening,22,6,business,snowy_-4_evening_business,view,0.0
U394,D010,cloudy,18.2,afternoon,17,1,business,cloudy_18_afternoon_business,view,0.0
U128,D051,sunny,21.0,morning,10,2,recovery,sunny_21_morning_recovery,view,0.0
U092,D113,snowy,-4.2,evening,22,6,business,snowy_-4_evening_business,view,0.0
U030,D085,cloudy,18.7,morning,8,3,business,cloudy_19_morning_business,view,0.0
U069,D058,sunny,23.4,evening,18,0,pairing,sunny_23_evening_pairing,view,0.0
U296,D038,cloudy,19.7,afternoon,12,3,casual,cloudy_20_afternoon_casual,view,0.0
U484,D050,rainy,9.4,evening,20,2,business,rainy_9_evening_business,view,0.0
U097,D062,sunny,21.6,afternoon,17,3,recovery,sunny_22_afternoon_recovery,view,0.0
U292,D108,rainy,13.9,evening,20,3,recovery,rainy_14_evening_recovery,view,0.0
U313,D001,cloudy,14.6,morning,8,4,pairing,cloudy_15_morning_pairing,view,0.0
U021,D092,rainy,12.0,evening,18,0,social,rainy_12_evening_social,rate,3.0
U404,D102,cloudy,10.4,afternoon,12,0,recovery,cloudy_10_afternoon_recovery,rate,1.6
U018,D047,cloudy,17.3,afternoon,15,3,recovery,cloudy_17_afternoon_recovery,rate,4.3
U353,D065,cloudy,14.1,evening,23,6,business,cloudy_14_evening_business,view,0.0
U277,D099,sunny,22.3,morning,11,4,pairing,sunny_22_morning_pairing,view,0.0
U153,D109,cloudy,18.2,afternoon,17,1,business,cloudy_18_afternoon_business,view,0.0
U468,D052,sunny,26.0,afternoon,12,1,casual,sunny_26_afternoon_casual,view,0.0
U469,D056,snowy,0.6,afternoon,14,0,pairing,snowy_1_afternoon_pairing,rate,2.3
U461,D113,cloudy,19.1,evening,19,6,pairing,cloudy_19_evening_pairing,view,0.0
U322,D019,cloudy,19.5,morning,10,1,celebration,cloudy_19_morning_celebration,view,0.0
U118,D063,snowy,-1.7,morning,9,2,celebration,snowy_-2_morning_celebration,rate,3.2
U017,D027,snowy,0.3,morning,7,0,business,snowy_0_morning_business,view,0.0
U062,D100,cloudy,19.5,morning,10,1,celebration,cloudy_19_morning_celebration,view,0.0
U423,D082,cloudy,14.6,morning,8,4,pairing,cloudy_15_morning_pairing,view,0.0
U036,D040,cloudy,14.1,evening,23,6,business,cloudy_14_evening_business,view,0.0
U409,D069,cloudy,13.9,afternoon,12,5,casual,cloudy_14_afternoon_casual,view,0.0
U216,D029,snowy,0.6,afternoon,14,1,social,snowy_1_afternoon_social,view,0.0
U152,D014,stormy,16.2,afternoon,17,0,casual,stormy_16_afternoon_casual,view,0.0
U057,D083,snowy,-3.2,morning,9,1,business,snowy_-3_morning_business,view,0.0
U286,D088,stormy,18.3,morning,8,5,casual,stormy_18_morning_casual,view,0.0
U209,D001,snowy,-4.5,afternoon,13,4,social,snowy_-5_afternoon_social,view,0.0
U265,D015,cloudy,11.9,morning,7,1,social,cloudy_12_morning_social,view,0.0
U419,D086,cloudy,12.4,evening,18,6,pairing,cloudy_12_evening_pairing,view,0.0
U076,D020,snowy,4.5,afternoon,16,4,social,snowy_5_afternoon_social,view,0.0
U109,D001,rainy,13.9,evening,20,3,recovery,rainy_14_evening_recovery,view,0.0
U315,D096,snowy,-4.2,evening,22,6,business,snowy_-4_evening_business,view,0.0
U146,D112,rainy,8.4,evening,21,1,casual,rainy_8_evening_casual,view,0.0
U220,D018,snowy,-4.2,evening,22,6,business,snowy_-4_evening_business,view,0.0
U082,D044,stormy,14.5,evening,23,3,casual,stormy_15_evening_casual,view,0.0
U254,D034,cloudy,14.6,morning,8,4,pairing,cloudy_15_morning_pairing,view,0.0
U038,D059,snowy,0.6,afternoon,14,1,social,snowy_1_afternoon_social,view,0.0
U494,D072,snowy,-2.5,morning,7,2,casual,snowy_-2_morning_casual,view,0.0
U398,D092,cloudy,13.9,afternoon,12,5,casual,cloudy_14_afternoon_casual,view,0.0
U468,D064,cloudy,10.4,afternoon,12,0,recovery,cloudy_10_afternoon_recovery,view,0.0
U194,D107,rainy,10.1,morning,9,5,business,rainy_10_morning_business,view,0.0
U279,D048,sunny,33.7,afternoon,14,3,celebration,sunny_34_afternoon_celebration,view,0.0
U311,D068,snowy,-4.5,afternoon,13,4,social,snowy_-5_afternoon_social,view,0.0
U001,D007,sunny,23.4,evening,18,0,pairing,sunny_23_evening_pairing,view,0.0
U133,D108,sunny,29.6,afternoon,16,0,recovery,sunny_30_afternoon_recovery,view,0.0
U380,D012,snowy,-4.2,evening,22,6,business,snowy_-4_evening_business,view,0.0
U074,D079,cloudy,13.9,afternoon,12,5,casual,cloudy_14_afternoon_casual,view,0.0
U017,D068,cloudy,14.6,morning,8,4,pairing,cloudy_15_morning_pairing,view,0.0
U479,D115,snowy,-4.2,evening,22,6,business,snowy_-4_evening_business,view,0.0
U198,D114,cloudy,18.2,afternoon,17,1,business,cloudy_18_afternoon_business,purchase,1.0
U179,D034,sunny,26.0,afternoon,12,1,casual,sunny_26_afternoon_casual,view,0.0
U326,D050,rainy,11.5,morning,10,0,casual,rainy_12_morning_casual,view,0.0
U451,D003,cloudy,16.7,morning,8,4,business,cloudy_17_morning_business,view,0.0
U051,D067,snowy,-3.2,morning,9,1,business,snowy_-3_morning_business,view,0.0
U145,D007,rainy,12.4,evening,23,1,recovery,rainy_12_evening_recovery,view,0.0
U004,D010,snowy,-4.2,evening,22,6,business,snowy_-4_evening_business,view,0.0
U052,D006,cloudy,19.5,morning,10,1,celebration,cloudy_19_morning_celebration,view,0.0
U458,D009,cloudy,12.4,evening,18,6,pairing,cloudy_12_evening_pairing,view,0.0
U277,D024,cloudy,18.2,afternoon,17,1,business,cloudy_18_afternoon_business,rate,4.8
U259,D068,rainy,11.5,morning,10,0,casual,rainy_12_morning_casual,view,0.0
U310,D035,sunny,23.4,evening,18,0,pairing,sunny_23_evening_pairing,view,0.0
U473,D040,rainy,12.4,evening,23,1,recovery,rainy_12_evening_recovery,view,0.0
U334,D013,cloudy,12.4,evening,18,6,pairing,cloudy_12_evening_pairing,view,0.0
U420,D104,cloudy,18.7,morning,8,3,business,cloudy_19_morning_business,view,0.0
U489,D002,rainy,12.4,evening,23,1,recovery,rainy_12_evening_recovery,view,0.0
U308,D092,cloudy,19.7,afternoon,12,3,casual,cloudy_20_afternoon_casual,view,0.0
U022,D111,cloudy,19.7,afternoon,12,3,casual,cloudy_20_afternoon_casual,view,0.0
U227,D060,snowy,-3.2,morning,9,1,business,snowy_-3_morning_business,view,0.0
U084,D103,snowy,-4.2,evening,22,6,business,snowy_-4_evening_business,view,0.0
U313,D053,cloudy,14.1,evening,23,6,business,cloudy_14_evening_business,view,0.0
U120,D074,rainy,9.4,evening,20,2,business,rainy_9_evening_business,view,0.0
U374,D080,cloudy,14.1,evening,23,6,business,cloudy_14_evening_business,view,0.0
U376,D005,stormy,15.1,morning,10,6,social,stormy_15_morning_social,view,0.0
U327,D117,rainy,13.9,evening,20,3,recovery,rainy_14_evening_recovery,view,0.0
U162,D067,stormy,14.5,evening,23,3,casual,stormy_15_evening_casual,view,0.0
U237,D071,cloudy,14.1,evening,23,6,business,cloudy_14_evening_business,view,0.0
U297,D063,cloudy,15.0,morning,10,0,pairing,cloudy_15_morning_pairing,view,0.0
U226,D050,rainy,12.0,evening,18,0,social,rainy_12_evening_social,view,0.0
U199,D039,stormy,10.7,afternoon,12,0,casual,stormy_11_afternoon_casual,view,0.0
U326,D023,cloudy,12.4,evening,18,6,pairing,cloudy_12_evening_pairing,view,0.0
U166,D002,cloudy,16.7,morning,8,4,business,cloudy_17_morning_business,view,0.0
U335,D113,sunny,21.6,afternoon,17,3,recovery,sunny_22_afternoon_recovery,view,0.0
U049,D052,rainy,9.4,evening,20,2,business,rainy_9_evening_business,view,0.0
U239,D005,snowy,-4.2,evening,22,6,business,snowy_-4_evening_business,view,0.0
U374,D117,rainy,11.5,morning,10,0,casual,rainy_12_morning_casual,view,0.0
U479,D064,rainy,13.9,evening,20,3,recovery,rainy_14_evening_recovery,view,0.0
U123,D048,sunny,26.0,afternoon,12,1,casual,sunny_26_afternoon_casual,view,0.0
U225,D016,cloudy,18.2,afternoon,17,1,business,cloudy_18_afternoon_business,view,0.0
U156,D002,cloudy,13.9,afternoon,12,5,casual,cloudy_14_afternoon_casual,view,0.0
U464,D059,stormy,16.2,afternoon,17,0,casual,stormy_16_afternoon_casual,view,0.0
U181,D103,cloudy,14.1,evening,23,6,business,cloudy_14_evening_business,view,0.0
U189,D091,cloudy,13.9,afternoon,12,5,casual,cloudy_14_afternoon_casual,view,0.0
U411,D026,cloudy,14.6,morning,8,4,pairing,cloudy_15_morning_pairing,view,0.0
U053,D059,cloudy,18.2,afternoon,17,1,business,cloudy_18_afternoon_business,view,0.0
U476,D098,snowy,-4.5,afternoon,13,4,social,snowy_-5_afternoon_social,view,0.0
U048,D095,cloudy,19.5,morning,10,1,celebration,cloudy_19_morning_celebration,view,0.0
U349,D054,snowy,-4.2,evening,22,6,business,snowy_-4_evening_business,purchase,1.0
U003,D120,sunny,21.6,afternoon,17,3,recovery,sunny_22_afternoon_recovery,rate,1.1
U442,D075,cloudy,12.4,evening,18,6,pairing,cloudy_12_evening_pairing,view,0.0
U039,D095,cloudy,18.2,afternoon,17,1,business,cloudy_18_afternoon_business,rate,1.3
U459,D111,snowy,-2.1,afternoon,16,2,casual,snowy_-2_afternoon_casual,view,0.0
U447,D099,snowy,-2.5,morning,7,2,casual,snowy_-2_morning_casual,view,0.0
U103,D001,cloudy,10.4,afternoon,12,0,recovery,cloudy_10_afternoon_recovery,view,0.0
U084,D067,rainy,7.0,afternoon,16,2,social,rainy_7_afternoon_social,view,0.0
U492,D064,rainy,13.9,evening,20,3,recovery,rainy_14_evening_recovery,view,0.0
U258,D034,cloudy,18.2,afternoon,17,1,business,cloudy_18_afternoon_business,rate,3.6
U076,D036,sunny,21.0,morning,10,2,recovery,sunny_21_morning_recovery,view,0.0
U326,D112,cloudy,18.7,morning,8,3,business,cloudy_19_morning_business,purchase,1.0
U389,D110,stormy,15.1,morning,10,6,social,stormy_15_morning_social,view,0.0
U493,D090,cloudy,18.2,afternoon,17,1,business,cloudy_18_afternoon_business,view,0.0
U026,D072,stormy,16.2,afternoon,17,0,casual,stormy_16_afternoon_casual,view,0.0
U123,D016,snowy,4.5,afternoon,16,4,social,snowy_5_afternoon_social,view,0.0
U259,D052,snowy,0.3,morning,7,0,business,snowy_0_morning_business,view,0.0
U376,D080,cloudy,19.7,afternoon,12,3,casual,cloudy_20_afternoon_casual,view,0.0
U438,D027,cloudy,18.2,afternoon,17,1,business,cloudy_18_afternoon_business,view,0.0
U318,D102,rainy,8.4,evening,21,1,casual,rainy_8_evening_casual,rate,2.4
U097,D117,cloudy,14.6,morning,8,4,pairing,cloudy_15_morning_pairing,view,0.0
U021,D072,sunny,21.0,morning,10,2,recovery,sunny_21_morning_recovery,view,0.0
U276,D008,rainy,8.4,evening,21,1,casual,rainy_8_evening_casual,view,0.0
U249,D093,snowy,0.6,afternoon,14,0,pairing,snowy_1_afternoon_pairing,view,0.0
U094,D026,rainy,13.9,evening,20,3,recovery,rainy_14_evening_recovery,view,0.0
U080,D036,sunny,33.7,afternoon,14,3,celebration,sunny_34_afternoon_celebration,view,0.0
U037,D086,cloudy,14.6,morning,8,4,pairing,cloudy_15_morning_pairing,view,0.0
U232,D093,rainy,12.0,evening,18,0,social,rainy_12_evening_social,view,0.0
U432,D038,sunny,23.4,evening,18,0,pairing,sunny_23_evening_pairing,view,0.0
U225,D073,cloudy,12.4,evening,18,6,pairing,cloudy_12_evening_pairing,view,0.0
U090,D029,cloudy,18.7,morning,8,3,business,cloudy_19_morning_business,view,0.0
U220,D072,cloudy,19.1,evening,19,6,pairing,cloudy_19_evening_pairing,view,0.0
U042,D007,snowy,-1.7,morning,9,2,celebration,snowy_-2_morning_celebration,view,0.0
U283,D058,rainy,8.4,evening,21,1,casual,rainy_8_evening_casual,view,0.0
U073,D117,cloudy,12.4,evening,18,6,pairing,cloudy_12_evening_pairing,rate,3.5
U436,D025,snowy,-3.6,morning,8,5,social,snowy_-4_morning_social,view,0.0
U314,D070,rainy,7.0,afternoon,16,2,social,rainy_7_afternoon_social,view,0.0
U082,D087,rainy,7.0,afternoon,16,2,social,rainy_7_afternoon_social,view,0.0
U293,D020,snowy,-4.2,evening,22,6,business,snowy_-4_evening_business,rate,2.2
U449,D081,snowy,4.5,afternoon,16,4,social,snowy_5_afternoon_social,view,0.0
U237,D094,sunny,22.3,morning,11,4,pairing,sunny_22_morning_pairing,view,0.0
U046,D055,stormy,18.3,morning,8,5,casual,stormy_18_morning_casual,view,0.0
U448,D108,cloudy,14.1,evening,23,6,business,cloudy_14_evening_business,rate,1.8
U458,D035,sunny,30.7,afternoon,15,3,social,sunny_31_afternoon_social,view,0.0
U464,D104,rainy,12.0,evening,18,0,social,rainy_12_evening_social,view,0.0
U243,D054,snowy,-4.5,afternoon,13,4,social,snowy_-5_afternoon_social,view,0.0
U249,D098,stormy,18.3,morning,8,5,casual,stormy_18_morning_casual,view,0.0
U218,D115,rainy,14.4,morning,11,1,recovery,rainy_14_morning_recovery,view,0.0
U483,D013,rainy,13.9,evening,20,3,recovery,rainy_14_evening_recovery,view,0.0
U482,D103,sunny,22.3,morning,11,4,pairing,sunny_22_morning_pairing,view,0.0
U215,D071,snowy,-4.2,evening,22,6,business,snowy_-4_evening_business,rate,2.1
U026,D033,rainy,11.5,morning,10,0,casual,rainy_12_morning_casual,rate,1.8
U383,D071,cloudy,15.0,morning,10,0,pairing,cloudy_15_morning_pairing,rate,2.8
U164,D032,cloudy,11.9,morning,7,1,social,cloudy_12_morning_social,view,0.0
U188,D056,snowy,-2.5,morning,7,2,casual,snowy_-2_morning_casual,view,0.0
U310,D036,cloudy,10.4,afternoon,12,0,recovery,cloudy_10_afternoon_recovery,view,0.0
U083,D065,stormy,16.2,afternoon,17,0,casual,stormy_16_afternoon_casual,view,0.0
U022,D088,cloudy,19.7,afternoon,12,3,casual,cloudy_20_afternoon_casual,view,0.0
U357,D053,stormy,12.8,evening,22,2,casual,stormy_13_evening_casual,view,0.0
U292,D052,snowy,-2.1,afternoon,16,2,casual,snowy_-2_afternoon_casual,view,0.0
U169,D018,cloudy,16.7,morning,8,4,business,cloudy_17_morning_business,view,0.0
U100,D044,snowy,-4.2,evening,22,6,business,snowy_-4_evening_business,view,0.0
U285,D054,stormy,15.1,morning,10,6,social,stormy_15_morning_social,view,0.0
U336,D060,sunny,23.4,evening,18,0,pairing,sunny_23_evening_pairing,view,0.0
U479,D078,cloudy,18.7,morning,8,3,business,cloudy_19_morning_business,view,0.0
U244,D048,rainy,8.4,evening,21,1,casual,rainy_8_evening_casual,view,0.0
U353,D099,snowy,-4.2,evening,22,6,business,snowy_-4_evening_business,view,0.0
U435,D084,rainy,7.0,afternoon,16,2,social,rainy_7_afternoon_social,view,0.0
U211,D101,snowy,-2.1,afternoon,16,2,casual,snowy_-2_afternoon_casual,view,0.0
U140,D029,cloudy,14.6,morning,8,4,pairing,cloudy_15_morning_pairing,view,0.0
U012,D099,stormy,16.2,afternoon,17,0,casual,stormy_16_afternoon_casual,view,0.0
U106,D032,rainy,13.9,evening,20,3,recovery,rainy_14_evening_recovery,rate,4.8
U362,D009,cloudy,18.7,morning,8,3,business,cloudy_19_morning_business,view,0.0
U100,D018,snowy,0.6,afternoon,14,1,social,snowy_1_afternoon_social,view,0.0
U029,D114,rainy,10.1,morning,9,5,business,rainy_10_morning_business,view,0.0
U390,D120,snowy,-1.7,morning,9,2,celebration,snowy_-2_morning_celebration,view,0.0
U349,D004,snowy,-2.1,afternoon,16,2,casual,snowy_-2_afternoon_casual,view,0.0
U433,D044,snowy,-4.2,evening,22,6,business,snowy_-4_evening_business,view,0.0
U270,D003,sunny,29.6,afternoon,16,0,recovery,sunny_30_afternoon_recovery,view,0.0
U320,D102,cloudy,14.1,evening,23,6,business,cloudy_14_evening_business,view,0.0
U442,D020,snowy,0.6,afternoon,14,0,pairing,snowy_1_afternoon_pairing,purchase,1.0
U486,D077,rainy,14.4,morning,11,1,recovery,rainy_14_morning_recovery,view,0.0
U353,D092,rainy,11.5,morning,10,0,casual,rainy_12_morning_casual,view,0.0
U098,D108,stormy,16.2,afternoon,17,0,casual,stormy_16_afternoon_casual,view,0.0
U415,D045,snowy,0.6,afternoon,14,1,social,snowy_1_afternoon_social,view,0.0
U289,D067,cloudy,13.9,afternoon,12,5,casual,cloudy_14_afternoon_casual,view,0.0
U029,D003,stormy,15.1,morning,10,6,social,stormy_15_morning_social,view,0.0
U286,D009,stormy,15.1,morning,10,6,social,stormy_15_morning_social,view,0.0
U003,D046,rainy,14.4,morning,11,1,recovery,rainy_14_morning_recovery,view,0.0
U141,D103,sunny,26.0,afternoon,12,1,casual,sunny_26_afternoon_casual,view,0.0
U471,D009,rainy,7.0,afternoon,16,2,social,rainy_7_afternoon_social,view,0.0
U297,D044,sunny,23.4,evening,18,0,pairing,sunny_23_evening_pairing,view,0.0
U130,D096,snowy,-2.1,afternoon,16,2,casual,snowy_-2_afternoon_casual,view,0.0
U069,D058,snowy,-1.7,morning,9,2,celebration,snowy_-2_morning_celebration,view,0.0
U256,D056,cloudy,19.7,afternoon,12,3,casual,cloudy_20_afternoon_casual,view,0.0
U162,D101,cloudy,13.9,afternoon,12,5,casual,cloudy_14_afternoon_casual,view,0.0
U454,D118,snowy,-3.6,morning,8,5,social,snowy_-4_morning_social,purchase,1.0
U026,D057,sunny,30.7,afternoon,15,3,social,sunny_31_afternoon_social,view,0.0
U299,D060,cloudy,18.7,morning,8,3,business,cloudy_19_morning_business,view,0.0
U497,D100,rainy,7.0,afternoon,16,2,social,rainy_7_afternoon_social,view,0.0
U354,D090,snowy,-2.1,afternoon,16,2,casual,snowy_-2_afternoon_casual,view,0.0
U104,D052,rainy,8.4,evening,21,1,casual,rainy_8_evening_casual,view,0.0
U181,D059,cloudy,13.9,afternoon,12,5,casual,cloudy_14_afternoon_casual,view,0.0
U255,D030,stormy,14.5,evening,23,3,casual,stormy_15_evening_casual,view,0.0
U367,D073,sunny,33.7,afternoon,14,3,celebration,sunny_34_afternoon_celebration,view,0.0
U275,D005,stormy,18.3,morning,8,5,casual,stormy_18_morning_casual,view,0.0
U328,D083,cloudy,19.1,evening,19,6,pairing,cloudy_19_evening_pairing,rate,3.5
U027,D062,cloudy,19.5,morning,10,1,celebration,cloudy_19_morning_celebration,view,0.0
U170,D029,snowy,-4.2,evening,22,6,business,snowy_-4_evening_business,view,0.0
U289,D083,rainy,11.5,morning,10,0,casual,rainy_12_morning_casual,view,0.0
U367,D016,cloudy,19.1,evening,19,6,pairing,cloudy_19_evening_pairing,view,0.0
U352,D012,stormy,14.5,evening,23,3,casual,stormy_15_evening_casual,view,0.0
U220,D117,stormy,16.2,afternoon,17,0,casual,stormy_16_afternoon_casual,view,0.0
U133,D022,snowy,-4.5,afternoon,13,4,social,snowy_-5_afternoon_social,view,0.0
U161,D107,cloudy,19.1,evening,19,6,pairing,cloudy_19_evening_pairing,view,0.0
U018,D114,cloudy,13.9,afternoon,12,5,casual,cloudy_14_afternoon_casual,rate,3.8
U417,D026,snowy,0.6,afternoon,14,0,pairing,snowy_1_afternoon_pairing,view,0.0
U422,D002,cloudy,18.7,morning,8,3,business,cloudy_19_morning_business,view,0.0
U050,D038,snowy,-1.7,morning,9,2,celebration,snowy_-2_morning_celebration,view,0.0
U411,D041,stormy,14.5,evening,23,3,casual,stormy_15_evening_casual,view,0.0
U273,D119,sunny,21.6,afternoon,17,3,recovery,sunny_22_afternoon_recovery,view,0.0
U462,D022,cloudy,17.3,afternoon,15,3,recovery,cloudy_17_afternoon_recovery,view,0.0
U140,D099,rainy,10.1,morning,9,5,business,rainy_10_morning_business,view,0.0
U151,D048,cloudy,14.6,morning,8,4,pairing,cloudy_15_morning_pairing,view,0.0
U089,D013,sunny,21.0,morning,10,2,recovery,sunny_21_morning_recovery,view,0.0
U183,D009,snowy,-4.5,afternoon,13,4,social,snowy_-5_afternoon_social,view,0.0
U409,D013,sunny,26.1,evening,22,1,recovery,sunny_26_evening_recovery,view,0.0
U034,D035,cloudy,18.2,afternoon,17,1,business,cloudy_18_afternoon_business,view,0.0
U490,D120,cloudy,17.3,afternoon,15,3,recovery,cloudy_17_afternoon_recovery,view,0.0
U192,D113,cloudy,19.5,morning,10,1,celebration,cloudy_19_morning_celebration,view,0.0
U103,D073,snowy,-3.2,morning,9,1,business,snowy_-3_morning_business,view,0.0
U139,D094,rainy,14.4,morning,11,1,recovery,rainy_14_morning_recovery,view,0.0
U091,D092,sunny,21.6,afternoon,17,3,recovery,sunny_22_afternoon_recovery,view,0.0
U333,D041,rainy,7.0,afternoon,16,2,social,rainy_7_afternoon_social,view,0.0
U208,D048,sunny,30.7,afternoon,15,3,social,sunny_31_afternoon_social,view,0.0
U356,D011,rainy,8.4,evening,21,1,casual,rainy_8_evening_casual,view,0.0
U496,D118,snowy,-4.5,afternoon,13,4,social,snowy_-5_afternoon_social,view,0.0
U042,D105,cloudy,19.7,afternoon,12,3,casual,cloudy_20_afternoon_casual,view,0.0
U433,D064,cloudy,15.0,morning,10,0,pairing,cloudy_15_morning_pairing,view,0.0
U258,D024,cloudy,19.1,evening,19,6,pairing,cloudy_19_evening_pairing,purchase,1.0
U031,D115,stormy,16.3,morning,11,5,pairing,stormy_16_morning_pairing,view,0.0
U195,D078,cloudy,10.4,afternoon,12,0,recovery,cloudy_10_afternoon_recovery,view,0.0
U437,D067,stormy,15.1,morning,10,6,social,stormy_15_morning_social,view,0.0
U294,D087,sunny,21.0,morning,10,2,recovery,sunny_21_morning_recovery,view,0.0
U405,D027,snowy,-1.7,morning,9,2,celebration,snowy_-2_morning_celebration,view,0.0
U044,D100,cloudy,11.9,morning,7,1,social,cloudy_12_morning_social,view,0.0
U127,D040,snowy,-3.6,morning,8,5,social,snowy_-4_morning_social,view,0.0
U204,D066,rainy,8.4,evening,21,1,casual,rainy_8_evening_casual,view,0.0
U158,D069,snowy,0.6,afternoon,14,1,social,snowy_1_afternoon_social,rate,1.7
U347,D113,rainy,7.0,afternoon,16,2,social,rainy_7_afternoon_social,view,0.0
U161,D039,cloudy,13.9,afternoon,12,5,casual,cloudy_14_afternoon_casual,view,0.0
U115,D092,sunny,23.4,evening,18,0,pairing,sunny_23_evening_pairing,view,0.0
U377,D002,stormy,16.3,morning,11,5,pairing,stormy_16_morning_pairing,view,0.0
U227,D002,snowy,-4.2,evening,22,6,business,snowy_-4_evening_business,view,0.0
U058,D005,cloudy,14.1,evening,23,6,business,cloudy_14_evening_business,rate,3.9
U317,D038,sunny,33.7,afternoon,14,3,celebration,sunny_34_afternoon_celebration,view,0.0
U386,D032,stormy,15.1,morning,10,6,social,stormy_15_morning_social,view,0.0
U323,D097,snowy,4.5,afternoon,16,4,social,snowy_5_afternoon_social,view,0.0
U013,D019,snowy,-3.2,morning,9,1,business,snowy_-3_morning_business,view,0.0
U313,D115,snowy,-2.5,morning,7,2,casual,snowy_-2_morning_casual,view,0.0
U261,D098,cloudy,16.7,morning,8,4,business,cloudy_17_morning_business,view,0.0
U185,D047,snowy,-3.6,morning,8,5,social,snowy_-4_morning_social,view,0.0
U468,D031,stormy,16.2,afternoon,17,0,casual,stormy_16_afternoon_casual,view,0.0
U246,D033,stormy,14.5,evening,23,3,casual,stormy_15_evening_casual,view,0.0
U212,D016,sunny,29.6,afternoon,16,0,recovery,sunny_30_afternoon_recovery,view,0.0
U205,D109,snowy,-1.7,morning,9,2,celebration,snowy_-2_morning_celebration,view,0.0
U430,D096,sunny,30.7,afternoon,15,3,social,sunny_31_afternoon_social,view,0.0
U172,D009,stormy,16.3,morning,11,5,pairing,stormy_16_morning_pairing,view,0.0
U384,D050,rainy,12.4,evening,23,1,recovery,rainy_12_evening_recovery,rate,4.6
U015,D036,cloudy,18.7,morning,8,3,business,cloudy_19_morning_business,view,0.0
U214,D080,sunny,22.3,morning,11,4,pairing,sunny_22_morning_pairing,view,0.0
U466,D049,snowy,-2.1,afternoon,16,2,casual,snowy_-2_afternoon_casual,view,0.0
U090,D069,rainy,12.0,evening,18,0,social,rainy_12_evening_social,view,0.0
U474,D082,sunny,21.6,afternoon,17,3,recovery,sunny_22_afternoon_recovery,view,0.0
U270,D079,cloudy,18.7,morning,8,3,business,cloudy_19_morning_business,view,0.0
U277,D017,cloudy,19.1,evening,19,6,pairing,cloudy_19_evening_pairing,view,0.0
U465,D058,rainy,10.1,morning,9,5,business,rainy_10_morning_business,view,0.0
U158,D019,snowy,-4.2,evening,22,6,business,snowy_-4_evening_business,view,0.0
U466,D023,rainy,8.4,evening,21,1,casual,rainy_8_evening_casual,view,0.0
U488,D018,snowy,0.6,afternoon,14,1,social,snowy_1_afternoon_social,view,0.0
U189,D054,stormy,10.7,afternoon,12,0,casual,stormy_11_afternoon_casual,rate,4.6
U120,D101,sunny,26.1,evening,22,1,recovery,sunny_26_evening_recovery,view,0.0
U196,D074,rainy,13.9,evening,20,3,recovery,rainy_14_evening_recovery,view,0.0
U011,D091,rainy,12.0,evening,18,0,social,rainy_12_evening_social,view,0.0
U253,D094,cloudy,18.7,morning,8,3,business,cloudy_19_morning_business,view,0.0
U272,D099,rainy,12.0,evening,18,0,social,rainy_12_evening_social,view,0.0
U012,D035,cloudy,18.7,morning,8,3,business,cloudy_19_morning_business,view,0.0
U427,D100,snowy,0.6,afternoon,14,0,pairing,snowy_1_afternoon_pairing,view,0.0
U297,D006,sunny,30.7,afternoon,15,3,social,sunny_31_afternoon_social,view,0.0
U153,D066,snowy,0.6,afternoon,14,1,social,snowy_1_afternoon_social,view,0.0
U317,D038,snowy,-3.6,morning,8,5,social,snowy_-4_morning_social,view,0.0
U103,D097,snowy,4.5,afternoon,16,4,social,snowy_5_afternoon_social,rate,4.7
U431,D079,cloudy,14.1,evening,23,6,business,cloudy_14_evening_business,view,0.0
U398,D054,cloudy,14.6,morning,8,4,pairing,cloudy_15_morning_pairing,view,0.0
U122,D031,sunny,30.7,afternoon,15,3,social,sunny_31_afternoon_social,view,0.0
U285,D106,cloudy,15.0,morning,10,0,pairing,cloudy_15_morning_pairing,view,0.0
U232,D036,snowy,0.6,afternoon,14,0,pairing,snowy_1_afternoon_pairing,view,0.0
U191,D118,cloudy,12.4,evening,18,6,pairing,cloudy_12_evening_pairing,view,0.0
U288,D116,snowy,-2.1,afternoon,16,2,casual,snowy_-2_afternoon_casual,view,0.0
U037,D026,snowy,0.6,afternoon,14,1,social,snowy_1_afternoon_social,view,0.0
U320,D072,sunny,33.7,afternoon,14,3,celebration,sunny_34_afternoon_celebration,view,0.0
U086,D083,cloudy,13.9,afternoon,12,5,casual,cloudy_14_afternoon_casual,view,0.0
U355,D107,stormy,18.3,morning,8,5,casual,stormy_18_morning_casual,view,0.0
U496,D103,stormy,12.8,evening,22,2,casual,stormy_13_evening_casual,view,0.0
U403,D012,snowy,-4.5,afternoon,13,4,social,snowy_-5_afternoon_social,view,0.0
U101,D037,snowy,-4.5,afternoon,13,4,social,snowy_-5_afternoon_social,view,0.0
U107,D026,sunny,26.0,afternoon,12,1,casual,sunny_26_afternoon_casual,view,0.0
U271,D116,rainy,14.4,morning,11,1,recovery,rainy_14_morning_recovery,view,0.0
U166,D023,stormy,15.1,morning,10,6,social,stormy_15_morning_social,view,0.0
U412,D120,rainy,7.0,afternoon,16,2,social,rainy_7_afternoon_social,view,0.0
U413,D011,rainy,11.5,morning,10,0,casual,rainy_12_morning_casual,view,0.0
U050,D014,rainy,13.9,evening,20,3,recovery,rainy_14_evening_recovery,view,0.0
U483,D011,sunny,26.0,afternoon,12,1,casual,sunny_26_afternoon_casual,view,0.0
U181,D039,rainy,10.1,morning,9,5,business,rainy_10_morning_business,view,0.0
U075,D039,cloudy,10.4,afternoon,12,0,recovery,cloudy_10_afternoon_recovery,view,0.0
U171,D015,cloudy,19.5,morning,10,1,celebration,cloudy_19_morning_celebration,view,0.0
U149,D060,sunny,26.0,afternoon,12,1,casual,sunny_26_afternoon_casual,view,0.0
U151,D013,stormy,16.2,afternoon,17,0,casual,stormy_16_afternoon_casual,view,0.0
U334,D072,snowy,0.6,afternoon,14,1,social,snowy_1_afternoon_social,view,0.0
U419,D101,sunny,21.0,morning,10,2,recovery,sunny_21_morning_recovery,view,0.0
U353,D072,cloudy,18.7,morning,8,3,business,cloudy_19_morning_business,view,0.0
U043,D095,sunny,26.1,evening,22,1,recovery,sunny_26_evening_recovery,view,0.0
U206,D067,snowy,-3.2,morning,9,1,business,snowy_-3_morning_business,view,0.0
U237,D066,rainy,7.0,afternoon,16,2,social,rainy_7_afternoon_social,view,0.0
U413,D081,cloudy,15.0,morning,10,0,pairing,cloudy_15_morning_pairing,view,0.0
U156,D014,sunny,26.0,afternoon,12,1,casual,sunny_26_afternoon_casual,view,0.0
U416,D110,cloudy,17.3,afternoon,15,3,recovery,cloudy_17_afternoon_recovery,view,0.0
U262,D027,snowy,-2.1,afternoon,16,2,casual,snowy_-2_afternoon_casual,view,0.0
U376,D024,cloudy,18.2,afternoon,17,1,business,cloudy_18_afternoon_business,view,0.0
U047,D079,stormy,18.3,morning,8,5,casual,stormy_18_morning_casual,view,0.0
U024,D065,snowy,-2.1,afternoon,16,2,casual,snowy_-2_afternoon_casual,view,0.0
U313,D107,cloudy,11.9,morning,7,1,social,cloudy_12_morning_social,view,0.0
U199,D023,sunny,21.0,morning,10,2,recovery,sunny_21_morning_recovery,rate,3.6
U163,D116,sunny,21.6,afternoon,17,3,recovery,sunny_22_afternoon_recovery,rate,2.9
U206,D082,cloudy,11.9,morning,7,1,social,cloudy_12_morning_social,view,0.0
U106,D118,cloudy,14.1,evening,23,6,business,cloudy_14_evening_business,view,0.0
U388,D091,stormy,12.8,evening,22,2,casual,stormy_13_evening_casual,view,0.0
U305,D098,cloudy,13.9,afternoon,12,5,casual,cloudy_14_afternoon_casual,view,0.0
U063,D047,stormy,15.1,morning,10,6,social,stormy_15_morning_social,view,0.0
U226,D007,stormy,16.3,morning,11,5,pairing,stormy_16_morning_pairing,view,0.0
U190,D103,cloudy,11.9,morning,7,1,social,cloudy_12_morning_social,view,0.0
U053,D114,cloudy,18.2,afternoon,17,1,business,cloudy_18_afternoon_business,purchase,1.0
U466,D108,snowy,0.6,afternoon,14,0,pairing,snowy_1_afternoon_pairing,view,0.0
U230,D028,stormy,16.2,afternoon,17,0,casual,stormy_16_afternoon_casual,view,0.0
U223,D111,snowy,-1.7,morning,9,2,celebration,snowy_-2_morning_celebration,rate,1.6
U380,D011,stormy,16.3,morning,11,5,pairing,stormy_16_morning_pairing,view,0.0
U263,D023,cloudy,14.6,morning,8,4,pairing,cloudy_15_morning_pairing,view,0.0
U362,D019,snowy,0.6,afternoon,14,1,social,snowy_1_afternoon_social,view,0.0
U210,D041,snowy,0.6,afternoon,14,0,pairing,snowy_1_afternoon_pairing,view,0.0
U281,D116,rainy,10.1,morning,9,5,business,rainy_10_morning_business,view,0.0
U403,D039,snowy,-4.5,afternoon,13,4,social,snowy_-5_afternoon_social,view,0.0
U104,D074,rainy,14.4,morning,11,1,recovery,rainy_14_morning_recovery,view,0.0
U255,D028,sunny,21.0,morning,10,2,recovery,sunny_21_morning_recovery,view,0.0
U206,D033,snowy,0.6,afternoon,14,0,pairing,snowy_1_afternoon_pairing,view,0.0
U286,D022,snowy,-3.6,morning,8,5,social,snowy_-4_morning_social,view,0.0
U466,D075,snowy,0.6,afternoon,14,0,pairing,snowy_1_afternoon_pairing,view,0.0
U310,D006,cloudy,19.7,afternoon,12,3,casual,cloudy_20_afternoon_casual,view,0.0
U492,D093,cloudy,13.9,afternoon,12,5,casual,cloudy_14_afternoon_casual,view,0.0
U367,D002,sunny,21.6,afternoon,17,3,recovery,sunny_22_afternoon_recovery,view,0.0
U226,D108,stormy,14.5,evening,23,3,casual,stormy_15_evening_casual,view,0.0
U444,D097,snowy,0.3,morning,7,0,business,snowy_0_morning_business,view,0.0
U127,D104,cloudy,14.1,evening,23,6,business,cloudy_14_evening_business,view,0.0
U155,D001,cloudy,19.7,afternoon,12,3,casual,cloudy_20_afternoon_casual,view,0.0
U040,D032,stormy,16.2,afternoon,17,0,casual,stormy_16_afternoon_casual,view,0.0
U264,D057,snowy,-1.7,morning,9,2,celebration,snowy_-2_morning_celebration,view,0.0
U376,D087,snowy,-2.5,morning,7,2,casual,snowy_-2_morning_casual,rate,3.9
U310,D084,sunny,29.6,afternoon,16,0,recovery,sunny_30_afternoon_recovery,view,0.0
U252,D062,rainy,8.4,evening,21,1,casual,rainy_8_evening_casual,view,0.0
U302,D022,stormy,18.3,morning,8,5,casual,stormy_18_morning_casual,view,0.0
U295,D107,snowy,-2.5,morning,7,2,casual,snowy_-2_morning_casual,view,0.0
U038,D008,rainy,11.5,morning,10,0,casual,rainy_12_morning_casual,view,0.0
U296,D034,cloudy,15.0,morning,10,0,pairing,cloudy_15_morning_pairing,view,0.0
U383,D017,rainy,9.4,evening,20,2,business,rainy_9_evening_business,view,0.0
U308,D118,rainy,12.0,evening,18,0,social,rainy_12_evening_social,view,0.0
U289,D060,cloudy,18.7,morning,8,3,business,cloudy_19_morning_business,view,0.0
U405,D058,sunny,21.0,morning,10,2,recovery,sunny_21_morning_recovery,view,0.0
U262,D120,rainy,12.4,evening,23,1,recovery,rainy_12_evening_recovery,view,0.0
U313,D111,rainy,8.4,evening,21,1,casual,rainy_8_evening_casual,view,0.0
U457,D113,sunny,22.3,morning,11,4,pairing,sunny_22_morning_pairing,view,0.0
U012,D010,cloudy,10.4,afternoon,12,0,recovery,cloudy_10_afternoon_recovery,view,0.0
U217,D011,stormy,12.8,evening,22,2,casual,stormy_13_evening_casual,view,0.0
U218,D078,snowy,-4.2,evening,22,6,business,snowy_-4_evening_business,view,0.0
U385,D056,rainy,14.4,morning,11,1,recovery,rainy_14_morning_recovery,rate,3.7
U291,D077,sunny,23.4,evening,18,0,pairing,sunny_23_evening_pairing,view,0.0
U343,D068,rainy,12.0,evening,18,0,social,rainy_12_evening_social,view,0.0
U477,D075,rainy,9.4,evening,20,2,business,rainy_9_evening_business,view,0.0
U192,D103,snowy,-3.2,morning,9,1,business,snowy_-3_morning_business,view,0.0
U055,D103,snowy,-1.7,morning,9,2,celebration,snowy_-2_morning_celebration,view,0.0
U090,D104,snowy,0.6,afternoon,14,1,social,snowy_1_afternoon_social,view,0.0
U493,D077,stormy,12.8,evening,22,2,casual,stormy_13_evening_casual,view,0.0
U428,D017,rainy,7.0,afternoon,16,2,social,rainy_7_afternoon_social,view,0.0
U093,D114,cloudy,11.9,morning,7,1,social,cloudy_12_morning_social,view,0.0
U143,D095,stormy,16.3,morning,11,5,pairing,stormy_16_morning_pairing,view,0.0
U276,D042,snowy,-3.2,morning,9,1,business,snowy_-3_morning_business,view,0.0
U023,D072,cloudy,15.0,morning,10,0,pairing,cloudy_15_morning_pairing,rate,1.8
U333,D119,sunny,21.0,morning,10,2,recovery,sunny_21_morning_recovery,view,0.0
U229,D112,cloudy,19.7,afternoon,12,3,casual,cloudy_20_afternoon_casual,view,0.0
U141,D028,cloudy,19.7,afternoon,12,3,casual,cloudy_20_afternoon_casual,view,0.0
U099,D047,snowy,-4.2,evening,22,6,business,snowy_-4_evening_business,view,0.0
U480,D067,cloudy,14.1,evening,23,6,business,cloudy_14_evening_business,view,0.0
U119,D114,cloudy,16.7,morning,8,4,business,cloudy_17_morning_business,view,0.0
U465,D052,cloudy,12.4,evening,18,6,pairing,cloudy_12_evening_pairing,view,0.0
U337,D042,snowy,-3.2,morning,9,1,business,snowy_-3_morning_business,view,0.0
U382,D027,snowy,0.6,afternoon,14,0,pairing,snowy_1_afternoon_pairing,view,0.0
U362,D113,sunny,21.6,afternoon,17,3,recovery,sunny_22_afternoon_recovery,view,0.0
U016,D017,rainy,12.0,evening,18,0,social,rainy_12_evening_social,view,0.0
U392,D038,cloudy,18.2,afternoon,17,1,business,cloudy_18_afternoon_business,view,0.0
U105,D100,stormy,15.1,morning,10,6,social,stormy_15_morning_social,view,0.0
U444,D076,stormy,10.7,afternoon,12,0,casual,stormy_11_afternoon_casual,view,0.0
U423,D042,snowy,0.6,afternoon,14,0,pairing,snowy_1_afternoon_pairing,view,0.0
U345,D103,snowy,-2.1,afternoon,16,2,casual,snowy_-2_afternoon_casual,view,0.0
U006,D108,cloudy,19.7,afternoon,12,3,casual,cloudy_20_afternoon_casual,view,0.0
U226,D102,stormy,16.2,afternoon,17,0,casual,stormy_16_afternoon_casual,rate,4.1
U096,D090,cloudy,16.7,morning,8,4,business,cloudy_17_morning_business,view,0.0
U394,D056,snowy,-3.2,morning,9,1,business,snowy_-3_morning_business,view,0.0
U070,D020,stormy,16.2,afternoon,17,0,casual,stormy_16_afternoon_casual,view,0.0
U314,D059,sunny,21.6,afternoon,17,3,recovery,sunny_22_afternoon_recovery,view,0.0
U046,D022,stormy,14.5,evening,23,3,casual,stormy_15_evening_casual,view,0.0
U179,D078,snowy,-4.2,evening,22,6,business,snowy_-4_evening_business,view,0.0
U162,D075,stormy,16.3,morning,11,5,pairing,stormy_16_morning_pairing,view,0.0
U123,D054,sunny,26.0,afternoon,12,1,casual,sunny_26_afternoon_casual,view,0.0
U455,D113,cloudy,19.1,evening,19,6,pairing,cloudy_19_evening_pairing,rate,1.8
U473,D061,snowy,-3.6,morning,8,5,social,snowy_-4_morning_social,view,0.0
U212,D034,cloudy,18.7,morning,8,3,business,cloudy_19_morning_business,view,0.0
U364,D030,stormy,10.7,afternoon,12,0,casual,stormy_11_afternoon_casual,rate,2.9
U402,D045,sunny,26.0,afternoon,12,1,casual,sunny_26_afternoon_casual,view,0.0
U318,D059,cloudy,18.7,morning,8,3,business,cloudy_19_morning_business,view,0.0
U471,D032,rainy,13.9,evening,20,3,recovery,rainy_14_evening_recovery,view,0.0
U326,D105,snowy,0.3,morning,7,0,business,snowy_0_morning_business,rate,3.1
U232,D104,snowy,-3.2,morning,9,1,business,snowy_-3_morning_business,view,0.0
U275,D067,snowy,-2.1,afternoon,16,2,casual,snowy_-2_afternoon_casual,view,0.0
U320,D083,snowy,0.3,morning,7,0,business,snowy_0_morning_business,view,0.0
U200,D112,snowy,-2.1,afternoon,16,2,casual,snowy_-2_afternoon_casual,view,0.0
U171,D039,cloudy,18.7,morning,8,3,business,cloudy_19_morning_business,view,0.0
U237,D010,cloudy,14.6,morning,8,4,pairing,cloudy_15_morning_pairing,view,0.0
U129,D049,stormy,12.8,evening,22,2,casual,stormy_13_evening_casual,view,0.0
U116,D024,cloudy,10.4,afternoon,12,0,recovery,cloudy_10_afternoon_recovery,view,0.0
U234,D081,sunny,21.6,afternoon,17,3,recovery,sunny_22_afternoon_recovery,view,0.0
U225,D071,sunny,30.7,afternoon,15,3,social,sunny_31_afternoon_social,view,0.0
U012,D035,rainy,14.4,morning,11,1,recovery,rainy_14_morning_recovery,view,0.0
U441,D013,cloudy,19.1,evening,19,6,pairing,cloudy_19_evening_pairing,view,0.0
U229,D039,sunny,30.7,afternoon,15,3,social,sunny_31_afternoon_social,view,0.0
U396,D034,cloudy,14.6,morning,8,4,pairing,cloudy_15_morning_pairing,view,0.0
U477,D062,rainy,12.4,evening,23,1,recovery,rainy_12_evening_recovery,view,0.0
U359,D015,stormy,18.3,morning,8,5,casual,stormy_18_morning_casual,view,0.0
U196,D075,sunny,21.6,afternoon,17,3,recovery,sunny_22_afternoon_recovery,view,0.0
U016,D039,rainy,12.4,evening,23,1,recovery,rainy_12_evening_recovery,rate,3.9
U124,D019,cloudy,14.6,morning,8,4,pairing,cloudy_15_morning_pairing,view,0.0
U077,D101,rainy,7.0,afternoon,16,2,social,rainy_7_afternoon_social,view,0.0
U203,D088,cloudy,17.3,afternoon,15,3,recovery,cloudy_17_afternoon_recovery,view,0.0
U071,D103,cloudy,19.5,morning,10,1,celebration,cloudy_19_morning_celebration,view,0.0
U157,D107,snowy,-4.2,evening,22,6,business,snowy_-4_evening_business,view,0.0
U324,D058,cloudy,17.3,afternoon,15,3,recovery,cloudy_17_afternoon_recovery,view,0.0
U165,D061,cloudy,11.9,morning,7,1,social,cloudy_12_morning_social,view,0.0
U457,D025,rainy,9.4,evening,20,2,business,rainy_9_evening_business,view,0.0
U115,D006,snowy,-2.1,afternoon,16,2,casual,snowy_-2_afternoon_casual,view,0.0
U139,D097,snowy,4.5,afternoon,16,4,social,snowy_5_afternoon_social,view,0.0
U340,D065,snowy,-3.6,morning,8,5,social,snowy_-4_morning_social,view,0.0
U206,D031,cloudy,12.4,evening,18,6,pairing,cloudy_12_evening_pairing,view,0.0
U366,D093,stormy,12.8,evening,22,2,casual,stormy_13_evening_casual,rate,2.0
U086,D025,rainy,7.0,afternoon,16,2,social,rainy_7_afternoon_social,view,0.0
U389,D004,stormy,12.8,evening,22,2,casual,stormy_13_evening_casual,view,0.0
U149,D077,rainy,11.5,morning,10,0,casual,rainy_12_morning_casual,view,0.0
U154,D055,snowy,-4.2,evening,22,6,business,snowy_-4_evening_business,view,0.0
U270,D056,stormy,12.8,evening,22,2,casual,stormy_13_evening_casual,view,0.0
U046,D016,rainy,8.4,evening,21,1,casual,rainy_8_evening_casual,rate,2.1
U220,D008,sunny,30.7,afternoon,15,3,social,sunny_31_afternoon_social,view,0.0
U275,D097,rainy,7.0,afternoon,16,2,social,rainy_7_afternoon_social,view,0.0
U124,D074,snowy,-2.1,afternoon,16,2,casual,snowy_-2_afternoon_casual,view,0.0
U113,D091,rainy,12.4,evening,23,1,recovery,rainy_12_evening_recovery,view,0.0
U218,D077,cloudy,12.4,evening,18,6,pairing,cloudy_12_evening_pairing,view,0.0
U334,D024,snowy,-3.6,morning,8,5,social,snowy_-4_morning_social,view,0.0
U319,D113,cloudy,13.9,afternoon,12,5,casual,cloudy_14_afternoon_casual,view,0.0
U191,D078,snowy,-3.2,morning,9,1,business,snowy_-3_morning_business,view,0.0
U477,D043,stormy,10.7,afternoon,12,0,casual,stormy_11_afternoon_casual,view,0.0
U341,D057,cloudy,19.1,evening,19,6,pairing,cloudy_19_evening_pairing,view,0.0
U203,D057,sunny,26.1,evening,22,1,recovery,sunny_26_evening_recovery,view,0.0
U363,D070,stormy,12.8,evening,22,2,casual,stormy_13_evening_casual,rate,2.2
U023,D027,cloudy,14.1,evening,23,6,business,cloudy_14_evening_business,view,0.0
U321,D006,sunny,29.6,afternoon,16,0,recovery,sunny_30_afternoon_recovery,view,0.0
U088,D025,snowy,-4.5,afternoon,13,4,social,snowy_-5_afternoon_social,view,0.0
U051,D088,snowy,0.6,afternoon,14,0,pairing,snowy_1_afternoon_pairing,view,0.0
U454,D118,snowy,-2.5,morning,7,2,casual,snowy_-2_morning_casual,view,0.0
U316,D046,stormy,12.8,evening,22,2,casual,stormy_13_evening_casual,view,0.0
U422,D011,snowy,-3.2,morning,9,1,business,snowy_-3_morning_business,view,0.0
U039,D071,stormy,18.3,morning,8,5,casual,stormy_18_morning_casual,view,0.0
U287,D033,rainy,12.4,evening,23,1,recovery,rainy_12_evening_recovery,view,0.0
U314,D056,sunny,30.7,afternoon,15,3,social,sunny_31_afternoon_social,view,0.0
U287,D055,sunny,22.3,morning,11,4,pairing,sunny_22_morning_pairing,view,0.0
U386,D102,snowy,-4.5,afternoon,13,4,social,snowy_-5_afternoon_social,view,0.0
U415,D070,snowy,-3.6,morning,8,5,social,snowy_-4_morning_social,view,0.0
U203,D015,cloudy,14.1,evening,23,6,business,cloudy_14_evening_business,view,0.0
U138,D038,snowy,0.3,morning,7,0,business,snowy_0_morning_business,view,0.0
U498,D071,snowy,-4.5,afternoon,13,4,social,snowy_-5_afternoon_social,view,0.0
U372,D105,sunny,30.7,afternoon,15,3,social,sunny_31_afternoon_social,view,0.0
U084,D098,cloudy,19.7,afternoon,12,3,casual,cloudy_20_afternoon_casual,view,0.0
U422,D094,snowy,-1.7,morning,9,2,celebration,snowy_-2_morning_celebration,view,0.0
U065,D034,snowy,4.5,afternoon,16,4,social,snowy_5_afternoon_social,view,0.0
U213,D020,cloudy,19.1,evening,19,6,pairing,cloudy_19_evening_pairing,view,0.0
U324,D012,cloudy,16.7,morning,8,4,business,cloudy_17_morning_business,view,0.0
U129,D030,rainy,9.4,evening,20,2,business,rainy_9_evening_business,view,0.0
U292,D069,stormy,18.3,morning,8,5,casual,stormy_18_morning_casual,view,0.0
U351,D055,rainy,12.4,evening,23,1,recovery,rainy_12_evening_recovery,view,0.0
U205,D024,stormy,15.1,morning,10,6,social,stormy_15_morning_social,view,0.0
U422,D110,snowy,4.5,afternoon,16,4,social,snowy_5_afternoon_social,view,0.0
U435,D035,cloudy,19.7,afternoon,12,3,casual,cloudy_20_afternoon_casual,view,0.0
U337,D058,snowy,-4.2,evening,22,6,business,snowy_-4_evening_business,view,0.0
U285,D043,snowy,-3.6,morning,8,5,social,snowy_-4_morning_social,view,0.0
U187,D106,rainy,10.1,morning,9,5,business,rainy_10_morning_business,view,0.0
U042,D094,cloudy,15.0,morning,10,0,pairing,cloudy_15_morning_pairing,view,0.0
U416,D026,snowy,4.5,afternoon,16,4,social,snowy_5_afternoon_social,view,0.0
U122,D106,rainy,7.0,afternoon,16,2,social,rainy_7_afternoon_social,view,0.0
U376,D103,cloudy,14.6,morning,8,4,pairing,cloudy_15_morning_pairing,view,0.0
U393,D022,sunny,26.1,evening,22,1,recovery,sunny_26_evening_recovery,view,0.0
U129,D073,sunny,33.7,afternoon,14,3,celebration,sunny_34_afternoon_celebration,view,0.0
U356,D040,cloudy,14.1,evening,23,6,business,cloudy_14_evening_business,view,0.0
U105,D022,snowy,-2.1,afternoon,16,2,casual,snowy_-2_afternoon_casual,view,0.0
U299,D039,snowy,0.6,afternoon,14,1,social,snowy_1_afternoon_social,view,0.0
U048,D111,cloudy,14.6,morning,8,4,pairing,cloudy_15_morning_pairing,view,0.0
U272,D001,rainy,11.5,morning,10,0,casual,rainy_12_morning_casual,view,0.0
U165,D081,stormy,15.1,morning,10,6,social,stormy_15_morning_social,view,0.0
U328,D061,rainy,9.4,evening,20,2,business,rainy_9_evening_business,view,0.0
U239,D020,snowy,-2.1,afternoon,16,2,casual,snowy_-2_afternoon_casual,view,0.0
U202,D024,rainy,14.4,morning,11,1,recovery,rainy_14_morning_recovery,view,0.0
U077,D089,rainy,12.4,evening,23,1,recovery,rainy_12_evening_recovery,view,0.0
U344,D066,snowy,0.6,afternoon,14,0,pairing,snowy_1_afternoon_pairing,view,0.0
U467,D073,cloudy,11.9,morning,7,1,social,cloudy_12_morning_social,view,0.0
U487,D010,snowy,4.5,afternoon,16,4,social,snowy_5_afternoon_social,view,0.0
U393,D060,snowy,0.3,morning,7,0,business,snowy_0_morning_business,purchase,1.0
U441,D069,sunny,22.3,morning,11,4,pairing,sunny_22_morning_pairing,view,0.0
U320,D041,cloudy,19.1,evening,19,6,pairing,cloudy_19_evening_pairing,view,0.0
U407,D108,cloudy,10.4,afternoon,12,0,recovery,cloudy_10_afternoon_recovery,view,0.0
U390,D119,sunny,26.1,evening,22,1,recovery,sunny_26_evening_recovery,purchase,1.0
U060,D049,rainy,9.4,evening,20,2,business,rainy_9_evening_business,view,0.0
U070,D037,sunny,23.4,evening,18,0,pairing,sunny_23_evening_pairing,rate,3.2
U442,D014,stormy,12.8,evening,22,2,casual,stormy_13_evening_casual,view,0.0
U335,D008,stormy,15.1,morning,10,6,social,stormy_15_morning_social,view,0.0
U085,D028,rainy,14.4,morning,11,1,recovery,rainy_14_morning_recovery,view,0.0
U470,D076,rainy,12.0,evening,18,0,social,rainy_12_evening_social,view,0.0
U230,D042,rainy,11.5,morning,10,0,casual,rainy_12_morning_casual,view,0.0
U338,D010,snowy,-1.7,morning,9,2,celebration,snowy_-2_morning_celebration,view,0.0
U257,D039,sunny,21.0,morning,10,2,recovery,sunny_21_morning_recovery,view,0.0
U388,D060,sunny,33.7,afternoon,14,3,celebration,sunny_34_afternoon_celebration,view,0.0
U105,D034,rainy,8.4,evening,21,1,casual,rainy_8_evening_casual,view,0.0
U354,D103,rainy,13.9,evening,20,3,recovery,rainy_14_evening_recovery,view,0.0
U065,D077,snowy,4.5,afternoon,16,4,social,snowy_5_afternoon_social,view,0.0
U271,D113,cloudy,11.9,morning,7,1,social,cloudy_12_morning_social,rate,2.3
U107,D017,cloudy,18.7,morning,8,3,business,cloudy_19_morning_business,view,0.0
U398,D011,cloudy,11.9,morning,7,1,social,cloudy_12_morning_social,view,0.0
U099,D061,sunny,23.4,evening,18,0,pairing,sunny_23_evening_pairing,view,0.0
U457,D010,stormy,14.5,evening,23,3,casual,stormy_15_evening_casual,view,0.0
U315,D050,stormy,16.2,afternoon,17,0,casual,stormy_16_afternoon_casual,view,0.0
U479,D017,stormy,18.3,morning,8,5,casual,stormy_18_morning_casual,view,0.0
U457,D002,rainy,11.5,morning,10,0,casual,rainy_12_morning_casual,view,0.0
U356,D054,cloudy,10.4,afternoon,12,0,recovery,cloudy_10_afternoon_recovery,view,0.0
U470,D087,snowy,-3.2,morning,9,1,business,snowy_-3_morning_business,view,0.0
U043,D074,cloudy,13.9,afternoon,12,5,casual,cloudy_14_afternoon_casual,view,0.0
U242,D002,cloudy,13.9,afternoon,12,5,casual,cloudy_14_afternoon_casual,view,0.0
U106,D016,snowy,-3.2,morning,9,1,business,snowy_-3_morning_business,rate,2.2
U306,D013,snowy,-4.5,afternoon,13,4,social,snowy_-5_afternoon_social,view,0.0
U008,D074,rainy,8.4,evening,21,1,casual,rainy_8_evening_casual,view,0.0
U147,D111,cloudy,18.2,afternoon,17,1,business,cloudy_18_afternoon_business,view,0.0
U117,D043,sunny,33.7,afternoon,14,3,celebration,sunny_34_afternoon_celebration,view,0.0
U338,D057,sunny,29.6,afternoon,16,0,recovery,sunny_30_afternoon_recovery,view,0.0
U154,D030,snowy,0.6,afternoon,14,1,social,snowy_1_afternoon_social,view,0.0
U159,D042,rainy,14.4,morning,11,1,recovery,rainy_14_morning_recovery,view,0.0
U326,D078,rainy,14.4,morning,11,1,recovery,rainy_14_morning_recovery,view,0.0
U368,D103,stormy,10.7,afternoon,12,0,casual,stormy_11_afternoon_casual,view,0.0
U179,D113,cloudy,17.3,afternoon,15,3,recovery,cloudy_17_afternoon_recovery,view,0.0
U331,D080,cloudy,13.9,afternoon,12,5,casual,cloudy_14_afternoon_casual,purchase,1.0
U075,D071,stormy,15.1,morning,10,6,social,stormy_15_morning_social,view,0.0
U345,D019,sunny,23.4,evening,18,0,pairing,sunny_23_evening_pairing,view,0.0
U169,D100,cloudy,19.1,evening,19,6,pairing,cloudy_19_evening_pairing,view,0.0
U217,D066,rainy,7.0,afternoon,16,2,social,rainy_7_afternoon_social,view,0.0
U156,D077,snowy,-2.5,morning,7,2,casual,snowy_-2_morning_casual,view,0.0
U287,D085,cloudy,15.0,morning,10,0,pairing,cloudy_15_morning_pairing,view,0.0
U456,D059,sunny,22.3,morning,11,4,pairing,sunny_22_morning_pairing,view,0.0
U230,D096,stormy,16.3,morning,11,5,pairing,stormy_16_morning_pairing,view,0.0
U421,D105,snowy,4.5,afternoon,16,4,social,snowy_5_afternoon_social,view,0.0
U439,D004,snowy,-2.5,morning,7,2,casual,snowy_-2_morning_casual,view,0.0
U431,D075,rainy,10.1,morning,9,5,business,rainy_10_morning_business,view,0.0
U045,D017,rainy,12.0,evening,18,0,social,rainy_12_evening_social,view,0.0
U331,D041,snowy,-3.6,morning,8,5,social,snowy_-4_morning_social,view,0.0
U020,D111,rainy,10.1,morning,9,5,business,rainy_10_morning_business,view,0.0
U310,D031,stormy,16.3,morning,11,5,pairing,stormy_16_morning_pairing,view,0.0
U128,D082,cloudy,13.9,afternoon,12,5,casual,cloudy_14_afternoon_casual,view,0.0
U253,D019,stormy,14.5,evening,23,3,casual,stormy_15_evening_casual,view,0.0
U223,D003,snowy,-3.6,morning,8,5,social,snowy_-4_morning_social,view,0.0
U342,D081,stormy,12.8,evening,22,2,casual,stormy_13_evening_casual,view,0.0
U499,D009,cloudy,13.9,afternoon,12,5,casual,cloudy_14_afternoon_casual,view,0.0
U165,D096,stormy,18.3,morning,8,5,casual,stormy_18_morning_casual,rate,3.6
U110,D075,stormy,14.5,evening,23,3,casual,stormy_15_evening_casual,view,0.0
U172,D040,cloudy,18.2,afternoon,17,1,business,cloudy_18_afternoon_business,view,0.0
U428,D048,snowy,0.6,afternoon,14,0,pairing,snowy_1_afternoon_pairing,view,0.0
U436,D084,rainy,14.4,morning,11,1,recovery,rainy_14_morning_recovery,view,0.0
U381,D073,rainy,14.4,morning,11,1,recovery,rainy_14_morning_recovery,view,0.0
U077,D048,stormy,15.1,morning,10,6,social,stormy_15_morning_social,view,0.0
U333,D039,cloudy,11.9,morning,7,1,social,cloudy_12_morning_social,view,0.0
U088,D083,cloudy,18.7,morning,8,3,business,cloudy_19_morning_business,view,0.0
U442,D028,rainy,7.0,afternoon,16,2,social,rainy_7_afternoon_social,view,0.0
U470,D077,snowy,0.6,afternoon,14,1,social,snowy_1_afternoon_social,view,0.0
U381,D112,sunny,33.7,afternoon,14,3,celebration,sunny_34_afternoon_celebration,view,0.0
U033,D017,sunny,30.7,afternoon,15,3,social,sunny_31_afternoon_social,view,0.0
U141,D062,snowy,0.3,morning,7,0,business,snowy_0_morning_business,view,0.0
U450,D081,cloudy,15.0,morning,10,0,pairing,cloudy_15_morning_pairing,rate,1.4
U125,D012,sunny,33.7,afternoon,14,3,celebration,sunny_34_afternoon_celebration,view,0.0
U464,D059,cloudy,18.7,morning,8,3,business,cloudy_19_morning_business,view,0.0
U491,D049,rainy,9.4,evening,20,2,business,rainy_9_evening_business,rate,4.7
U338,D092,cloudy,19.1,evening,19,6,pairing,cloudy_19_evening_pairing,view,0.0
U225,D045,snowy,-4.5,afternoon,13,4,social,snowy_-5_afternoon_social,view,0.0
U500,D106,rainy,8.4,evening,21,1,casual,rainy_8_evening_casual,view,0.0
U430,D056,sunny,26.0,afternoon,12,1,casual,sunny_26_afternoon_casual,view,0.0
U223,D062,cloudy,10.4,afternoon,12,0,recovery,cloudy_10_afternoon_recovery,view,0.0
U088,D057,cloudy,19.5,morning,10,1,celebration,cloudy_19_morning_celebration,view,0.0
U020,D033,stormy,14.5,evening,23,3,casual,stormy_15_evening_casual,view,0.0
U073,D098,cloudy,19.1,evening,19,6,pairing,cloudy_19_evening_pairing,view,0.0
U061,D089,stormy,14.5,evening,23,3,casual,stormy_15_evening_casual,view,0.0
U176,D109,snowy,-4.5,afternoon,13,4,social,snowy_-5_afternoon_social,view,0.0
U131,D102,rainy,10.1,morning,9,5,business,rainy_10_morning_business,view,0.0
U495,D105,snowy,-2.1,afternoon,16,2,casual,snowy_-2_afternoon_casual,rate,2.4
U111,D065,cloudy,12.4,evening,18,6,pairing,cloudy_12_evening_pairing,view,0.0
U459,D113,stormy,16.2,afternoon,17,0,casual,stormy_16_afternoon_casual,view,0.0
U057,D120,sunny,21.6,afternoon,17,3,recovery,sunny_22_afternoon_recovery,view,0.0
U111,D101,snowy,-3.2,morning,9,1,business,snowy_-3_morning_business,view,0.0
U421,D003,snowy,0.6,afternoon,14,1,social,snowy_1_afternoon_social,view,0.0
U167,D026,rainy,7.0,afternoon,16,2,social,rainy_7_afternoon_social,view,0.0
U251,D085,rainy,12.0,evening,18,0,social,rainy_12_evening_social,view,0.0
U412,D027,stormy,10.7,afternoon,12,0,casual,stormy_11_afternoon_casual,view,0.0
U193,D018,snowy,0.6,afternoon,14,1,social,snowy_1_afternoon_social,view,0.0
U311,D109,snowy,-4.5,afternoon,13,4,social,snowy_-5_afternoon_social,view,0.0
U110,D068,rainy,9.4,evening,20,2,business,rainy_9_evening_business,view,0.0
U243,D105,rainy,13.9,evening,20,3,recovery,rainy_14_evening_recovery,view,0.0
U489,D109,sunny,26.0,afternoon,12,1,casual,sunny_26_afternoon_casual,view,0.0
U190,D018,cloudy,13.9,afternoon,12,5,casual,cloudy_14_afternoon_casual,view,0.0
U229,D063,sunny,33.7,afternoon,14,3,celebration,sunny_34_afternoon_celebration,view,0.0
U405,D025,stormy,18.3,morning,8,5,casual,stormy_18_morning_casual,view,0.0
U126,D050,cloudy,10.4,afternoon,12,0,recovery,cloudy_10_afternoon_recovery,view,0.0
U352,D049,rainy,10.1,morning,9,5,business,rainy_10_morning_business,view,0.0
U281,D059,stormy,14.5,evening,23,3,casual,stormy_15_evening_casual,view,0.0
U105,D099,cloudy,19.5,morning,10,1,celebration,cloudy_19_morning_celebration,view,0.0
U118,D094,sunny,29.6,afternoon,16,0,recovery,sunny_30_afternoon_recovery,view,0.0
U386,D014,rainy,8.4,evening,21,1,casual,rainy_8_evening_casual,view,0.0
U186,D089,rainy,12.0,evening,18,0,social,rainy_12_evening_social,view,0.0
U431,D044,rainy,12.0,evening,18,0,social,rainy_12_evening_social,view,0.0
U152,D111,snowy,-4.5,afternoon,13,4,social,snowy_-5_afternoon_social,view,0.0
U418,D002,cloudy,12.4,evening,18,6,pairing,cloudy_12_evening_pairing,rate,3.1
U328,D092,cloudy,19.1,evening,19,6,pairing,cloudy_19_evening_pairing,view,0.0
U447,D117,snowy,-1.7,morning,9,2,celebration,snowy_-2_morning_celebration,view,0.0
U324,D063,cloudy,15.0,morning,10,0,pairing,cloudy_15_morning_pairing,view,0.0
U346,D081,snowy,-4.2,evening,22,6,business,snowy_-4_evening_business,view,0.0
U160,D116,snowy,-4.5,afternoon,13,4,social,snowy_-5_afternoon_social,view,0.0
U194,D019,sunny,30.7,afternoon,15,3,social,sunny_31_afternoon_social,view,0.0
U011,D059,cloudy,16.7,morning,8,4,business,cloudy_17_morning_business,view,0.0
U297,D027,snowy,0.6,afternoon,14,1,social,snowy_1_afternoon_social,rate,3.8
U017,D095,sunny,26.0,afternoon,12,1,casual,sunny_26_afternoon_casual,view,0.0
U229,D093,snowy,-2.1,afternoon,16,2,casual,snowy_-2_afternoon_casual,view,0.0
U231,D113,cloudy,17.3,afternoon,15,3,recovery,cloudy_17_afternoon_recovery,view,0.0
U053,D078,sunny,26.0,afternoon,12,1,casual,sunny_26_afternoon_casual,purchase,1.0
U054,D020,snowy,-4.5,afternoon,13,4,social,snowy_-5_afternoon_social,view,0.0
U058,D105,rainy,13.9,evening,20,3,recovery,rainy_14_evening_recovery,view,0.0
U253,D039,cloudy,11.9,morning,7,1,social,cloudy_12_morning_social,view,0.0
U119,D067,sunny,29.6,afternoon,16,0,recovery,sunny_30_afternoon_recovery,view,0.0
U213,D052,rainy,11.5,morning,10,0,casual,rainy_12_morning_casual,rate,4.2
U393,D103,snowy,-1.7,morning,9,2,celebration,snowy_-2_morning_celebration,view,0.0
U279,D063,cloudy,14.1,evening,23,6,business,cloudy_14_evening_business,view,0.0
U300,D086,sunny,30.7,afternoon,15,3,social,sunny_31_afternoon_social,view,0.0
U218,D094,rainy,9.4,evening,20,2,business,rainy_9_evening_business,view,0.0
U497,D057,sunny,29.6,afternoon,16,0,recovery,sunny_30_afternoon_recovery,rate,2.1
U090,D072,cloudy,17.3,afternoon,15,3,recovery,cloudy_17_afternoon_recovery,view,0.0
U407,D032,cloudy,16.7,morning,8,4,business,cloudy_17_morning_business,view,0.0
U313,D109,snowy,0.6,afternoon,14,1,social,snowy_1_afternoon_social,purchase,1.0
U393,D013,snowy,-3.6,morning,8,5,social,snowy_-4_morning_social,view,0.0
U277,D064,sunny,23.4,evening,18,0,pairing,sunny_23_evening_pairing,view,0.0
U480,D035,snowy,-4.5,afternoon,13,4,social,snowy_-5_afternoon_social,view,0.0
U262,D109,sunny,21.0,morning,10,2,recovery,sunny_21_morning_recovery,view,0.0
U436,D083,rainy,9.4,evening,20,2,business,rainy_9_evening_business,view,0.0
U469,D118,sunny,26.1,evening,22,1,recovery,sunny_26_evening_recovery,view,0.0
U078,D019,cloudy,19.7,afternoon,12,3,casual,cloudy_20_afternoon_casual,view,0.0
U390,D116,snowy,0.6,afternoon,14,1,social,snowy_1_afternoon_social,view,0.0
U354,D038,stormy,15.1,morning,10,6,social,stormy_15_morning_social,view,0.0
U125,D119,snowy,0.6,afternoon,14,1,social,snowy_1_afternoon_social,view,0.0
U309,D056,cloudy,17.3,afternoon,15,3,recovery,cloudy_17_afternoon_recovery,view,0.0
U186,D088,rainy,12.4,evening,23,1,recovery,rainy_12_evening_recovery,view,0.0
U051,D019,sunny,21.0,morning,10,2,recovery,sunny_21_morning_recovery,view,0.0
U211,D024,stormy,15.1,morning,10,6,social,stormy_15_morning_social,rate,3.6
U082,D108,stormy,12.8,evening,22,2,casual,stormy_13_evening_casual,view,0.0
U273,D068,sunny,26.0,afternoon,12,1,casual,sunny_26_afternoon_casual,view,0.0
U123,D093,rainy,14.4,morning,11,1,recovery,rainy_14_morning_recovery,view,0.0
U479,D067,snowy,0.3,morning,7,0,business,snowy_0_morning_business,view,0.0
U089,D049,cloudy,17.3,afternoon,15,3,recovery,cloudy_17_afternoon_recovery,view,0.0
U099,D027,cloudy,10.4,afternoon,12,0,recovery,cloudy_10_afternoon_recovery,view,0.0
U257,D061,snowy,0.6,afternoon,14,0,pairing,snowy_1_afternoon_pairing,view,0.0
U196,D041,rainy,11.5,morning,10,0,casual,rainy_12_morning_casual,view,0.0
U008,D038,sunny,29.6,afternoon,16,0,recovery,sunny_30_afternoon_recovery,view,0.0
U431,D090,snowy,-4.2,evening,22,6,business,snowy_-4_evening_business,view,0.0
U334,D049,sunny,22.3,morning,11,4,pairing,sunny_22_morning_pairing,view,0.0
U261,D119,sunny,23.4,evening,18,0,pairing,sunny_23_evening_pairing,view,0.0
U287,D052,snowy,-4.2,evening,22,6,business,snowy_-4_evening_business,view,0.0
U023,D048,cloudy,14.1,evening,23,6,business,cloudy_14_evening_business,view,0.0
U038,D041,stormy,12.8,evening,22,2,casual,stormy_13_evening_casual,view,0.0
U325,D057,stormy,10.7,afternoon,12,0,casual,stormy_11_afternoon_casual,rate,4.6
U249,D079,rainy,8.4,evening,21,1,casual,rainy_8_evening_casual,view,0.0
U380,D109,stormy,15.1,morning,10,6,social,stormy_15_morning_social,view,0.0
U280,D093,snowy,0.6,afternoon,14,1,social,snowy_1_afternoon_social,view,0.0
U113,D046,snowy,-2.1,afternoon,16,2,casual,snowy_-2_afternoon_casual,view,0.0
U417,D093,snowy,-4.2,evening,22,6,business,snowy_-4_evening_business,view,0.0
U329,D059,sunny,23.4,evening,18,0,pairing,sunny_23_evening_pairing,view,0.0
U249,D003,rainy,10.1,morning,9,5,business,rainy_10_morning_business,view,0.0
U399,D002,sunny,30.7,afternoon,15,3,social,sunny_31_afternoon_social,view,0.0
U496,D071,stormy,12.8,evening,22,2,casual,stormy_13_evening_casual,view,0.0
U155,D037,cloudy,18.2,afternoon,17,1,business,cloudy_18_afternoon_business,view,0.0
U167,D063,snowy,-4.5,afternoon,13,4,social,snowy_-5_afternoon_social,view,0.0
U376,D004,sunny,21.6,afternoon,17,3,recovery,sunny_22_afternoon_recovery,view,0.0
U235,D050,rainy,8.4,evening,21,1,casual,rainy_8_evening_casual,rate,2.3
U062,D081,stormy,12.8,evening,22,2,casual,stormy_13_evening_casual,purchase,1.0
U218,D112,sunny,21.0,morning,10,2,recovery,sunny_21_morning_recovery,view,0.0
U139,D075,cloudy,17.3,afternoon,15,3,recovery,cloudy_17_afternoon_recovery,view,0.0
U198,D077,cloudy,16.7,morning,8,4,business,cloudy_17_morning_business,view,0.0
U470,D037,snowy,0.3,morning,7,0,business,snowy_0_morning_business,view,0.0
U500,D078,snowy,0.3,morning,7,0,business,snowy_0_morning_business,view,0.0
U442,D036,cloudy,15.0,morning,10,0,pairing,cloudy_15_morning_pairing,view,0.0
U455,D042,snowy,0.6,afternoon,14,0,pairing,snowy_1_afternoon_pairing,view,0.0
U337,D030,sunny,21.0,morning,10,2,recovery,sunny_21_morning_recovery,view,0.0
U257,D065,snowy,0.3,morning,7,0,business,snowy_0_morning_business,view,0.0
U025,D026,rainy,12.4,evening,23,1,recovery,rainy_12_evening_recovery,view,0.0
U417,D101,sunny,22.3,morning,11,4,pairing,sunny_22_morning_pairing,view,0.0
U433,D048,stormy,14.5,evening,23,3,casual,stormy_15_evening_casual,rate,3.2
U268,D069,sunny,30.7,afternoon,15,3,social,sunny_31_afternoon_social,view,0.0
U089,D065,cloudy,10.4,afternoon,12,0,recovery,cloudy_10_afternoon_recovery,view,0.0
U490,D106,snowy,-3.6,morning,8,5,social,snowy_-4_morning_social,view,0.0
U316,D107,sunny,21.6,afternoon,17,3,recovery,sunny_22_afternoon_recovery,rate,4.2
U145,D060,rainy,8.4,evening,21,1,casual,rainy_8_evening_casual,view,0.0
U273,D049,snowy,-3.2,morning,9,1,business,snowy_-3_morning_business,view,0.0
U434,D003,cloudy,19.7,afternoon,12,3,casual,cloudy_20_afternoon_casual,view,0.0
U452,D081,sunny,29.6,afternoon,16,0,recovery,sunny_30_afternoon_recovery,view,0.0
U170,D015,rainy,9.4,evening,20,2,business,rainy_9_evening_business,view,0.0
U247,D020,cloudy,18.2,afternoon,17,1,business,cloudy_18_afternoon_business,view,0.0
U192,D118,rainy,12.0,evening,18,0,social,rainy_12_evening_social,view,0.0
U065,D088,sunny,30.7,afternoon,15,3,social,sunny_31_afternoon_social,view,0.0
U204,D017,cloudy,10.4,afternoon,12,0,recovery,cloudy_10_afternoon_recovery,view,0.0
U271,D094,cloudy,12.4,evening,18,6,pairing,cloudy_12_evening_pairing,view,0.0
U061,D058,sunny,23.4,evening,18,0,pairing,sunny_23_evening_pairing,view,0.0
U302,D031,cloudy,15.0,morning,10,0,pairing,cloudy_15_morning_pairing,view,0.0
U237,D099,rainy,8.4,evening,21,1,casual,rainy_8_evening_casual,purchase,1.0
U080,D007,rainy,14.4,morning,11,1,recovery,rainy_14_morning_recovery,view,0.0
U247,D089,sunny,23.4,evening,18,0,pairing,sunny_23_evening_pairing,view,0.0
U468,D036,stormy,10.7,afternoon,12,0,casual,stormy_11_afternoon_casual,view,0.0
U414,D099,sunny,22.3,morning,11,4,pairing,sunny_22_morning_pairing,view,0.0
U117,D043,snowy,0.6,afternoon,14,0,pairing,snowy_1_afternoon_pairing,rate,2.3
U113,D035,rainy,14.4,morning,11,1,recovery,rainy_14_morning_recovery,view,0.0
U469,D026,stormy,12.8,evening,22,2,casual,stormy_13_evening_casual,view,0.0
U081,D045,stormy,15.1,morning,10,6,social,stormy_15_morning_social,view,0.0
U058,D063,cloudy,11.9,morning,7,1,social,cloudy_12_morning_social,view,0.0
U356,D043,rainy,11.5,morning,10,0,casual,rainy_12_morning_casual,view,0.0
U168,D038,sunny,21.0,morning,10,2,recovery,sunny_21_morning_recovery,view,0.0
U461,D075,rainy,12.0,evening,18,0,social,rainy_12_evening_social,rate,3.7
U364,D072,cloudy,19.7,afternoon,12,3,casual,cloudy_20_afternoon_casual,view,0.0
U205,D057,stormy,10.7,afternoon,12,0,casual,stormy_11_afternoon_casual,view,0.0
U195,D030,rainy,12.4,evening,23,1,recovery,rainy_12_evening_recovery,view,0.0
U393,D083,cloudy,14.1,evening,23,6,business,cloudy_14_evening_business,view,0.0
U342,D082,cloudy,19.1,evening,19,6,pairing,cloudy_19_evening_pairing,view,0.0
U242,D075,sunny,23.4,evening,18,0,pairing,sunny_23_evening_pairing,view,0.0
U080,D011,rainy,9.4,evening,20,2,business,rainy_9_evening_business,view,0.0
U391,D031,snowy,0.6,afternoon,14,0,pairing,snowy_1_afternoon_pairing,view,0.0
U047,D078,cloudy,11.9,morning,7,1,social,cloudy_12_morning_social,view,0.0
U464,D019,stormy,10.7,afternoon,12,0,casual,stormy_11_afternoon_casual,view,0.0
U134,D107,cloudy,18.7,morning,8,3,business,cloudy_19_morning_business,view,0.0
U337,D095,snowy,-3.2,morning,9,1,business,snowy_-3_morning_business,view,0.0
U374,D069,cloudy,19.7,afternoon,12,3,casual,cloudy_20_afternoon_casual,view,0.0
U164,D003,sunny,30.7,afternoon,15,3,social,sunny_31_afternoon_social,view,0.0
U145,D039,stormy,15.1,morning,10,6,social,stormy_15_morning_social,view,0.0
U045,D076,snowy,4.5,afternoon,16,4,social,snowy_5_afternoon_social,view,0.0
U021,D052,snowy,-2.1,afternoon,16,2,casual,snowy_-2_afternoon_casual,view,0.0
U067,D113,sunny,26.0,afternoon,12,1,casual,sunny_26_afternoon_casual,view,0.0
U320,D104,snowy,-4.5,afternoon,13,4,social,snowy_-5_afternoon_social,view,0.0
U028,D053,rainy,14.4,morning,11,1,recovery,rainy_14_morning_recovery,view,0.0
U108,D067,rainy,13.9,evening,20,3,recovery,rainy_14_evening_recovery,view,0.0
U184,D023,snowy,-2.1,afternoon,16,2,casual,snowy_-2_afternoon_casual,view,0.0
U320,D117,sunny,23.4,evening,18,0,pairing,sunny_23_evening_pairing,view,0.0
U001,D003,snowy,-3.6,morning,8,5,social,snowy_-4_morning_social,view,0.0
U285,D089,rainy,9.4,evening,20,2,business,rainy_9_evening_business,view,0.0
U477,D090,rainy,14.4,morning,11,1,recovery,rainy_14_morning_recovery,view,0.0
U498,D091,rainy,9.4,evening,20,2,business,rainy_9_evening_business,view,0.0
U387,D087,sunny,21.0,morning,10,2,recovery,sunny_21_morning_recovery,view,0.0
U452,D021,rainy,11.5,morning,10,0,casual,rainy_12_morning_casual,view,0.0
U213,D026,sunny,22.3,morning,11,4,pairing,sunny_22_morning_pairing,view,0.0
U294,D088,stormy,18.3,morning,8,5,casual,stormy_18_morning_casual,view,0.0
U495,D119,snowy,-3.6,morning,8,5,social,snowy_-4_morning_social,view,0.0
U061,D118,cloudy,19.5,morning,10,1,celebration,cloudy_19_morning_celebration,purchase,1.0
U278,D078,cloudy,18.7,morning,8,3,business,cloudy_19_morning_business,rate,2.5
U144,D097,rainy,12.4,evening,23,1,recovery,rainy_12_evening_recovery,view,0.0
U396,D055,cloudy,18.2,afternoon,17,1,business,cloudy_18_afternoon_business,view,0.0
U161,D029,stormy,16.2,afternoon,17,0,casual,stormy_16_afternoon_casual,view,0.0
U080,D031,cloudy,10.4,afternoon,12,0,recovery,cloudy_10_afternoon_recovery,view,0.0
U353,D077,rainy,13.9,evening,20,3,recovery,rainy_14_evening_recovery,view,0.0
U041,D095,rainy,12.4,evening,23,1,recovery,rainy_12_evening_recovery,view,0.0
U370,D052,sunny,26.1,evening,22,1,recovery,sunny_26_evening_recovery,view,0.0
U467,D087,cloudy,14.1,evening,23,6,business,cloudy_14_evening_business,view,0.0
U225,D098,rainy,9.4,evening,20,2,business,rainy_9_evening_business,view,0.0
U120,D067,cloudy,14.6,morning,8,4,pairing,cloudy_15_morning_pairing,view,0.0
U470,D109,cloudy,19.1,evening,19,6,pairing,cloudy_19_evening_pairing,view,0.0
U402,D096,cloudy,14.6,morning,8,4,pairing,cloudy_15_morning_pairing,view,0.0
U113,D092,stormy,14.5,evening,23,3,casual,stormy_15_evening_casual,view,0.0
U132,D034,stormy,16.2,afternoon,17,0,casual,stormy_16_afternoon_casual,view,0.0
U197,D038,sunny,26.1,evening,22,1,recovery,sunny_26_evening_recovery,view,0.0
U385,D004,snowy,-4.2,evening,22,6,business,snowy_-4_evening_business,view,0.0
U474,D033,rainy,9.4,evening,20,2,business,rainy_9_evening_business,view,0.0
U016,D021,cloudy,14.1,evening,23,6,business,cloudy_14_evening_business,view,0.0
U383,D090,cloudy,19.1,evening,19,6,pairing,cloudy_19_evening_pairing,view,0.0
U287,D116,snowy,-1.7,morning,9,2,celebration,snowy_-2_morning_celebration,view,0.0
U234,D073,snowy,-3.6,morning,8,5,social,snowy_-4_morning_social,view,0.0
U218,D009,snowy,-1.7,morning,9,2,celebration,snowy_-2_morning_celebration,view,0.0
U472,D114,rainy,10.1,morning,9,5,business,rainy_10_morning_business,view,0.0
U226,D097,sunny,29.6,afternoon,16,0,recovery,sunny_30_afternoon_recovery,view,0.0
U141,D002,cloudy,14.6,morning,8,4,pairing,cloudy_15_morning_pairing,view,0.0
U021,D019,cloudy,10.4,afternoon,12,0,recovery,cloudy_10_afternoon_recovery,view,0.0
U203,D033,cloudy,15.0,morning,10,0,pairing,cloudy_15_morning_pairing,view,0.0
U085,D039,sunny,33.7,afternoon,14,3,celebration,sunny_34_afternoon_celebration,view,0.0
U485,D009,cloudy,10.4,afternoon,12,0,recovery,cloudy_10_afternoon_recovery,view,0.0
U258,D019,rainy,8.4,evening,21,1,casual,rainy_8_evening_casual,view,0.0
U233,D106,sunny,21.6,afternoon,17,3,recovery,sunny_22_afternoon_recovery,view,0.0
U380,D089,cloudy,18.2,afternoon,17,1,business,cloudy_18_afternoon_business,rate,3.4
U087,D051,snowy,-2.1,afternoon,16,2,casual,snowy_-2_afternoon_casual,view,0.0
U228,D064,stormy,14.5,evening,23,3,casual,stormy_15_evening_casual,view,0.0
U421,D109,rainy,9.4,evening,20,2,business,rainy_9_evening_business,view,0.0
U004,D086,stormy,15.1,morning,10,6,social,stormy_15_morning_social,view,0.0
U110,D099,rainy,11.5,morning,10,0,casual,rainy_12_morning_casual,view,0.0
U289,D031,snowy,-3.2,morning,9,1,business,snowy_-3_morning_business,view,0.0
U328,D032,cloudy,18.2,afternoon,17,1,business,cloudy_18_afternoon_business,view,0.0
U482,D019,sunny,33.7,afternoon,14,3,celebration,sunny_34_afternoon_celebration,view,0.0
U033,D010,rainy,12.0,evening,18,0,social,rainy_12_evening_social,view,0.0
U190,D068,cloudy,12.4,evening,18,6,pairing,cloudy_12_evening_pairing,rate,3.0
U059,D052,rainy,9.4,evening,20,2,business,rainy_9_evening_business,view,0.0
U149,D022,snowy,0.6,afternoon,14,1,social,snowy_1_afternoon_social,view,0.0
U283,D017,sunny,26.0,afternoon,12,1,casual,sunny_26_afternoon_casual,view,0.0
U008,D080,snowy,-2.1,afternoon,16,2,casual,snowy_-2_afternoon_casual,view,0.0
U033,D001,snowy,-3.2,morning,9,1,business,snowy_-3_morning_business,view,0.0
U439,D005,rainy,12.0,evening,18,0,social,rainy_12_evening_social,view,0.0
U338,D065,cloudy,19.5,morning,10,1,celebration,cloudy_19_morning_celebration,view,0.0
U136,D003,cloudy,10.4,afternoon,12,0,recovery,cloudy_10_afternoon_recovery,view,0.0
U183,D040,cloudy,19.5,morning,10,1,celebration,cloudy_19_morning_celebration,view,0.0
U373,D095,rainy,9.4,evening,20,2,business,rainy_9_evening_business,rate,4.4
U231,D016,rainy,12.0,evening,18,0,social,rainy_12_evening_social,view,0.0
U425,D007,rainy,10.1,morning,9,5,business,rainy_10_morning_business,view,0.0
U319,D112,cloudy,10.4,afternoon,12,0,recovery,cloudy_10_afternoon_recovery,view,0.0
U150,D016,sunny,21.6,afternoon,17,3,recovery,sunny_22_afternoon_recovery,view,0.0
U145,D101,cloudy,12.4,evening,18,6,pairing,cloudy_12_evening_pairing,view,0.0
U328,D056,stormy,16.2,afternoon,17,0,casual,stormy_16_afternoon_casual,view,0.0
U259,D099,rainy,9.4,evening,20,2,business,rainy_9_evening_business,view,0.0
U050,D056,sunny,26.0,afternoon,12,1,casual,sunny_26_afternoon_casual,view,0.0
U210,D050,sunny,21.6,afternoon,17,3,recovery,sunny_22_afternoon_recovery,view,0.0
U100,D045,stormy,10.7,afternoon,12,0,casual,stormy_11_afternoon_casual,view,0.0
U046,D067,stormy,16.2,afternoon,17,0,casual,stormy_16_afternoon_casual,view,0.0
U023,D103,cloudy,13.9,afternoon,12,5,casual,cloudy_14_afternoon_casual,view,0.0
U445,D023,cloudy,12.4,evening,18,6,pairing,cloudy_12_evening_pairing,view,0.0
U473,D077,rainy,12.0,evening,18,0,social,rainy_12_evening_social,view,0.0
U183,D101,cloudy,16.7,morning,8,4,business,cloudy_17_morning_business,view,0.0
U215,D118,stormy,12.8,evening,22,2,casual,stormy_13_evening_casual,view,0.0
U436,D002,cloudy,15.0,morning,10,0,pairing,cloudy_15_morning_pairing,view,0.0
U245,D086,cloudy,19.7,afternoon,12,3,casual,cloudy_20_afternoon_casual,view,0.0
U059,D065,stormy,10.7,afternoon,12,0,casual,stormy_11_afternoon_casual,view,0.0
U373,D077,sunny,23.4,evening,18,0,pairing,sunny_23_evening_pairing,view,0.0
U379,D007,cloudy,19.1,evening,19,6,pairing,cloudy_19_evening_pairing,view,0.0
U069,D069,stormy,10.7,afternoon,12,0,casual,stormy_11_afternoon_casual,view,0.0
U262,D089,cloudy,19.5,morning,10,1,celebration,cloudy_19_morning_celebration,view,0.0
U322,D010,rainy,12.0,evening,18,0,social,rainy_12_evening_social,view,0.0
U333,D077,cloudy,15.0,morning,10,0,pairing,cloudy_15_morning_pairing,view,0.0
U110,D072,cloudy,19.7,afternoon,12,3,casual,cloudy_20_afternoon_casual,purchase,1.0
U420,D026,rainy,13.9,evening,20,3,recovery,rainy_14_evening_recovery,view,0.0
U157,D005,rainy,12.4,evening,23,1,recovery,rainy_12_evening_recovery,view,0.0
U488,D003,snowy,-3.6,morning,8,5,social,snowy_-4_morning_social,view,0.0
U163,D015,stormy,16.3,morning,11,5,pairing,stormy_16_morning_pairing,view,0.0
U030,D103,snowy,-2.1,afternoon,16,2,casual,snowy_-2_afternoon_casual,view,0.0
U497,D060,cloudy,18.2,afternoon,17,1,business,cloudy_18_afternoon_business,view,0.0
U413,D074,cloudy,11.9,morning,7,1,social,cloudy_12_morning_social,view,0.0
U147,D003,stormy,12.8,evening,22,2,casual,stormy_13_evening_casual,view,0.0
U481,D041,cloudy,19.7,afternoon,12,3,casual,cloudy_20_afternoon_casual,view,0.0
U090,D080,stormy,12.8,evening,22,2,casual,stormy_13_evening_casual,view,0.0
U077,D033,stormy,16.2,afternoon,17,0,casual,stormy_16_afternoon_casual,view,0.0
U091,D087,rainy,10.1,morning,9,5,business,rainy_10_morning_business,view,0.0
U487,D116,cloudy,19.5,morning,10,1,celebration,cloudy_19_morning_celebration,view,0.0
U388,D094,cloudy,19.5,morning,10,1,celebration,cloudy_19_morning_celebration,view,0.0
U009,D053,rainy,12.4,evening,23,1,recovery,rainy_12_evening_recovery,view,0.0
U316,D046,rainy,13.9,evening,20,3,recovery,rainy_14_evening_recovery,view,0.0
U165,D023,cloudy,12.4,evening,18,6,pairing,cloudy_12_evening_pairing,view,0.0
U450,D109,rainy,12.4,evening,23,1,recovery,rainy_12_evening_recovery,view,0.0
U124,D019,snowy,4.5,afternoon,16,4,social,snowy_5_afternoon_social,view,0.0
U022,D112,sunny,21.6,afternoon,17,3,recovery,sunny_22_afternoon_recovery,rate,1.2
U183,D075,stormy,10.7,afternoon,12,0,casual,stormy_11_afternoon_casual,rate,3.2
U264,D086,rainy,14.4,morning,11,1,recovery,rainy_14_morning_recovery,rate,2.5
U386,D080,sunny,23.4,evening,18,0,pairing,sunny_23_evening_pairing,view,0.0
U469,D090,cloudy,19.5,morning,10,1,celebration,cloudy_19_morning_celebration,view,0.0
U270,D024,snowy,0.6,afternoon,14,0,pairing,snowy_1_afternoon_pairing,view,0.0
U056,D090,sunny,23.4,evening,18,0,pairing,sunny_23_evening_pairing,view,0.0
U288,D050,sunny,22.3,morning,11,4,pairing,sunny_22_morning_pairing,view,0.0
U372,D108,rainy,7.0,afternoon,16,2,social,rainy_7_afternoon_social,rate,1.5
U076,D009,stormy,12.8,evening,22,2,casual,stormy_13_evening_casual,view,0.0
U476,D038,rainy,9.4,evening,20,2,business,rainy_9_evening_business,view,0.0
U174,D086,cloudy,10.4,afternoon,12,0,recovery,cloudy_10_afternoon_recovery,view,0.0
U070,D082,rainy,12.0,evening,18,0,social,rainy_12_evening_social,view,0.0
U456,D013,cloudy,19.7,afternoon,12,3,casual,cloudy_20_afternoon_casual,view,0.0
U057,D071,stormy,10.7,afternoon,12,0,casual,stormy_11_afternoon_casual,view,0.0
U406,D055,rainy,12.4,evening,23,1,recovery,rainy_12_evening_recovery,view,0.0
U318,D054,sunny,21.6,afternoon,17,3,recovery,sunny_22_afternoon_recovery,view,0.0
U285,D048,stormy,16.2,afternoon,17,0,casual,stormy_16_afternoon_casual,view,0.0
U202,D083,rainy,11.5,morning,10,0,casual,rainy_12_morning_casual,view,0.0
U163,D045,rainy,12.4,evening,23,1,recovery,rainy_12_evening_recovery,rate,3.5
U228,D025,sunny,26.0,afternoon,12,1,casual,sunny_26_afternoon_casual,view,0.0
U040,D007,rainy,8.4,evening,21,1,casual,rainy_8_evening_casual,view,0.0
U302,D086,rainy,12.4,evening,23,1,recovery,rainy_12_evening_recovery,view,0.0
U257,D019,rainy,9.4,evening,20,2,business,rainy_9_evening_business,view,0.0
U003,D091,sunny,22.3,morning,11,4,pairing,sunny_22_morning_pairing,view,0.0
U070,D070,sunny,26.0,afternoon,12,1,casual,sunny_26_afternoon_casual,view,0.0
U481,D016,sunny,30.7,afternoon,15,3,social,sunny_31_afternoon_social,view,0.0
U234,D077,snowy,0.3,morning,7,0,business,snowy_0_morning_business,view,0.0
U357,D031,cloudy,11.9,morning,7,1,social,cloudy_12_morning_social,view,0.0
U018,D044,cloudy,12.4,evening,18,6,pairing,cloudy_12_evening_pairing,view,0.0
U377,D103,cloudy,18.7,morning,8,3,business,cloudy_19_morning_business,view,0.0
U402,D097,cloudy,10.4,afternoon,12,0,recovery,cloudy_10_afternoon_recovery,view,0.0
U357,D059,rainy,7.0,afternoon,16,2,social,rainy_7_afternoon_social,rate,4.6
U107,D063,cloudy,15.0,morning,10,0,pairing,cloudy_15_morning_pairing,rate,3.2
U071,D106,snowy,-2.5,morning,7,2,casual,snowy_-2_morning_casual,view,0.0
U035,D011,sunny,26.0,afternoon,12,1,casual,sunny_26_afternoon_casual,view,0.0
U025,D048,cloudy,15.0,morning,10,0,pairing,cloudy_15_morning_pairing,view,0.0
U223,D004,cloudy,18.2,afternoon,17,1,business,cloudy_18_afternoon_business,view,0.0
U175,D001,snowy,-3.6,morning,8,5,social,snowy_-4_morning_social,view,0.0
U062,D064,stormy,10.7,afternoon,12,0,casual,stormy_11_afternoon_casual,view,0.0
U105,D062,snowy,-2.5,morning,7,2,casual,snowy_-2_morning_casual,view,0.0
U163,D043,rainy,7.0,afternoon,16,2,social,rainy_7_afternoon_social,view,0.0
U205,D051,rainy,12.0,evening,18,0,social,rainy_12_evening_social,view,0.0
U301,D036,sunny,22.3,morning,11,4,pairing,sunny_22_morning_pairing,view,0.0
U233,D007,snowy,-4.5,afternoon,13,4,social,snowy_-5_afternoon_social,view,0.0
U467,D107,rainy,11.5,morning,10,0,casual,rainy_12_morning_casual,view,0.0
U368,D055,rainy,12.4,evening,23,1,recovery,rainy_12_evening_recovery,view,0.0
U491,D107,sunny,23.4,evening,18,0,pairing,sunny_23_evening_pairing,view,0.0
U381,D056,sunny,26.0,afternoon,12,1,casual,sunny_26_afternoon_casual,view,0.0
U220,D032,sunny,26.0,afternoon,12,1,casual,sunny_26_afternoon_casual,view,0.0
U146,D068,snowy,0.6,afternoon,14,1,social,snowy_1_afternoon_social,view,0.0
U264,D064,cloudy,19.7,afternoon,12,3,casual,cloudy_20_afternoon_casual,view,0.0
U296,D003,stormy,10.7,afternoon,12,0,casual,stormy_11_afternoon_casual,view,0.0
U110,D093,sunny,29.6,afternoon,16,0,recovery,sunny_30_afternoon_recovery,view,0.0
U406,D004,cloudy,17.3,afternoon,15,3,recovery,cloudy_17_afternoon_recovery,view,0.0
U395,D090,stormy,10.7,afternoon,12,0,casual,stormy_11_afternoon_casual,view,0.0
U483,D031,rainy,12.4,evening,23,1,recovery,rainy_12_evening_recovery,view,0.0
U400,D079,cloudy,19.7,afternoon,12,3,casual,cloudy_20_afternoon_casual,rate,2.9
U318,D112,cloudy,18.7,morning,8,3,business,cloudy_19_morning_business,view,0.0
U247,D035,cloudy,14.1,evening,23,6,business,cloudy_14_evening_business,view,0.0
U284,D103,cloudy,18.2,afternoon,17,1,business,cloudy_18_afternoon_business,view,0.0
U399,D021,snowy,-2.5,morning,7,2,casual,snowy_-2_morning_casual,view,0.0
U307,D083,cloudy,19.1,evening,19,6,pairing,cloudy_19_evening_pairing,view,0.0
U428,D065,sunny,21.6,afternoon,17,3,recovery,sunny_22_afternoon_recovery,view,0.0
U409,D119,cloudy,19.1,evening,19,6,pairing,cloudy_19_evening_pairing,view,0.0
U464,D107,cloudy,18.2,afternoon,17,1,business,cloudy_18_afternoon_business,view,0.0
U015,D001,cloudy,14.6,morning,8,4,pairing,cloudy_15_morning_pairing,view,0.0
U096,D073,sunny,21.6,afternoon,17,3,recovery,sunny_22_afternoon_recovery,view,0.0
U429,D107,sunny,21.6,afternoon,17,3,recovery,sunny_22_afternoon_recovery,view,0.0
U481,D071,snowy,-3.2,morning,9,1,business,snowy_-3_morning_business,rate,1.2
U375,D051,stormy,10.7,afternoon,12,0,casual,stormy_11_afternoon_casual,view,0.0
U129,D114,cloudy,12.4,evening,18,6,pairing,cloudy_12_evening_pairing,view,0.0
U168,D097,sunny,33.7,afternoon,14,3,celebration,sunny_34_afternoon_celebration,view,0.0
U197,D087,cloudy,14.1,evening,23,6,business,cloudy_14_evening_business,rate,1.1
U161,D055,cloudy,19.5,morning,10,1,celebration,cloudy_19_morning_celebration,view,0.0
U029,D061,cloudy,17.3,afternoon,15,3,recovery,cloudy_17_afternoon_recovery,view,0.0
U280,D023,snowy,0.6,afternoon,14,0,pairing,snowy_1_afternoon_pairing,view,0.0
U105,D041,cloudy,18.7,morning,8,3,business,cloudy_19_morning_business,view,0.0
U440,D108,cloudy,14.1,evening,23,6,business,cloudy_14_evening_business,view,0.0
U494,D074,cloudy,19.5,morning,10,1,celebration,cloudy_19_morning_celebration,view,0.0
U164,D019,cloudy,14.6,morning,8,4,pairing,cloudy_15_morning_pairing,view,0.0
U367,D120,cloudy,18.2,afternoon,17,1,business,cloudy_18_afternoon_business,view,0.0
U255,D080,rainy,7.0,afternoon,16,2,social,rainy_7_afternoon_social,view,0.0
U327,D094,cloudy,19.7,afternoon,12,3,casual,cloudy_20_afternoon_casual,view,0.0
U199,D100,sunny,21.6,afternoon,17,3,recovery,sunny_22_afternoon_recovery,view,0.0
U423,D068,sunny,21.6,afternoon,17,3,recovery,sunny_22_afternoon_recovery,view,0.0
U055,D093,cloudy,13.9,afternoon,12,5,casual,cloudy_14_afternoon_casual,view,0.0
U211,D026,rainy,11.5,morning,10,0,casual,rainy_12_morning_casual,purchase,1.0
U115,D053,cloudy,13.9,afternoon,12,5,casual,cloudy_14_afternoon_casual,view,0.0
U122,D043,cloudy,14.6,morning,8,4,pairing,cloudy_15_morning_pairing,view,0.0
U377,D073,sunny,22.3,morning,11,4,pairing,sunny_22_morning_pairing,view,0.0
U463,D054,stormy,16.2,afternoon,17,0,casual,stormy_16_afternoon_casual,view,0.0
U091,D027,stormy,14.5,evening,23,3,casual,stormy_15_evening_casual,view,0.0
U320,D010,rainy,12.4,evening,23,1,recovery,rainy_12_evening_recovery,view,0.0
U163,D061,stormy,14.5,evening,23,3,casual,stormy_15_evening_casual,view,0.0
U041,D030,cloudy,16.7,morning,8,4,business,cloudy_17_morning_business,rate,3.4
U178,D041,rainy,7.0,afternoon,16,2,social,rainy_7_afternoon_social,view,0.0
U336,D051,rainy,14.4,morning,11,1,recovery,rainy_14_morning_recovery,view,0.0
U498,D084,cloudy,10.4,afternoon,12,0,recovery,cloudy_10_afternoon_recovery,view,0.0
U362,D011,sunny,21.6,afternoon,17,3,recovery,sunny_22_afternoon_recovery,purchase,1.0
U249,D023,snowy,0.6,afternoon,14,0,pairing,snowy_1_afternoon_pairing,view,0.0
U002,D088,sunny,23.4,evening,18,0,pairing,sunny_23_evening_pairing,view,0.0
U078,D004,cloudy,18.7,morning,8,3,business,cloudy_19_morning_business,view,0.0
U163,D108,stormy,14.5,evening,23,3,casual,stormy_15_evening_casual,view,0.0
U031,D118,rainy,13.9,evening,20,3,recovery,rainy_14_evening_recovery,view,0.0
U234,D074,cloudy,19.1,evening,19,6,pairing,cloudy_19_evening_pairing,view,0.0
U148,D074,sunny,21.6,afternoon,17,3,recovery,sunny_22_afternoon_recovery,view,0.0
U371,D046,sunny,26.1,evening,22,1,recovery,sunny_26_evening_recovery,view,0.0
U061,D072,cloudy,14.6,morning,8,4,pairing,cloudy_15_morning_pairing,view,0.0
U364,D082,snowy,-1.7,morning,9,2,celebration,snowy_-2_morning_celebration,view,0.0
U473,D063,sunny,21.0,morning,10,2,recovery,sunny_21_morning_recovery,view,0.0
U082,D088,snowy,0.3,morning,7,0,business,snowy_0_morning_business,view,0.0
U411,D012,cloudy,14.6,morning,8,4,pairing,cloudy_15_morning_pairing,rate,2.1
U114,D026,snowy,-4.5,afternoon,13,4,social,snowy_-5_afternoon_social,view,0.0
U033,D062,rainy,11.5,morning,10,0,casual,rainy_12_morning_casual,view,0.0
U035,D065,stormy,14.5,evening,23,3,casual,stormy_15_evening_casual,view,0.0
U249,D083,cloudy,10.4,afternoon,12,0,recovery,cloudy_10_afternoon_recovery,view,0.0
U319,D012,rainy,12.4,evening,23,1,recovery,rainy_12_evening_recovery,view,0.0
U435,D070,stormy,14.5,evening,23,3,casual,stormy_15_evening_casual,view,0.0
U473,D086,cloudy,11.9,morning,7,1,social,cloudy_12_morning_social,view,0.0
U324,D052,rainy,14.4,morning,11,1,recovery,rainy_14_morning_recovery,rate,1.7
U485,D056,sunny,22.3,morning,11,4,pairing,sunny_22_morning_pairing,view,0.0
U263,D049,rainy,12.0,evening,18,0,social,rainy_12_evening_social,view,0.0
U250,D087,sunny,26.1,evening,22,1,recovery,sunny_26_evening_recovery,view,0.0
U417,D026,rainy,7.0,afternoon,16,2,social,rainy_7_afternoon_social,view,0.0
U087,D041,cloudy,16.7,morning,8,4,business,cloudy_17_morning_business,view,0.0
U380,D079,rainy,13.9,evening,20,3,recovery,rainy_14_evening_recovery,view,0.0
U093,D057,cloudy,19.1,evening,19,6,pairing,cloudy_19_evening_pairing,view,0.0
U444,D009,sunny,29.6,afternoon,16,0,recovery,sunny_30_afternoon_recovery,view,0.0
U464,D036,snowy,0.6,afternoon,14,0,pairing,snowy_1_afternoon_pairing,view,0.0
U375,D095,cloudy,17.3,afternoon,15,3,recovery,cloudy_17_afternoon_recovery,view,0.0
U068,D118,cloudy,16.7,morning,8,4,business,cloudy_17_morning_business,view,0.0
U372,D093,cloudy,17.3,afternoon,15,3,recovery,cloudy_17_afternoon_recovery,view,0.0
U344,D093,snowy,-3.6,morning,8,5,social,snowy_-4_morning_social,view,0.0
U125,D060,snowy,4.5,afternoon,16,4,social,snowy_5_afternoon_social,view,0.0
U474,D076,rainy,10.1,morning,9,5,business,rainy_10_morning_business,view,0.0
U235,D068,cloudy,11.9,morning,7,1,social,cloudy_12_morning_social,view,0.0
U115,D057,stormy,12.8,evening,22,2,casual,stormy_13_evening_casual,view,0.0
U245,D050,rainy,10.1,morning,9,5,business,rainy_10_morning_business,view,0.0
U438,D043,snowy,-1.7,morning,9,2,celebration,snowy_-2_morning_celebration,view,0.0
U278,D068,cloudy,19.5,morning,10,1,celebration,cloudy_19_morning_celebration,view,0.0
U073,D019,rainy,12.0,evening,18,0,social,rainy_12_evening_social,view,0.0
U112,D018,cloudy,19.1,evening,19,6,pairing,cloudy_19_evening_pairing,view,0.0
U139,D039,sunny,22.3,morning,11,4,pairing,sunny_22_morning_pairing,view,0.0
U447,D096,cloudy,13.9,afternoon,12,5,casual,cloudy_14_afternoon_casual,view,0.0
U218,D061,stormy,12.8,evening,22,2,casual,stormy_13_evening_casual,view,0.0
U393,D076,rainy,7.0,afternoon,16,2,social,rainy_7_afternoon_social,view,0.0
U446,D069,cloudy,16.7,morning,8,4,business,cloudy_17_morning_business,view,0.0
U324,D009,sunny,21.6,afternoon,17,3,recovery,sunny_22_afternoon_recovery,view,0.0
U138,D080,snowy,-1.7,morning,9,2,celebration,snowy_-2_morning_celebration,view,0.0
U061,D051,rainy,13.9,evening,20,3,recovery,rainy_14_evening_recovery,view,0.0
U113,D005,cloudy,17.3,afternoon,15,3,recovery,cloudy_17_afternoon_recovery,view,0.0
U440,D059,snowy,0.3,morning,7,0,business,snowy_0_morning_business,view,0.0
U307,D050,rainy,14.4,morning,11,1,recovery,rainy_14_morning_recovery,view,0.0
U048,D032,snowy,-2.5,morning,7,2,casual,snowy_-2_morning_casual,view,0.0
U420,D070,cloudy,19.7,afternoon,12,3,casual,cloudy_20_afternoon_casual,view,0.0
U059,D053,cloudy,19.5,morning,10,1,celebration,cloudy_19_morning_celebration,view,0.0
U095,D113,sunny,22.3,morning,11,4,pairing,sunny_22_morning_pairing,rate,1.4
U054,D055,sunny,23.4,evening,18,0,pairing,sunny_23_evening_pairing,view,0.0
U355,D093,snowy,4.5,afternoon,16,4,social,snowy_5_afternoon_social,view,0.0
U274,D026,stormy,16.3,morning,11,5,pairing,stormy_16_morning_pairing,view,0.0
U119,D057,cloudy,17.3,afternoon,15,3,recovery,cloudy_17_afternoon_recovery,purchase,1.0
U481,D051,cloudy,19.7,afternoon,12,3,casual,cloudy_20_afternoon_casual,view,0.0
U281,D047,cloudy,19.7,afternoon,12,3,casual,cloudy_20_afternoon_casual,view,0.0
U373,D010,snowy,-3.2,morning,9,1,business,snowy_-3_morning_business,view,0.0
U071,D017,rainy,13.9,evening,20,3,recovery,rainy_14_evening_recovery,view,0.0
U326,D017,sunny,29.6,afternoon,16,0,recovery,sunny_30_afternoon_recovery,view,0.0
U446,D090,cloudy,18.7,morning,8,3,business,cloudy_19_morning_business,view,0.0
U200,D088,rainy,12.4,evening,23,1,recovery,rainy_12_evening_recovery,view,0.0
U216,D080,stormy,18.3,morning,8,5,casual,stormy_18_morning_casual,view,0.0
U379,D035,rainy,9.4,evening,20,2,business,rainy_9_evening_business,rate,2.5
U229,D090,rainy,8.4,evening,21,1,casual,rainy_8_evening_casual,view,0.0
U001,D063,cloudy,10.4,afternoon,12,0,recovery,cloudy_10_afternoon_recovery,view,0.0
U266,D084,cloudy,14.6,morning,8,4,pairing,cloudy_15_morning_pairing,view,0.0
U165,D029,snowy,-3.2,morning,9,1,business,snowy_-3_morning_business,view,0.0
U212,D026,snowy,0.6,afternoon,14,0,pairing,snowy_1_afternoon_pairing,view,0.0
U239,D012,sunny,21.0,morning,10,2,recovery,sunny_21_morning_recovery,view,0.0
U058,D054,sunny,26.1,evening,22,1,recovery,sunny_26_evening_recovery,view,0.0
U035,D015,snowy,4.5,afternoon,16,4,social,snowy_5_afternoon_social,view,0.0
U025,D106,snowy,-4.5,afternoon,13,4,social,snowy_-5_afternoon_social,view,0.0
U390,D052,snowy,-4.5,afternoon,13,4,social,snowy_-5_afternoon_social,view,0.0
U071,D093,cloudy,15.0,morning,10,0,pairing,cloudy_15_morning_pairing,view,0.0
U059,D069,rainy,14.4,morning,11,1,recovery,rainy_14_morning_recovery,view,0.0
U227,D081,sunny,29.6,afternoon,16,0,recovery,sunny_30_afternoon_recovery,view,0.0
U280,D066,rainy,12.4,evening,23,1,recovery,rainy_12_evening_recovery,view,0.0
U399,D069,snowy,-3.6,morning,8,5,social,snowy_-4_morning_social,view,0.0
U485,D003,snowy,-2.5,morning,7,2,casual,snowy_-2_morning_casual,view,0.0
U380,D028,cloudy,13.9,afternoon,12,5,casual,cloudy_14_afternoon_casual,view,0.0
U244,D036,rainy,9.4,evening,20,2,business,rainy_9_evening_business,purchase,1.0
U304,D040,stormy,10.7,afternoon,12,0,casual,stormy_11_afternoon_casual,purchase,1.0
U313,D008,sunny,23.4,evening,18,0,pairing,sunny_23_evening_pairing,view,0.0
U140,D048,sunny,23.4,evening,18,0,pairing,sunny_23_evening_pairing,view,0.0
U447,D074,snowy,-4.2,evening,22,6,business,snowy_-4_evening_business,view,0.0
U357,D048,sunny,22.3,morning,11,4,pairing,sunny_22_morning_pairing,view,0.0
U182,D078,stormy,18.3,morning,8,5,casual,stormy_18_morning_casual,view,0.0
U202,D093,snowy,0.6,afternoon,14,1,social,snowy_1_afternoon_social,view,0.0
U330,D083,sunny,23.4,evening,18,0,pairing,sunny_23_evening_pairing,view,0.0
U237,D097,sunny,26.1,evening,22,1,recovery,sunny_26_evening_recovery,view,0.0
U265,D007,rainy,12.0,evening,18,0,social,rainy_12_evening_social,view,0.0
U134,D114,stormy,18.3,morning,8,5,casual,stormy_18_morning_casual,view,0.0
U061,D042,rainy,12.4,evening,23,1,recovery,rainy_12_evening_recovery,view,0.0
U085,D074,sunny,33.7,afternoon,14,3,celebration,sunny_34_afternoon_celebration,view,0.0
U092,D088,stormy,16.2,afternoon,17,0,casual,stormy_16_afternoon_casual,view,0.0
U252,D012,snowy,-2.5,morning,7,2,casual,snowy_-2_morning_casual,rate,3.8
U178,D041,cloudy,14.1,evening,23,6,business,cloudy_14_evening_business,view,0.0
U137,D062,cloudy,16.7,morning,8,4,business,cloudy_17_morning_business,view,0.0
U460,D001,sunny,26.0,afternoon,12,1,casual,sunny_26_afternoon_casual,view,0.0
U243,D019,rainy,12.0,evening,18,0,social,rainy_12_evening_social,view,0.0
U195,D087,snowy,-1.7,morning,9,2,celebration,snowy_-2_morning_celebration,purchase,1.0
U154,D013,snowy,-2.1,afternoon,16,2,casual,snowy_-2_afternoon_casual,rate,4.7
U387,D055,cloudy,10.4,afternoon,12,0,recovery,cloudy_10_afternoon_recovery,view,0.0
U492,D063,cloudy,12.4,evening,18,6,pairing,cloudy_12_evening_pairing,view,0.0
U473,D024,stormy,14.5,evening,23,3,casual,stormy_15_evening_casual,view,0.0
U421,D094,cloudy,19.5,morning,10,1,celebration,cloudy_19_morning_celebration,view,0.0
U152,D108,sunny,21.0,morning,10,2,recovery,sunny_21_morning_recovery,view,0.0
U359,D111,cloudy,17.3,afternoon,15,3,recovery,cloudy_17_afternoon_recovery,view,0.0
U245,D109,snowy,-1.7,morning,9,2,celebration,snowy_-2_morning_celebration,view,0.0
U260,D072,sunny,30.7,afternoon,15,3,social,sunny_31_afternoon_social,view,0.0
U370,D085,stormy,15.1,morning,10,6,social,stormy_15_morning_social,view,0.0
U428,D045,cloudy,12.4,evening,18,6,pairing,cloudy_12_evening_pairing,view,0.0
U218,D117,rainy,9.4,evening,20,2,business,rainy_9_evening_business,view,0.0
U047,D006,sunny,26.0,afternoon,12,1,casual,sunny_26_afternoon_casual,view,0.0
U418,D108,rainy,10.1,morning,9,5,business,rainy_10_morning_business,rate,4.3
U074,D081,snowy,-3.2,morning,9,1,business,snowy_-3_morning_business,view,0.0
U403,D107,sunny,22.3,morning,11,4,pairing,sunny_22_morning_pairing,view,0.0
U454,D059,cloudy,10.4,afternoon,12,0,recovery,cloudy_10_afternoon_recovery,purchase,1.0
U024,D089,rainy,12.0,evening,18,0,social,rainy_12_evening_social,view,0.0
U134,D037,sunny,21.0,morning,10,2,recovery,sunny_21_morning_recovery,view,0.0
U348,D038,sunny,22.3,morning,11,4,pairing,sunny_22_morning_pairing,view,0.0
U398,D071,cloudy,16.7,morning,8,4,business,cloudy_17_morning_business,view,0.0
U221,D052,sunny,23.4,evening,18,0,pairing,sunny_23_evening_pairing,view,0.0
U207,D082,snowy,-2.5,morning,7,2,casual,snowy_-2_morning_casual,view,0.0
U098,D042,stormy,18.3,morning,8,5,casual,stormy_18_morning_casual,view,0.0
U227,D039,stormy,14.5,evening,23,3,casual,stormy_15_evening_casual,view,0.0
U077,D045,sunny,30.7,afternoon,15,3,social,sunny_31_afternoon_social,view,0.0
U140,D049,cloudy,13.9,afternoon,12,5,casual,cloudy_14_afternoon_casual,view,0.0
U022,D044,cloudy,11.9,morning,7,1,social,cloudy_12_morning_social,view,0.0
U281,D108,rainy,8.4,evening,21,1,casual,rainy_8_evening_casual,view,0.0
U390,D024,cloudy,19.5,morning,10,1,celebration,cloudy_19_morning_celebration,view,0.0
U371,D009,snowy,0.6,afternoon,14,0,pairing,snowy_1_afternoon_pairing,view,0.0
U358,D040,sunny,21.6,afternoon,17,3,recovery,sunny_22_afternoon_recovery,view,0.0
U191,D069,snowy,-1.7,morning,9,2,celebration,snowy_-2_morning_celebration,view,0.0
U381,D090,rainy,10.1,morning,9,5,business,rainy_10_morning_business,view,0.0
U500,D006,cloudy,14.6,morning,8,4,pairing,cloudy_15_morning_pairing,view,0.0
U018,D087,sunny,26.0,afternoon,12,1,casual,sunny_26_afternoon_casual,view,0.0
U385,D068,sunny,26.0,afternoon,12,1,casual,sunny_26_afternoon_casual,view,0.0
U215,D091,stormy,15.1,morning,10,6,social,stormy_15_morning_social,view,0.0
U252,D008,cloudy,19.7,afternoon,12,3,casual,cloudy_20_afternoon_casual,view,0.0
U131,D096,stormy,16.2,afternoon,17,0,casual,stormy_16_afternoon_casual,view,0.0
U252,D096,stormy,15.1,morning,10,6,social,stormy_15_morning_social,view,0.0
U123,D058,stormy,12.8,evening,22,2,casual,stormy_13_evening_casual,view,0.0
U379,D005,rainy,12.4,evening,23,1,recovery,rainy_12_evening_recovery,view,0.0
U257,D077,stormy,18.3,morning,8,5,casual,stormy_18_morning_casual,view,0.0
U409,D040,cloudy,15.0,morning,10,0,pairing,cloudy_15_morning_pairing,rate,2.0
U387,D100,cloudy,12.4,evening,18,6,pairing,cloudy_12_evening_pairing,view,0.0
U207,D062,cloudy,12.4,evening,18,6,pairing,cloudy_12_evening_pairing,view,0.0
U105,D092,cloudy,10.4,afternoon,12,0,recovery,cloudy_10_afternoon_recovery,view,0.0
U044,D110,rainy,9.4,evening,20,2,business,rainy_9_evening_business,view,0.0
U136,D048,rainy,10.1,morning,9,5,business,rainy_10_morning_business,view,0.0
U082,D007,snowy,-4.5,afternoon,13,4,social,snowy_-5_afternoon_social,view,0.0
U383,D115,rainy,12.4,evening,23,1,recovery,rainy_12_evening_recovery,rate,1.6
U185,D058,snowy,-2.5,morning,7,2,casual,snowy_-2_morning_casual,view,0.0
U144,D008,sunny,21.6,afternoon,17,3,recovery,sunny_22_afternoon_recovery,rate,4.6
U497,D054,rainy,10.1,morning,9,5,business,rainy_10_morning_business,purchase,1.0
U478,D053,snowy,-4.2,evening,22,6,business,snowy_-4_evening_business,view,0.0
U175,D080,cloudy,17.3,afternoon,15,3,recovery,cloudy_17_afternoon_recovery,view,0.0
U300,D018,rainy,12.0,evening,18,0,social,rainy_12_evening_social,view,0.0
U301,D064,stormy,16.3,morning,11,5,pairing,stormy_16_morning_pairing,view,0.0
U478,D090,cloudy,16.7,morning,8,4,business,cloudy_17_morning_business,view,0.0
U487,D047,sunny,21.6,afternoon,17,3,recovery,sunny_22_afternoon_recovery,view,0.0
U077,D009,sunny,30.7,afternoon,15,3,social,sunny_31_afternoon_social,rate,3.9
U172,D101,cloudy,14.6,morning,8,4,pairing,cloudy_15_morning_pairing,view,0.0
U489,D078,snowy,-3.2,morning,9,1,business,snowy_-3_morning_business,view,0.0
U061,D104,stormy,10.7,afternoon,12,0,casual,stormy_11_afternoon_casual,view,0.0
U477,D027,snowy,4.5,afternoon,16,4,social,snowy_5_afternoon_social,rate,5.0
U277,D033,cloudy,14.6,morning,8,4,pairing,cloudy_15_morning_pairing,view,0.0
U259,D108,snowy,-4.5,afternoon,13,4,social,snowy_-5_afternoon_social,view,0.0
U464,D074,sunny,21.6,afternoon,17,3,recovery,sunny_22_afternoon_recovery,view,0.0
U262,D029,stormy,10.7,afternoon,12,0,casual,stormy_11_afternoon_casual,view,0.0
U406,D024,stormy,10.7,afternoon,12,0,casual,stormy_11_afternoon_casual,view,0.0
U178,D011,cloudy,14.6,morning,8,4,pairing,cloudy_15_morning_pairing,view,0.0
U069,D108,snowy,0.6,afternoon,14,0,pairing,snowy_1_afternoon_pairing,view,0.0
U277,D082,snowy,-2.5,morning,7,2,casual,snowy_-2_morning_casual,view,0.0
U325,D077,snowy,-3.2,morning,9,1,business,snowy_-3_morning_business,view,0.0
U469,D037,cloudy,17.3,afternoon,15,3,recovery,cloudy_17_afternoon_recovery,view,0.0
U490,D112,stormy,14.5,evening,23,3,casual,stormy_15_evening_casual,view,0.0
U004,D021,sunny,23.4,evening,18,0,pairing,sunny_23_evening_pairing,view,0.0
U025,D103,snowy,-4.5,afternoon,13,4,social,snowy_-5_afternoon_social,view,0.0
U433,D043,sunny,22.3,morning,11,4,pairing,sunny_22_morning_pairing,view,0.0
U042,D047,cloudy,11.9,morning,7,1,social,cloudy_12_morning_social,view,0.0
U324,D053,sunny,33.7,afternoon,14,3,celebration,sunny_34_afternoon_celebration,view,0.0
U353,D024,sunny,33.7,afternoon,14,3,celebration,sunny_34_afternoon_celebration,view,0.0
U286,D088,cloudy,19.7,afternoon,12,3,casual,cloudy_20_afternoon_casual,view,0.0
U292,D038,rainy,12.0,evening,18,0,social,rainy_12_evening_social,view,0.0
U430,D023,snowy,-3.2,morning,9,1,business,snowy_-3_morning_business,view,0.0
U240,D015,sunny,21.6,afternoon,17,3,recovery,sunny_22_afternoon_recovery,view,0.0
U382,D049,sunny,21.0,morning,10,2,recovery,sunny_21_morning_recovery,view,0.0
U298,D108,rainy,12.0,evening,18,0,social,rainy_12_evening_social,view,0.0
U063,D068,cloudy,12.4,evening,18,6,pairing,cloudy_12_evening_pairing,view,0.0
U105,D053,snowy,0.6,afternoon,14,1,social,snowy_1_afternoon_social,view,0.0
U120,D052,cloudy,19.7,afternoon,12,3,casual,cloudy_20_afternoon_casual,view,0.0
U373,D042,rainy,14.4,morning,11,1,recovery,rainy_14_morning_recovery,view,0.0
U459,D105,cloudy,11.9,morning,7,1,social,cloudy_12_morning_social,view,0.0
U478,D004,rainy,7.0,afternoon,16,2,social,rainy_7_afternoon_social,view,0.0
U242,D021,cloudy,17.3,afternoon,15,3,recovery,cloudy_17_afternoon_recovery,view,0.0
U338,D108,stormy,16.2,afternoon,17,0,casual,stormy_16_afternoon_casual,view,0.0
U156,D026,snowy,-2.1,afternoon,16,2,casual,snowy_-2_afternoon_casual,view,0.0
U329,D100,sunny,23.4,evening,18,0,pairing,sunny_23_evening_pairing,view,0.0
U063,D055,cloudy,19.1,evening,19,6,pairing,cloudy_19_evening_pairing,view,0.0
U105,D069,snowy,-4.5,afternoon,13,4,social,snowy_-5_afternoon_social,view,0.0
U211,D028,snowy,-3.6,morning,8,5,social,snowy_-4_morning_social,view,0.0
U344,D031,cloudy,14.1,evening,23,6,business,cloudy_14_evening_business,view,0.0
U251,D075,rainy,11.5,morning,10,0,casual,rainy_12_morning_casual,view,0.0
U401,D118,snowy,4.5,afternoon,16,4,social,snowy_5_afternoon_social,view,0.0
U282,D053,sunny,23.4,evening,18,0,pairing,sunny_23_evening_pairing,view,0.0
U030,D010,stormy,14.5,evening,23,3,casual,stormy_15_evening_casual,view,0.0
U320,D022,snowy,-4.5,afternoon,13,4,social,snowy_-5_afternoon_social,view,0.0
U184,D074,sunny,33.7,afternoon,14,3,celebration,sunny_34_afternoon_celebration,view,0.0
U087,D053,snowy,4.5,afternoon,16,4,social,snowy_5_afternoon_social,view,0.0
U147,D062,rainy,10.1,morning,9,5,business,rainy_10_morning_business,rate,4.8
U027,D029,snowy,-4.5,afternoon,13,4,social,snowy_-5_afternoon_social,view,0.0
U253,D001,cloudy,19.7,afternoon,12,3,casual,cloudy_20_afternoon_casual,view,0.0
U259,D115,snowy,-2.1,afternoon,16,2,casual,snowy_-2_afternoon_casual,view,0.0
U034,D096,sunny,21.6,afternoon,17,3,recovery,sunny_22_afternoon_recovery,view,0.0
U410,D103,stormy,14.5,evening,23,3,casual,stormy_15_evening_casual,view,0.0
U111,D106,cloudy,16.7,morning,8,4,business,cloudy_17_morning_business,view,0.0
U166,D109,rainy,8.4,evening,21,1,casual,rainy_8_evening_casual,view,0.0
U128,D067,cloudy,19.5,morning,10,1,celebration,cloudy_19_morning_celebration,view,0.0
U143,D011,snowy,0.3,morning,7,0,business,snowy_0_morning_business,view,0.0
U280,D077,cloudy,15.0,morning,10,0,pairing,cloudy_15_morning_pairing,view,0.0
U013,D073,cloudy,18.7,morning,8,3,business,cloudy_19_morning_business,view,0.0
U293,D048,cloudy,14.6,morning,8,4,pairing,cloudy_15_morning_pairing,view,0.0
U250,D012,sunny,21.0,morning,10,2,recovery,sunny_21_morning_recovery,view,0.0
U371,D058,sunny,26.0,afternoon,12,1,casual,sunny_26_afternoon_casual,view,0.0
U226,D034,cloudy,10.4,afternoon,12,0,recovery,cloudy_10_afternoon_recovery,view,0.0
U448,D116,stormy,15.1,morning,10,6,social,stormy_15_morning_social,view,0.0
U109,D066,snowy,-2.5,morning,7,2,casual,snowy_-2_morning_casual,rate,1.0
U437,D116,stormy,14.5,evening,23,3,casual,stormy_15_evening_casual,rate,1.1
U029,D015,cloudy,19.1,evening,19,6,pairing,cloudy_19_evening_pairing,view,0.0
U046,D083,cloudy,11.9,morning,7,1,social,cloudy_12_morning_social,view,0.0
U175,D004,rainy,7.0,afternoon,16,2,social,rainy_7_afternoon_social,view,0.0
U055,D080,sunny,23.4,evening,18,0,pairing,sunny_23_evening_pairing,view,0.0
U156,D081,cloudy,11.9,morning,7,1,social,cloudy_12_morning_social,view,0.0
U087,D020,rainy,12.4,evening,23,1,recovery,rainy_12_evening_recovery,view,0.0
U395,D048,snowy,-4.5,afternoon,13,4,social,snowy_-5_afternoon_social,view,0.0
U306,D028,cloudy,19.5,morning,10,1,celebration,cloudy_19_morning_celebration,view,0.0
U470,D119,rainy,11.5,morning,10,0,casual,rainy_12_morning_casual,view,0.0
U353,D044,snowy,-1.7,morning,9,2,celebration,snowy_-2_morning_celebration,view,0.0
U396,D002,cloudy,11.9,morning,7,1,social,cloudy_12_morning_social,view,0.0
U465,D090,snowy,-3.6,morning,8,5,social,snowy_-4_morning_social,view,0.0
U200,D084,snowy,-3.2,morning,9,1,business,snowy_-3_morning_business,view,0.0
U348,D105,rainy,13.9,evening,20,3,recovery,rainy_14_evening_recovery,view,0.0
U102,D057,rainy,9.4,evening,20,2,business,rainy_9_evening_business,view,0.0
U165,D077,cloudy,12.4,evening,18,6,pairing,cloudy_12_evening_pairing,view,0.0
U086,D094,cloudy,19.7,afternoon,12,3,casual,cloudy_20_afternoon_casual,view,0.0
U226,D108,sunny,26.1,evening,22,1,recovery,sunny_26_evening_recovery,view,0.0
U117,D099,snowy,-1.7,morning,9,2,celebration,snowy_-2_morning_celebration,view,0.0
U487,D033,sunny,26.0,afternoon,12,1,casual,sunny_26_afternoon_casual,view,0.0
U165,D112,cloudy,10.4,afternoon,12,0,recovery,cloudy_10_afternoon_recovery,view,0.0
U344,D021,rainy,7.0,afternoon,16,2,social,rainy_7_afternoon_social,view,0.0
U225,D030,snowy,-3.2,morning,9,1,business,snowy_-3_morning_business,view,0.0
U307,D049,sunny,30.7,afternoon,15,3,social,sunny_31_afternoon_social,view,0.0
U188,D011,rainy,12.4,evening,23,1,recovery,rainy_12_evening_recovery,view,0.0
U074,D072,sunny,33.7,afternoon,14,3,celebration,sunny_34_afternoon_celebration,view,0.0
U071,D078,cloudy,11.9,morning,7,1,social,cloudy_12_morning_social,view,0.0
U043,D008,rainy,12.4,evening,23,1,recovery,rainy_12_evening_recovery,view,0.0
U476,D035,cloudy,19.1,evening,19,6,pairing,cloudy_19_evening_pairing,view,0.0
U015,D002,snowy,-3.2,morning,9,1,business,snowy_-3_morning_business,view,0.0
U308,D036,snowy,-3.6,morning,8,5,social,snowy_-4_morning_social,view,0.0
U249,D047,cloudy,19.5,morning,10,1,celebration,cloudy_19_morning_celebration,view,0.0
U485,D064,stormy,10.7,afternoon,12,0,casual,stormy_11_afternoon_casual,view,0.0
U475,D054,rainy,13.9,evening,20,3,recovery,rainy_14_evening_recovery,view,0.0
U102,D120,cloudy,10.4,afternoon,12,0,recovery,cloudy_10_afternoon_recovery,view,0.0
U423,D047,cloudy,13.9,afternoon,12,5,casual,cloudy_14_afternoon_casual,view,0.0
U348,D031,stormy,15.1,morning,10,6,social,stormy_15_morning_social,view,0.0
U405,D001,rainy,11.5,morning,10,0,casual,rainy_12_morning_casual,view,0.0
U046,D009,stormy,10.7,afternoon,12,0,casual,stormy_11_afternoon_casual,rate,4.4
U059,D054,cloudy,16.7,morning,8,4,business,cloudy_17_morning_business,view,0.0
U006,D053,rainy,12.0,evening,18,0,social,rainy_12_evening_social,rate,1.9
U232,D014,sunny,26.0,afternoon,12,1,casual,sunny_26_afternoon_casual,view,0.0
U222,D052,stormy,15.1,morning,10,6,social,stormy_15_morning_social,view,0.0
U029,D019,snowy,0.3,morning,7,0,business,snowy_0_morning_business,view,0.0
U117,D106,snowy,-2.5,morning,7,2,casual,snowy_-2_morning_casual,view,0.0
U227,D096,stormy,16.2,afternoon,17,0,casual,stormy_16_afternoon_casual,rate,3.0
U250,D096,sunny,33.7,afternoon,14,3,celebration,sunny_34_afternoon_celebration,view,0.0
U194,D084,snowy,0.3,morning,7,0,business,snowy_0_morning_business,view,0.0
U058,D093,sunny,21.6,afternoon,17,3,recovery,sunny_22_afternoon_recovery,view,0.0
U232,D006,sunny,26.0,afternoon,12,1,casual,sunny_26_afternoon_casual,view,0.0
U374,D110,stormy,14.5,evening,23,3,casual,stormy_15_evening_casual,view,0.0
U014,D005,sunny,22.3,morning,11,4,pairing,sunny_22_morning_pairing,view,0.0
U380,D080,cloudy,14.1,evening,23,6,business,cloudy_14_evening_business,view,0.0
U071,D027,rainy,10.1,morning,9,5,business,rainy_10_morning_business,view,0.0
U289,D033,sunny,26.0,afternoon,12,1,casual,sunny_26_afternoon_casual,view,0.0
U367,D036,cloudy,14.6,morning,8,4,pairing,cloudy_15_morning_pairing,view,0.0
U451,D039,sunny,21.6,afternoon,17,3,recovery,sunny_22_afternoon_recovery,view,0.0
U070,D112,sunny,30.7,afternoon,15,3,social,sunny_31_afternoon_social,view,0.0
U054,D038,rainy,13.9,evening,20,3,recovery,rainy_14_evening_recovery,view,0.0
U288,D045,cloudy,17.3,afternoon,15,3,recovery,cloudy_17_afternoon_recovery,view,0.0
U309,D051,snowy,-3.2,morning,9,1,business,snowy_-3_morning_business,view,0.0
U166,D062,snowy,-2.1,afternoon,16,2,casual,snowy_-2_afternoon_casual,rate,1.2
U333,D117,stormy,16.3,morning,11,5,pairing,stormy_16_morning_pairing,rate,1.2
U116,D013,sunny,26.1,evening,22,1,recovery,sunny_26_evening_recovery,view,0.0
U125,D025,rainy,7.0,afternoon,16,2,social,rainy_7_afternoon_social,view,0.0
U402,D005,cloudy,19.5,morning,10,1,celebration,cloudy_19_morning_celebration,view,0.0
U254,D032,sunny,21.0,morning,10,2,recovery,sunny_21_morning_recovery,view,0.0
U177,D086,rainy,12.4,evening,23,1,recovery,rainy_12_evening_recovery,view,0.0
U265,D088,sunny,26.0,afternoon,12,1,casual,sunny_26_afternoon_casual,view,0.0
U392,D119,rainy,11.5,morning,10,0,casual,rainy_12_morning_casual,view,0.0
U220,D046,sunny,22.3,morning,11,4,pairing,sunny_22_morning_pairing,view,0.0
U251,D026,stormy,16.3,morning,11,5,pairing,stormy_16_morning_pairing,view,0.0
U046,D075,rainy,10.1,morning,9,5,business,rainy_10_morning_business,view,0.0
U328,D003,cloudy,11.9,morning,7,1,social,cloudy_12_morning_social,view,0.0
U343,D018,snowy,-2.5,morning,7,2,casual,snowy_-2_morning_casual,view,0.0
U332,D047,sunny,29.6,afternoon,16,0,recovery,sunny_30_afternoon_recovery,view,0.0
U331,D059,stormy,18.3,morning,8,5,casual,stormy_18_morning_casual,view,0.0
U234,D047,sunny,23.4,evening,18,0,pairing,sunny_23_evening_pairing,view,0.0
U334,D113,cloudy,14.1,evening,23,6,business,cloudy_14_evening_business,view,0.0
U289,D097,snowy,-4.5,afternoon,13,4,social,snowy_-5_afternoon_social,view,0.0
U442,D120,cloudy,18.2,afternoon,17,1,business,cloudy_18_afternoon_business,view,0.0
U217,D015,rainy,14.4,morning,11,1,recovery,rainy_14_morning_recovery,view,0.0
U196,D094,sunny,26.1,evening,22,1,recovery,sunny_26_evening_recovery,view,0.0
U056,D032,sunny,26.0,afternoon,12,1,casual,sunny_26_afternoon_casual,view,0.0
U009,D063,sunny,22.3,morning,11,4,pairing,sunny_22_morning_pairing,view,0.0
U161,D087,sunny,21.0,morning,10,2,recovery,sunny_21_morning_recovery,rate,2.5
U141,D004,sunny,33.7,afternoon,14,3,celebration,sunny_34_afternoon_celebration,view,0.0
U048,D078,cloudy,13.9,afternoon,12,5,casual,cloudy_14_afternoon_casual,view,0.0
U140,D041,cloudy,18.2,afternoon,17,1,business,cloudy_18_afternoon_business,purchase,1.0
U258,D055,stormy,16.3,morning,11,5,pairing,stormy_16_morning_pairing,view,0.0
U134,D106,stormy,16.3,morning,11,5,pairing,stormy_16_morning_pairing,view,0.0
U337,D089,cloudy,15.0,morning,10,0,pairing,cloudy_15_morning_pairing,view,0.0
U013,D019,sunny,26.0,afternoon,12,1,casual,sunny_26_afternoon_casual,view,0.0
U095,D059,rainy,11.5,morning,10,0,casual,rainy_12_morning_casual,view,0.0
U166,D043,cloudy,18.7,morning,8,3,business,cloudy_19_morning_business,view,0.0
U142,D006,cloudy,10.4,afternoon,12,0,recovery,cloudy_10_afternoon_recovery,view,0.0
U316,D107,snowy,-3.2,morning,9,1,business,snowy_-3_morning_business,view,0.0
U103,D098,cloudy,17.3,afternoon,15,3,recovery,cloudy_17_afternoon_recovery,view,0.0
U384,D050,stormy,16.3,morning,11,5,pairing,stormy_16_morning_pairing,view,0.0
U008,D104,rainy,9.4,evening,20,2,business,rainy_9_evening_business,view,0.0
U463,D100,snowy,-2.5,morning,7,2,casual,snowy_-2_morning_casual,view,0.0
U343,D040,cloudy,14.1,evening,23,6,business,cloudy_14_evening_business,view,0.0
U086,D005,sunny,23.4,evening,18,0,pairing,sunny_23_evening_pairing,purchase,1.0
U084,D097,rainy,12.0,evening,18,0,social,rainy_12_evening_social,view,0.0
U343,D024,sunny,26.1,evening,22,1,recovery,sunny_26_evening_recovery,view,0.0
U293,D068,sunny,26.1,evening,22,1,recovery,sunny_26_evening_recovery,view,0.0
U133,D064,sunny,29.6,afternoon,16,0,recovery,sunny_30_afternoon_recovery,view,0.0
U252,D015,sunny,23.4,evening,18,0,pairing,sunny_23_evening_pairing,view,0.0
U107,D053,cloudy,10.4,afternoon,12,0,recovery,cloudy_10_afternoon_recovery,view,0.0
U113,D085,snowy,0.6,afternoon,14,1,social,snowy_1_afternoon_social,view,0.0
U166,D022,cloudy,19.7,afternoon,12,3,casual,cloudy_20_afternoon_casual,view,0.0
U068,D093,snowy,-4.5,afternoon,13,4,social,snowy_-5_afternoon_social,view,0.0
U414,D093,sunny,33.7,afternoon,14,3,celebration,sunny_34_afternoon_celebration,view,0.0
U492,D100,cloudy,16.7,morning,8,4,business,cloudy_17_morning_business,view,0.0
U392,D028,cloudy,14.1,evening,23,6,business,cloudy_14_evening_business,view,0.0
U217,D120,rainy,12.0,evening,18,0,social,rainy_12_evening_social,view,0.0
U287,D012,sunny,23.4,evening,18,0,pairing,sunny_23_evening_pairing,view,0.0
U172,D096,sunny,29.6,afternoon,16,0,recovery,sunny_30_afternoon_recovery,view,0.0
U419,D001,sunny,21.6,afternoon,17,3,recovery,sunny_22_afternoon_recovery,view,0.0
U132,D087,cloudy,11.9,morning,7,1,social,cloudy_12_morning_social,view,0.0
U332,D053,sunny,21.0,morning,10,2,recovery,sunny_21_morning_recovery,view,0.0
U168,D013,cloudy,15.0,morning,10,0,pairing,cloudy_15_morning_pairing,rate,3.1
U061,D113,snowy,-4.5,afternoon,13,4,social,snowy_-5_afternoon_social,view,0.0
U017,D112,cloudy,18.7,morning,8,3,business,cloudy_19_morning_business,view,0.0
U457,D059,stormy,16.2,afternoon,17,0,casual,stormy_16_afternoon_casual,view,0.0
U102,D120,rainy,10.1,morning,9,5,business,rainy_10_morning_business,view,0.0
U083,D097,snowy,4.5,afternoon,16,4,social,snowy_5_afternoon_social,view,0.0
U411,D070,cloudy,17.3,afternoon,15,3,recovery,cloudy_17_afternoon_recovery,view,0.0
U110,D099,cloudy,19.1,evening,19,6,pairing,cloudy_19_evening_pairing,view,0.0
U403,D051,cloudy,11.9,morning,7,1,social,cloudy_12_morning_social,view,0.0
U084,D083,snowy,-1.7,morning,9,2,celebration,snowy_-2_morning_celebration,view,0.0
U226,D068,cloudy,18.2,afternoon,17,1,business,cloudy_18_afternoon_business,view,0.0
U112,D071,sunny,29.6,afternoon,16,0,recovery,sunny_30_afternoon_recovery,view,0.0
U410,D118,cloudy,19.5,morning,10,1,celebration,cloudy_19_morning_celebration,view,0.0
U020,D106,cloudy,14.1,evening,23,6,business,cloudy_14_evening_business,view,0.0
U246,D081,cloudy,16.7,morning,8,4,business,cloudy_17_morning_business,view,0.0
U010,D065,cloudy,15.0,morning,10,0,pairing,cloudy_15_morning_pairing,view,0.0
U149,D022,snowy,-2.1,afternoon,16,2,casual,snowy_-2_afternoon_casual,view,0.0
U172,D009,snowy,-3.6,morning,8,5,social,snowy_-4_morning_social,view,0.0
U469,D094,cloudy,11.9,morning,7,1,social,cloudy_12_morning_social,rate,3.1
U138,D048,cloudy,19.7,afternoon,12,3,casual,cloudy_20_afternoon_casual,view,0.0
U462,D040,snowy,-4.5,afternoon,13,4,social,snowy_-5_afternoon_social,rate,4.4
U358,D023,rainy,8.4,evening,21,1,casual,rainy_8_evening_casual,view,0.0
U295,D015,sunny,30.7,afternoon,15,3,social,sunny_31_afternoon_social,view,0.0
U476,D080,rainy,12.0,evening,18,0,social,rainy_12_evening_social,view,0.0
U326,D066,rainy,12.4,evening,23,1,recovery,rainy_12_evening_recovery,rate,2.5
U447,D034,stormy,10.7,afternoon,12,0,casual,stormy_11_afternoon_casual,view,0.0
U165,D043,cloudy,16.7,morning,8,4,business,cloudy_17_morning_business,view,0.0
U152,D071,sunny,26.1,evening,22,1,recovery,sunny_26_evening_recovery,view,0.0
U151,D079,rainy,9.4,evening,20,2,business,rainy_9_evening_business,view,0.0
U343,D102,cloudy,15.0,morning,10,0,pairing,cloudy_15_morning_pairing,view,0.0
U227,D065,snowy,0.3,morning,7,0,business,snowy_0_morning_business,view,0.0
U389,D077,stormy,16.2,afternoon,17,0,casual,stormy_16_afternoon_casual,view,0.0
U243,D021,sunny,30.7,afternoon,15,3,social,sunny_31_afternoon_social,view,0.0
U146,D021,rainy,13.9,evening,20,3,recovery,rainy_14_evening_recovery,view,0.0
U111,D085,cloudy,10.4,afternoon,12,0,recovery,cloudy_10_afternoon_recovery,view,0.0
U057,D023,cloudy,16.7,morning,8,4,business,cloudy_17_morning_business,view,0.0
U120,D070,cloudy,11.9,morning,7,1,social,cloudy_12_morning_social,view,0.0
U167,D042,cloudy,19.1,evening,19,6,pairing,cloudy_19_evening_pairing,view,0.0
U002,D024,stormy,10.7,afternoon,12,0,casual,stormy_11_afternoon_casual,view,0.0
U326,D069,cloudy,14.1,evening,23,6,business,cloudy_14_evening_business,view,0.0
U434,D093,snowy,-3.2,morning,9,1,business,snowy_-3_morning_business,view,0.0
U451,D112,snowy,4.5,afternoon,16,4,social,snowy_5_afternoon_social,view,0.0
U344,D062,sunny,26.0,afternoon,12,1,casual,sunny_26_afternoon_casual,purchase,1.0
U136,D055,sunny,26.0,afternoon,12,1,casual,sunny_26_afternoon_casual,view,0.0
U253,D094,cloudy,13.9,afternoon,12,5,casual,cloudy_14_afternoon_casual,view,0.0
U429,D032,snowy,4.5,afternoon,16,4,social,snowy_5_afternoon_social,view,0.0
U267,D010,snowy,0.6,afternoon,14,0,pairing,snowy_1_afternoon_pairing,view,0.0
U248,D055,sunny,33.7,afternoon,14,3,celebration,sunny_34_afternoon_celebration,view,0.0
U068,D005,cloudy,19.1,evening,19,6,pairing,cloudy_19_evening_pairing,view,0.0
U138,D046,cloudy,11.9,morning,7,1,social,cloudy_12_morning_social,view,0.0
U154,D055,sunny,29.6,afternoon,16,0,recovery,sunny_30_afternoon_recovery,view,0.0
U027,D018,stormy,16.3,morning,11,5,pairing,stormy_16_morning_pairing,view,0.0
U250,D106,stormy,16.2,afternoon,17,0,casual,stormy_16_afternoon_casual,view,0.0
U021,D024,cloudy,18.2,afternoon,17,1,business,cloudy_18_afternoon_business,view,0.0
U095,D062,sunny,22.3,morning,11,4,pairing,sunny_22_morning_pairing,view,0.0
U258,D066,snowy,-4.2,evening,22,6,business,snowy_-4_evening_business,view,0.0
U236,D034,snowy,-1.7,morning,9,2,celebration,snowy_-2_morning_celebration,view,0.0
U068,D045,sunny,26.0,afternoon,12,1,casual,sunny_26_afternoon_casual,view,0.0
U170,D047,stormy,16.2,afternoon,17,0,casual,stormy_16_afternoon_casual,view,0.0
U124,D037,sunny,26.1,evening,22,1,recovery,sunny_26_evening_recovery,rate,3.6
U275,D078,stormy,16.3,morning,11,5,pairing,stormy_16_morning_pairing,view,0.0
U355,D093,snowy,-1.7,morning,9,2,celebration,snowy_-2_morning_celebration,view,0.0
U107,D072,snowy,4.5,afternoon,16,4,social,snowy_5_afternoon_social,view,0.0
U484,D007,rainy,8.4,evening,21,1,casual,rainy_8_evening_casual,view,0.0
U028,D062,cloudy,19.7,afternoon,12,3,casual,cloudy_20_afternoon_casual,view,0.0
U020,D003,rainy,11.5,morning,10,0,casual,rainy_12_morning_casual,view,0.0
U307,D048,stormy,14.5,evening,23,3,casual,stormy_15_evening_casual,view,0.0
U003,D065,snowy,0.6,afternoon,14,1,social,snowy_1_afternoon_social,view,0.0
U118,D026,stormy,10.7,afternoon,12,0,casual,stormy_11_afternoon_casual,view,0.0
U137,D062,rainy,12.4,evening,23,1,recovery,rainy_12_evening_recovery,view,0.0
U333,D001,cloudy,10.4,afternoon,12,0,recovery,cloudy_10_afternoon_recovery,view,0.0
U260,D100,rainy,13.9,evening,20,3,recovery,rainy_14_evening_recovery,view,0.0
U126,D006,cloudy,12.4,evening,18,6,pairing,cloudy_12_evening_pairing,view,0.0
U318,D052,snowy,0.6,afternoon,14,0,pairing,snowy_1_afternoon_pairing,view,0.0
U481,D074,sunny,23.4,evening,18,0,pairing,sunny_23_evening_pairing,view,0.0
U292,D014,snowy,0.6,afternoon,14,0,pairing,snowy_1_afternoon_pairing,view,0.0
U369,D117,rainy,8.4,evening,21,1,casual,rainy_8_evening_casual,view,0.0
U382,D086,cloudy,19.5,morning,10,1,celebration,cloudy_19_morning_celebration,view,0.0
U438,D069,rainy,13.9,evening,20,3,recovery,rainy_14_evening_recovery,rate,1.3
U355,D051,cloudy,15.0,morning,10,0,pairing,cloudy_15_morning_pairing,view,0.0
U486,D024,snowy,-2.5,morning,7,2,casual,snowy_-2_morning_casual,rate,4.4
U109,D044,snowy,-1.7,morning,9,2,celebration,snowy_-2_morning_celebration,view,0.0
U033,D077,stormy,12.8,evening,22,2,casual,stormy_13_evening_casual,view,0.0
U147,D043,snowy,-3.2,morning,9,1,business,snowy_-3_morning_business,view,0.0
U256,D012,cloudy,12.4,evening,18,6,pairing,cloudy_12_evening_pairing,view,0.0
U362,D003,snowy,-3.6,morning,8,5,social,snowy_-4_morning_social,view,0.0
U151,D048,snowy,-3.6,morning,8,5,social,snowy_-4_morning_social,view,0.0
U107,D040,cloudy,17.3,afternoon,15,3,recovery,cloudy_17_afternoon_recovery,view,0.0
U352,D027,sunny,21.0,morning,10,2,recovery,sunny_21_morning_recovery,view,0.0
U370,D013,cloudy,16.7,morning,8,4,business,cloudy_17_morning_business,view,0.0
U214,D028,sunny,21.0,morning,10,2,recovery,sunny_21_morning_recovery,view,0.0
U159,D060,rainy,8.4,evening,21,1,casual,rainy_8_evening_casual,view,0.0
U014,D089,cloudy,12.4,evening,18,6,pairing,cloudy_12_evening_pairing,view,0.0
U124,D023,sunny,23.4,evening,18,0,pairing,sunny_23_evening_pairing,view,0.0
U413,D047,cloudy,13.9,afternoon,12,5,casual,cloudy_14_afternoon_casual,view,0.0
U212,D038,cloudy,19.5,morning,10,1,celebration,cloudy_19_morning_celebration,purchase,1.0
U360,D102,cloudy,19.1,evening,19,6,pairing,cloudy_19_evening_pairing,view,0.0
U443,D003,rainy,13.9,evening,20,3,recovery,rainy_14_evening_recovery,view,0.0
U464,D017,cloudy,19.5,morning,10,1,celebration,cloudy_19_morning_celebration,view,0.0
U133,D069,rainy,10.1,morning,9,5,business,rainy_10_morning_business,view,0.0
U072,D069,cloudy,14.6,morning,8,4,pairing,cloudy_15_morning_pairing,view,0.0
U439,D078,rainy,11.5,morning,10,0,casual,rainy_12_morning_casual,view,0.0
U132,D100,snowy,0.6,afternoon,14,0,pairing,snowy_1_afternoon_pairing,view,0.0
U111,D036,cloudy,17.3,afternoon,15,3,recovery,cloudy_17_afternoon_recovery,view,0.0
U484,D038,rainy,11.5,morning,10,0,casual,rainy_12_morning_casual,view,0.0
U121,D048,rainy,13.9,evening,20,3,recovery,rainy_14_evening_recovery,view,0.0
U413,D078,rainy,14.4,morning,11,1,recovery,rainy_14_morning_recovery,view,0.0
U042,D100,sunny,29.6,afternoon,16,0,recovery,sunny_30_afternoon_recovery,view,0.0
U174,D082,rainy,9.4,evening,20,2,business,rainy_9_evening_business,view,0.0
U335,D118,stormy,16.2,afternoon,17,0,casual,stormy_16_afternoon_casual,view,0.0
U230,D067,snowy,0.6,afternoon,14,0,pairing,snowy_1_afternoon_pairing,view,0.0
U417,D036,rainy,9.4,evening,20,2,business,rainy_9_evening_business,view,0.0
U027,D091,stormy,14.5,evening,23,3,casual,stormy_15_evening_casual,view,0.0
U190,D096,stormy,15.1,morning,10,6,social,stormy_15_morning_social,view,0.0
U278,D017,cloudy,14.6,morning,8,4,pairing,cloudy_15_morning_pairing,view,0.0
U128,D037,cloudy,18.2,afternoon,17,1,business,cloudy_18_afternoon_business,view,0.0
U001,D025,snowy,-1.7,morning,9,2,celebration,snowy_-2_morning_celebration,view,0.0
U181,D107,stormy,10.7,afternoon,12,0,casual,stormy_11_afternoon_casual,rate,2.4
U308,D018,cloudy,12.4,evening,18,6,pairing,cloudy_12_evening_pairing,view,0.0
U322,D005,snowy,-2.1,afternoon,16,2,casual,snowy_-2_afternoon_casual,view,0.0
U118,D081,rainy,12.0,evening,18,0,social,rainy_12_evening_social,view,0.0
U263,D050,rainy,10.1,morning,9,5,business,rainy_10_morning_business,rate,2.4
U303,D112,rainy,9.4,evening,20,2,business,rainy_9_evening_business,view,0.0
U285,D057,rainy,11.5,morning,10,0,casual,rainy_12_morning_casual,view,0.0
U352,D060,cloudy,17.3,afternoon,15,3,recovery,cloudy_17_afternoon_recovery,view,0.0
U110,D043,rainy,14.4,morning,11,1,recovery,rainy_14_morning_recovery,view,0.0
U443,D089,snowy,0.6,afternoon,14,1,social,snowy_1_afternoon_social,view,0.0
U218,D048,cloudy,19.7,afternoon,12,3,casual,cloudy_20_afternoon_casual,view,0.0
U480,D001,rainy,12.0,evening,18,0,social,rainy_12_evening_social,view,0.0
U459,D090,stormy,16.3,morning,11,5,pairing,stormy_16_morning_pairing,view,0.0
U257,D090,cloudy,11.9,morning,7,1,social,cloudy_12_morning_social,view,0.0
U329,D060,sunny,26.0,afternoon,12,1,casual,sunny_26_afternoon_casual,view,0.0
U250,D049,snowy,-1.7,morning,9,2,celebration,snowy_-2_morning_celebration,view,0.0
U211,D025,cloudy,18.2,afternoon,17,1,business,cloudy_18_afternoon_business,view,0.0
U024,D060,cloudy,19.5,morning,10,1,celebration,cloudy_19_morning_celebration,view,0.0
U066,D014,cloudy,15.0,morning,10,0,pairing,cloudy_15_morning_pairing,view,0.0
U476,D048,snowy,-4.2,evening,22,6,business,snowy_-4_evening_business,view,0.0
U367,D104,rainy,12.4,evening,23,1,recovery,rainy_12_evening_recovery,view,0.0
U463,D026,snowy,-3.2,morning,9,1,business,snowy_-3_morning_business,view,0.0
U110,D091,snowy,-2.1,afternoon,16,2,casual,snowy_-2_afternoon_casual,view,0.0
U319,D049,cloudy,12.4,evening,18,6,pairing,cloudy_12_evening_pairing,purchase,1.0
U167,D065,cloudy,14.6,morning,8,4,pairing,cloudy_15_morning_pairing,view,0.0
U500,D007,stormy,14.5,evening,23,3,casual,stormy_15_evening_casual,view,0.0
U493,D010,sunny,29.6,afternoon,16,0,recovery,sunny_30_afternoon_recovery,view,0.0
U181,D101,sunny,23.4,evening,18,0,pairing,sunny_23_evening_pairing,view,0.0
U091,D120,cloudy,16.7,morning,8,4,business,cloudy_17_morning_business,view,0.0
U126,D027,cloudy,18.7,morning,8,3,business,cloudy_19_morning_business,view,0.0
U151,D048,cloudy,19.5,morning,10,1,celebration,cloudy_19_morning_celebration,view,0.0
U091,D003,cloudy,11.9,morning,7,1,social,cloudy_12_morning_social,view,0.0
U415,D010,cloudy,18.7,morning,8,3,business,cloudy_19_morning_business,view,0.0
U126,D113,sunny,21.0,morning,10,2,recovery,sunny_21_morning_recovery,view,0.0
U343,D102,snowy,-3.2,morning,9,1,business,snowy_-3_morning_business,view,0.0
U441,D020,cloudy,18.7,morning,8,3,business,cloudy_19_morning_business,view,0.0
U135,D029,snowy,0.6,afternoon,14,0,pairing,snowy_1_afternoon_pairing,view,0.0
U003,D002,rainy,12.0,evening,18,0,social,rainy_12_evening_social,view,0.0
U134,D045,cloudy,14.6,morning,8,4,pairing,cloudy_15_morning_pairing,rate,3.2
U383,D032,cloudy,18.7,morning,8,3,business,cloudy_19_morning_business,purchase,1.0
U025,D085,sunny,21.0,morning,10,2,recovery,sunny_21_morning_recovery,view,0.0
U314,D020,sunny,26.1,evening,22,1,recovery,sunny_26_evening_recovery,view,0.0
U444,D103,cloudy,19.7,afternoon,12,3,casual,cloudy_20_afternoon_casual,view,0.0
U459,D054,stormy,10.7,afternoon,12,0,casual,stormy_11_afternoon_casual,view,0.0
U342,D037,sunny,33.7,afternoon,14,3,celebration,sunny_34_afternoon_celebration,view,0.0
U374,D054,snowy,0.6,afternoon,14,0,pairing,snowy_1_afternoon_pairing,view,0.0
U006,D034,rainy,10.1,morning,9,5,business,rainy_10_morning_business,view,0.0
U382,D084,rainy,12.4,evening,23,1,recovery,rainy_12_evening_recovery,view,0.0
U105,D032,stormy,15.1,morning,10,6,social,stormy_15_morning_social,view,0.0
U014,D052,stormy,12.8,evening,22,2,casual,stormy_13_evening_casual,view,0.0
U214,D022,rainy,12.0,evening,18,0,social,rainy_12_evening_social,view,0.0
U444,D060,rainy,13.9,evening,20,3,recovery,rainy_14_evening_recovery,view,0.0
U021,D091,stormy,10.7,afternoon,12,0,casual,stormy_11_afternoon_casual,purchase,1.0
U498,D106,stormy,15.1,morning,10,6,social,stormy_15_morning_social,view,0.0
U449,D004,rainy,14.4,morning,11,1,recovery,rainy_14_morning_recovery,view,0.0
U497,D009,cloudy,13.9,afternoon,12,5,casual,cloudy_14_afternoon_casual,rate,4.6
U237,D023,rainy,12.0,evening,18,0,social,rainy_12_evening_social,view,0.0
U072,D048,rainy,9.4,evening,20,2,business,rainy_9_evening_business,view,0.0
U230,D107,rainy,12.0,evening,18,0,social,rainy_12_evening_social,view,0.0
U263,D051,snowy,4.5,afternoon,16,4,social,snowy_5_afternoon_social,view,0.0
U301,D047,snowy,-3.6,morning,8,5,social,snowy_-4_morning_social,view,0.0
U266,D073,rainy,12.4,evening,23,1,recovery,rainy_12_evening_recovery,view,0.0
U438,D087,snowy,0.3,morning,7,0,business,snowy_0_morning_business,view,0.0
U199,D116,rainy,12.0,evening,18,0,social,rainy_12_evening_social,view,0.0
U356,D020,sunny,30.7,afternoon,15,3,social,sunny_31_afternoon_social,view,0.0
U301,D006,cloudy,11.9,morning,7,1,social,cloudy_12_morning_social,view,0.0
U453,D049,snowy,-4.2,evening,22,6,business,snowy_-4_evening_business,view,0.0
U107,D039,sunny,21.0,morning,10,2,recovery,sunny_21_morning_recovery,view,0.0
U251,D082,snowy,0.6,afternoon,14,0,pairing,snowy_1_afternoon_pairing,purchase,1.0
U209,D037,rainy,8.4,evening,21,1,casual,rainy_8_evening_casual,view,0.0
U007,D078,sunny,29.6,afternoon,16,0,recovery,sunny_30_afternoon_recovery,view,0.0
U451,D101,sunny,26.0,afternoon,12,1,casual,sunny_26_afternoon_casual,view,0.0
U077,D048,snowy,-2.1,afternoon,16,2,casual,snowy_-2_afternoon_casual,view,0.0
U209,D061,stormy,18.3,morning,8,5,casual,stormy_18_morning_casual,view,0.0
U029,D048,sunny,26.1,evening,22,1,recovery,sunny_26_evening_recovery,view,0.0
U446,D116,snowy,-1.7,morning,9,2,celebration,snowy_-2_morning_celebration,view,0.0
U047,D103,cloudy,12.4,evening,18,6,pairing,cloudy_12_evening_pairing,view,0.0
U218,D092,rainy,12.4,evening,23,1,recovery,rainy_12_evening_recovery,view,0.0
U156,D002,rainy,11.5,morning,10,0,casual,rainy_12_morning_casual,view,0.0
U290,D087,cloudy,14.1,evening,23,6,business,cloudy_14_evening_business,view,0.0
U075,D048,rainy,9.4,evening,20,2,business,rainy_9_evening_business,view,0.0
U329,D078,snowy,0.6,afternoon,14,1,social,snowy_1_afternoon_social,view,0.0
U067,D093,cloudy,19.5,morning,10,1,celebration,cloudy_19_morning_celebration,view,0.0
U455,D119,cloudy,11.9,morning,7,1,social,cloudy_12_morning_social,view,0.0
U210,D060,stormy,16.2,afternoon,17,0,casual,stormy_16_afternoon_casual,view,0.0
U086,D090,snowy,-1.7,morning,9,2,celebration,snowy_-2_morning_celebration,view,0.0
U019,D047,snowy,4.5,afternoon,16,4,social,snowy_5_afternoon_social,rate,3.9
U286,D066,stormy,16.2,afternoon,17,0,casual,stormy_16_afternoon_casual,view,0.0
U426,D084,cloudy,13.9,afternoon,12,5,casual,cloudy_14_afternoon_casual,view,0.0
U434,D085,snowy,-4.5,afternoon,13,4,social,snowy_-5_afternoon_social,view,0.0
U497,D031,snowy,-3.2,morning,9,1,business,snowy_-3_morning_business,view,0.0
U446,D091,sunny,26.0,afternoon,12,1,casual,sunny_26_afternoon_casual,view,0.0
U410,D090,stormy,12.8,evening,22,2,casual,stormy_13_evening_casual,view,0.0
U187,D015,sunny,29.6,afternoon,16,0,recovery,sunny_30_afternoon_recovery,view,0.0
U055,D002,snowy,4.5,afternoon,16,4,social,snowy_5_afternoon_social,view,0.0
U272,D118,cloudy,16.7,morning,8,4,business,cloudy_17_morning_business,view,0.0
U431,D081,cloudy,13.9,afternoon,12,5,casual,cloudy_14_afternoon_casual,view,0.0
U186,D062,sunny,21.0,morning,10,2,recovery,sunny_21_morning_recovery,view,0.0
U323,D041,cloudy,19.7,afternoon,12,3,casual,cloudy_20_afternoon_casual,view,0.0
U018,D058,sunny,30.7,afternoon,15,3,social,sunny_31_afternoon_social,view,0.0
U068,D022,sunny,30.7,afternoon,15,3,social,sunny_31_afternoon_social,view,0.0
U074,D066,stormy,16.3,morning,11,5,pairing,stormy_16_morning_pairing,view,0.0
U274,D081,cloudy,18.2,afternoon,17,1,business,cloudy_18_afternoon_business,view,0.0
U366,D030,sunny,21.0,morning,10,2,recovery,sunny_21_morning_recovery,view,0.0
U376,D107,rainy,12.4,evening,23,1,recovery,rainy_12_evening_recovery,rate,3.1
U280,D118,sunny,26.1,evening,22,1,recovery,sunny_26_evening_recovery,view,0.0
U425,D005,snowy,-4.5,afternoon,13,4,social,snowy_-5_afternoon_social,view,0.0
U051,D052,snowy,-4.2,evening,22,6,business,snowy_-4_evening_business,view,0.0
U369,D045,sunny,30.7,afternoon,15,3,social,sunny_31_afternoon_social,view,0.0
U375,D107,cloudy,12.4,evening,18,6,pairing,cloudy_12_evening_pairing,purchase,1.0
U337,D101,cloudy,18.2,afternoon,17,1,business,cloudy_18_afternoon_business,view,0.0
U280,D039,sunny,21.0,morning,10,2,recovery,sunny_21_morning_recovery,view,0.0
U115,D048,rainy,12.4,evening,23,1,recovery,rainy_12_evening_recovery,view,0.0
U416,D035,cloudy,19.5,morning,10,1,celebration,cloudy_19_morning_celebration,view,0.0
U470,D081,rainy,14.4,morning,11,1,recovery,rainy_14_morning_recovery,view,0.0
U275,D064,rainy,11.5,morning,10,0,casual,rainy_12_morning_casual,view,0.0
U066,D075,cloudy,14.1,evening,23,6,business,cloudy_14_evening_business,view,0.0
U067,D069,snowy,-3.6,morning,8,5,social,snowy_-4_morning_social,rate,3.4
U424,D050,snowy,-2.5,morning,7,2,casual,snowy_-2_morning_casual,view,0.0
U017,D040,rainy,13.9,evening,20,3,recovery,rainy_14_evening_recovery,view,0.0
U407,D006,rainy,7.0,afternoon,16,2,social,rainy_7_afternoon_social,view,0.0
U376,D035,cloudy,18.7,morning,8,3,business,cloudy_19_morning_business,purchase,1.0
U221,D053,rainy,11.5,morning,10,0,casual,rainy_12_morning_casual,view,0.0
U392,D076,rainy,8.4,evening,21,1,casual,rainy_8_evening_casual,view,0.0
U463,D117,sunny,30.7,afternoon,15,3,social,sunny_31_afternoon_social,view,0.0
U234,D053,snowy,-4.2,evening,22,6,business,snowy_-4_evening_business,view,0.0
U322,D006,sunny,21.0,morning,10,2,recovery,sunny_21_morning_recovery,view,0.0
U036,D003,sunny,22.3,morning,11,4,pairing,sunny_22_morning_pairing,view,0.0
U497,D078,snowy,-1.7,morning,9,2,celebration,snowy_-2_morning_celebration,view,0.0
U091,D033,cloudy,16.7,morning,8,4,business,cloudy_17_morning_business,view,0.0
U339,D070,cloudy,14.1,evening,23,6,business,cloudy_14_evening_business,view,0.0
U282,D086,sunny,21.0,morning,10,2,recovery,sunny_21_morning_recovery,view,0.0
U130,D047,sunny,26.0,afternoon,12,1,casual,sunny_26_afternoon_casual,view,0.0
U071,D020,sunny,29.6,afternoon,16,0,recovery,sunny_30_afternoon_recovery,view,0.0
U397,D081,rainy,14.4,morning,11,1,recovery,rainy_14_morning_recovery,view,0.0
U276,D013,snowy,-3.6,morning,8,5,social,snowy_-4_morning_social,view,0.0
U466,D096,rainy,10.1,morning,9,5,business,rainy_10_morning_business,view,0.0
U385,D090,sunny,30.7,afternoon,15,3,social,sunny_31_afternoon_social,rate,2.8
U397,D047,sunny,29.6,afternoon,16,0,recovery,sunny_30_afternoon_recovery,view,0.0
U410,D003,stormy,16.3,morning,11,5,pairing,stormy_16_morning_pairing,view,0.0
U307,D107,snowy,4.5,afternoon,16,4,social,snowy_5_afternoon_social,view,0.0
U417,D007,stormy,18.3,morning,8,5,casual,stormy_18_morning_casual,rate,3.0
U464,D046,snowy,-3.2,morning,9,1,business,snowy_-3_morning_business,view,0.0
U010,D024,rainy,8.4,evening,21,1,casual,rainy_8_evening_casual,view,0.0
U137,D017,cloudy,18.2,afternoon,17,1,business,cloudy_18_afternoon_business,view,0.0
U186,D013,sunny,29.6,afternoon,16,0,recovery,sunny_30_afternoon_recovery,view,0.0
U341,D051,stormy,12.8,evening,22,2,casual,stormy_13_evening_casual,view,0.0
U281,D011,sunny,26.0,afternoon,12,1,casual,sunny_26_afternoon_casual,view,0.0
U285,D074,sunny,29.6,afternoon,16,0,recovery,sunny_30_afternoon_recovery,view,0.0
U456,D110,stormy,16.2,afternoon,17,0,casual,stormy_16_afternoon_casual,rate,4.3
U313,D026,cloudy,17.3,afternoon,15,3,recovery,cloudy_17_afternoon_recovery,view,0.0
U356,D012,stormy,18.3,morning,8,5,casual,stormy_18_morning_casual,view,0.0
U236,D064,rainy,11.5,morning,10,0,casual,rainy_12_morning_casual,view,0.0
U018,D080,cloudy,19.1,evening,19,6,pairing,cloudy_19_evening_pairing,view,0.0
U329,D003,stormy,14.5,evening,23,3,casual,stormy_15_evening_casual,view,0.0
U204,D044,sunny,23.4,evening,18,0,pairing,sunny_23_evening_pairing,view,0.0
U336,D063,snowy,-1.7,morning,9,2,celebration,snowy_-2_morning_celebration,view,0.0
U334,D077,sunny,22.3,morning,11,4,pairing,sunny_22_morning_pairing,rate,2.4
U388,D002,snowy,-2.5,morning,7,2,casual,snowy_-2_morning_casual,view,0.0
U451,D068,cloudy,18.2,afternoon,17,1,business,cloudy_18_afternoon_business,view,0.0
U458,D062,snowy,4.5,afternoon,16,4,social,snowy_5_afternoon_social,view,0.0
U009,D053,snowy,0.6,afternoon,14,1,social,snowy_1_afternoon_social,view,0.0
U393,D012,sunny,22.3,morning,11,4,pairing,sunny_22_morning_pairing,view,0.0
U331,D011,stormy,14.5,evening,23,3,casual,stormy_15_evening_casual,view,0.0
U134,D053,sunny,33.7,afternoon,14,3,celebration,sunny_34_afternoon_celebration,view,0.0
U072,D114,cloudy,18.7,morning,8,3,business,cloudy_19_morning_business,view,0.0
U313,D117,cloudy,19.5,morning,10,1,celebration,cloudy_19_morning_celebration,view,0.0
U210,D040,rainy,10.1,morning,9,5,business,rainy_10_morning_business,purchase,1.0
U245,D100,stormy,10.7,afternoon,12,0,casual,stormy_11_afternoon_casual,rate,1.2
U404,D109,cloudy,11.9,morning,7,1,social,cloudy_12_morning_social,view,0.0
U105,D036,cloudy,12.4,evening,18,6,pairing,cloudy_12_evening_pairing,view,0.0
U257,D017,snowy,0.6,afternoon,14,1,social,snowy_1_afternoon_social,view,0.0
U480,D066,cloudy,15.0,morning,10,0,pairing,cloudy_15_morning_pairing,view,0.0
U030,D084,cloudy,18.2,afternoon,17,1,business,cloudy_18_afternoon_business,view,0.0
U249,D005,snowy,-2.5,morning,7,2,casual,snowy_-2_morning_casual,rate,4.1
U222,D024,rainy,14.4,morning,11,1,recovery,rainy_14_morning_recovery,view,0.0
U217,D068,cloudy,10.4,afternoon,12,0,recovery,cloudy_10_afternoon_recovery,view,0.0
U135,D106,rainy,12.4,evening,23,1,recovery,rainy_12_evening_recovery,purchase,1.0
U043,D057,stormy,12.8,evening,22,2,casual,stormy_13_evening_casual,view,0.0
U210,D072,cloudy,15.0,morning,10,0,pairing,cloudy_15_morning_pairing,view,0.0
U106,D037,cloudy,19.1,evening,19,6,pairing,cloudy_19_evening_pairing,view,0.0
U153,D067,stormy,15.1,morning,10,6,social,stormy_15_morning_social,view,0.0
U228,D079,cloudy,15.0,morning,10,0,pairing,cloudy_15_morning_pairing,view,0.0
U469,D118,rainy,12.0,evening,18,0,social,rainy_12_evening_social,purchase,1.0
U157,D116,snowy,-2.1,afternoon,16,2,casual,snowy_-2_afternoon_casual,view,0.0
U016,D065,snowy,0.6,afternoon,14,0,pairing,snowy_1_afternoon_pairing,view,0.0
U079,D103,cloudy,11.9,morning,7,1,social,cloudy_12_morning_social,view,0.0
U106,D022,stormy,12.8,evening,22,2,casual,stormy_13_evening_casual,view,0.0
U321,D016,sunny,22.3,morning,11,4,pairing,sunny_22_morning_pairing,view,0.0
U032,D080,snowy,-4.5,afternoon,13,4,social,snowy_-5_afternoon_social,purchase,1.0
U436,D106,snowy,-3.2,morning,9,1,business,snowy_-3_morning_business,view,0.0
U373,D081,sunny,22.3,morning,11,4,pairing,sunny_22_morning_pairing,view,0.0
U243,D057,sunny,29.6,afternoon,16,0,recovery,sunny_30_afternoon_recovery,view,0.0
U457,D086,stormy,15.1,morning,10,6,social,stormy_15_morning_social,view,0.0
U071,D046,snowy,0.3,morning,7,0,business,snowy_0_morning_business,rate,4.5
U130,D072,cloudy,14.1,evening,23,6,business,cloudy_14_evening_business,view,0.0
U485,D101,rainy,9.4,evening,20,2,business,rainy_9_evening_business,view,0.0
U262,D116,stormy,15.1,morning,10,6,social,stormy_15_morning_social,view,0.0
U489,D037,rainy,10.1,morning,9,5,business,rainy_10_morning_business,view,0.0
U231,D077,rainy,12.4,evening,23,1,recovery,rainy_12_evening_recovery,view,0.0
U348,D058,snowy,-2.1,afternoon,16,2,casual,snowy_-2_afternoon_casual,view,0.0
U422,D032,cloudy,16.7,morning,8,4,business,cloudy_17_morning_business,view,0.0
U461,D087,cloudy,10.4,afternoon,12,0,recovery,cloudy_10_afternoon_recovery,view,0.0
U459,D033,sunny,30.7,afternoon,15,3,social,sunny_31_afternoon_social,view,0.0
U465,D104,sunny,26.1,evening,22,1,recovery,sunny_26_evening_recovery,view,0.0
U214,D069,snowy,0.6,afternoon,14,0,pairing,snowy_1_afternoon_pairing,view,0.0
U080,D013,stormy,15.1,morning,10,6,social,stormy_15_morning_social,view,0.0
U423,D063,snowy,0.6,afternoon,14,0,pairing,snowy_1_afternoon_pairing,view,0.0
U061,D012,rainy,10.1,morning,9,5,business,rainy_10_morning_business,purchase,1.0
U411,D028,snowy,-2.1,afternoon,16,2,casual,snowy_-2_afternoon_casual,view,0.0
U272,D077,sunny,21.6,afternoon,17,3,recovery,sunny_22_afternoon_recovery,view,0.0
U028,D105,rainy,12.4,evening,23,1,recovery,rainy_12_evening_recovery,view,0.0
U009,D047,rainy,10.1,morning,9,5,business,rainy_10_morning_business,view,0.0
U245,D057,cloudy,15.0,morning,10,0,pairing,cloudy_15_morning_pairing,view,0.0
U250,D057,rainy,12.0,evening,18,0,social,rainy_12_evening_social,view,0.0
U480,D056,cloudy,19.1,evening,19,6,pairing,cloudy_19_evening_pairing,rate,1.4
U467,D030,sunny,26.1,evening,22,1,recovery,sunny_26_evening_recovery,view,0.0
U108,D017,snowy,-4.5,afternoon,13,4,social,snowy_-5_afternoon_social,view,0.0
U160,D077,sunny,21.0,morning,10,2,recovery,sunny_21_morning_recovery,view,0.0
U353,D057,cloudy,12.4,evening,18,6,pairing,cloudy_12_evening_pairing,view,0.0
U156,D098,snowy,0.3,morning,7,0,business,snowy_0_morning_business,view,0.0
U048,D031,stormy,12.8,evening,22,2,casual,stormy_13_evening_casual,view,0.0
U161,D103,snowy,-2.1,afternoon,16,2,casual,snowy_-2_afternoon_casual,view,0.0
U255,D087,snowy,-4.5,afternoon,13,4,social,snowy_-5_afternoon_social,view,0.0
U473,D045,rainy,12.0,evening,18,0,social,rainy_12_evening_social,view,0.0
U045,D078,stormy,10.7,afternoon,12,0,casual,stormy_11_afternoon_casual,view,0.0
U288,D056,sunny,30.7,afternoon,15,3,social,sunny_31_afternoon_social,view,0.0
U404,D079,rainy,14.4,morning,11,1,recovery,rainy_14_morning_recovery,view,0.0
U284,D050,rainy,7.0,afternoon,16,2,social,rainy_7_afternoon_social,view,0.0
U094,D026,snowy,0.3,morning,7,0,business,snowy_0_morning_business,view,0.0
U362,D092,sunny,33.7,afternoon,14,3,celebration,sunny_34_afternoon_celebration,view,0.0
U202,D061,cloudy,19.1,evening,19,6,pairing,cloudy_19_evening_pairing,view,0.0
U308,D083,cloudy,14.1,evening,23,6,business,cloudy_14_evening_business,view,0.0
U411,D006,rainy,13.9,evening,20,3,recovery,rainy_14_evening_recovery,view,0.0
U422,D028,cloudy,11.9,morning,7,1,social,cloudy_12_morning_social,view,0.0
U370,D103,rainy,7.0,afternoon,16,2,social,rainy_7_afternoon_social,view,0.0
U325,D114,stormy,18.3,morning,8,5,casual,stormy_18_morning_casual,view,0.0
U059,D002,snowy,-4.5,afternoon,13,4,social,snowy_-5_afternoon_social,view,0.0
U165,D071,sunny,33.7,afternoon,14,3,celebration,sunny_34_afternoon_celebration,view,0.0
U162,D117,cloudy,16.7,morning,8,4,business,cloudy_17_morning_business,rate,3.5
U452,D024,sunny,33.7,afternoon,14,3,celebration,sunny_34_afternoon_celebration,view,0.0
U182,D039,stormy,10.7,afternoon,12,0,casual,stormy_11_afternoon_casual,view,0.0
U176,D035,cloudy,15.0,morning,10,0,pairing,cloudy_15_morning_pairing,view,0.0
U047,D064,rainy,8.4,evening,21,1,casual,rainy_8_evening_casual,view,0.0
U419,D094,stormy,10.7,afternoon,12,0,casual,stormy_11_afternoon_casual,view,0.0
U029,D070,stormy,10.7,afternoon,12,0,casual,stormy_11_afternoon_casual,view,0.0
U408,D057,sunny,29.6,afternoon,16,0,recovery,sunny_30_afternoon_recovery,view,0.0
U189,D104,snowy,-4.2,evening,22,6,business,snowy_-4_evening_business,view,0.0
U036,D114,rainy,11.5,morning,10,0,casual,rainy_12_morning_casual,rate,4.0
U083,D031,rainy,8.4,evening,21,1,casual,rainy_8_evening_casual,view,0.0
U337,D083,sunny,26.0,afternoon,12,1,casual,sunny_26_afternoon_casual,view,0.0
U057,D075,cloudy,16.7,morning,8,4,business,cloudy_17_morning_business,view,0.0
U456,D046,sunny,26.1,evening,22,1,recovery,sunny_26_evening_recovery,view,0.0
U395,D120,cloudy,18.2,afternoon,17,1,business,cloudy_18_afternoon_business,view,0.0
U110,D094,rainy,13.9,evening,20,3,recovery,rainy_14_evening_recovery,view,0.0
U136,D103,stormy,14.5,evening,23,3,casual,stormy_15_evening_casual,view,0.0
U375,D034,rainy,12.0,evening,18,0,social,rainy_12_evening_social,rate,4.6
U219,D022,cloudy,15.0,morning,10,0,pairing,cloudy_15_morning_pairing,view,0.0
U241,D027,rainy,7.0,afternoon,16,2,social,rainy_7_afternoon_social,view,0.0
U481,D026,cloudy,11.9,morning,7,1,social,cloudy_12_morning_social,view,0.0
U069,D097,sunny,33.7,afternoon,14,3,celebration,sunny_34_afternoon_celebration,view,0.0
U008,D038,stormy,10.7,afternoon,12,0,casual,stormy_11_afternoon_casual,view,0.0
U067,D046,stormy,15.1,morning,10,6,social,stormy_15_morning_social,view,0.0
U043,D059,rainy,8.4,evening,21,1,casual,rainy_8_evening_casual,view,0.0
U419,D039,cloudy,11.9,morning,7,1,social,cloudy_12_morning_social,view,0.0
U121,D080,rainy,12.4,evening,23,1,recovery,rainy_12_evening_recovery,view,0.0
U133,D055,rainy,11.5,morning,10,0,casual,rainy_12_morning_casual,view,0.0
U164,D034,cloudy,14.1,evening,23,6,business,cloudy_14_evening_business,view,0.0
U310,D034,cloudy,19.5,morning,10,1,celebration,cloudy_19_morning_celebration,view,0.0
U345,D018,sunny,29.6,afternoon,16,0,recovery,sunny_30_afternoon_recovery,view,0.0
U207,D045,rainy,12.4,evening,23,1,recovery,rainy_12_evening_recovery,view,0.0
U468,D013,sunny,33.7,afternoon,14,3,celebration,sunny_34_afternoon_celebration,view,0.0
U303,D119,cloudy,19.5,morning,10,1,celebration,cloudy_19_morning_celebration,purchase,1.0
U378,D054,cloudy,17.3,afternoon,15,3,recovery,cloudy_17_afternoon_recovery,view,0.0
U342,D115,snowy,-4.2,evening,22,6,business,snowy_-4_evening_business,view,0.0
U283,D007,snowy,-3.6,morning,8,5,social,snowy_-4_morning_social,view,0.0
U258,D106,rainy,12.0,evening,18,0,social,rainy_12_evening_social,view,0.0
U463,D024,snowy,-4.5,afternoon,13,4,social,snowy_-5_afternoon_social,view,0.0
U182,D078,cloudy,17.3,afternoon,15,3,recovery,cloudy_17_afternoon_recovery,view,0.0
U274,D020,stormy,10.7,afternoon,12,0,casual,stormy_11_afternoon_casual,view,0.0
U039,D052,cloudy,15.0,morning,10,0,pairing,cloudy_15_morning_pairing,view,0.0
U457,D027,rainy,8.4,evening,21,1,casual,rainy_8_evening_casual,rate,2.7
U447,D017,cloudy,18.7,morning,8,3,business,cloudy_19_morning_business,view,0.0
U337,D082,cloudy,19.1,evening,19,6,pairing,cloudy_19_evening_pairing,view,0.0
U397,D023,sunny,33.7,afternoon,14,3,celebration,sunny_34_afternoon_celebration,view,0.0
U436,D023,sunny,22.3,morning,11,4,pairing,sunny_22_morning_pairing,view,0.0
U290,D033,rainy,8.4,evening,21,1,casual,rainy_8_evening_casual,view,0.0
U147,D094,cloudy,19.1,evening,19,6,pairing,cloudy_19_evening_pairing,view,0.0
U121,D078,rainy,7.0,afternoon,16,2,social,rainy_7_afternoon_social,view,0.0
U018,D070,cloudy,15.0,morning,10,0,pairing,cloudy_15_morning_pairing,rate,1.0
U002,D097,rainy,12.0,evening,18,0,social,rainy_12_evening_social,view,0.0
U312,D107,snowy,0.3,morning,7,0,business,snowy_0_morning_business,view,0.0
U184,D066,rainy,10.1,morning,9,5,business,rainy_10_morning_business,view,0.0
U489,D028,cloudy,14.6,morning,8,4,pairing,cloudy_15_morning_pairing,view,0.0
U184,D041,stormy,12.8,evening,22,2,casual,stormy_13_evening_casual,view,0.0
U492,D004,cloudy,13.9,afternoon,12,5,casual,cloudy_14_afternoon_casual,view,0.0
U046,D056,sunny,23.4,evening,18,0,pairing,sunny_23_evening_pairing,view,0.0
U474,D077,stormy,14.5,evening,23,3,casual,stormy_15_evening_casual,rate,2.6
U349,D020,rainy,10.1,morning,9,5,business,rainy_10_morning_business,view,0.0
U178,D027,cloudy,10.4,afternoon,12,0,recovery,cloudy_10_afternoon_recovery,view,0.0
U277,D018,snowy,-4.2,evening,22,6,business,snowy_-4_evening_business,view,0.0
U294,D048,sunny,30.7,afternoon,15,3,social,sunny_31_afternoon_social,view,0.0
U469,D016,rainy,12.0,evening,18,0,social,rainy_12_evening_social,view,0.0
U201,D099,sunny,21.6,afternoon,17,3,recovery,sunny_22_afternoon_recovery,view,0.0
U140,D083,snowy,0.6,afternoon,14,0,pairing,snowy_1_afternoon_pairing,view,0.0
U248,D049,snowy,-4.5,afternoon,13,4,social,snowy_-5_afternoon_social,view,0.0
U064,D008,cloudy,16.7,morning,8,4,business,cloudy_17_morning_business,view,0.0
U256,D115,snowy,0.6,afternoon,14,1,social,snowy_1_afternoon_social,view,0.0
U198,D094,snowy,-4.5,afternoon,13,4,social,snowy_-5_afternoon_social,view,0.0
U015,D050,cloudy,14.6,morning,8,4,pairing,cloudy_15_morning_pairing,view,0.0
U104,D038,stormy,16.3,morning,11,5,pairing,stormy_16_morning_pairing,view,0.0
U496,D039,rainy,13.9,evening,20,3,recovery,rainy_14_evening_recovery,view,0.0
U135,D118,stormy,16.3,morning,11,5,pairing,stormy_16_morning_pairing,view,0.0
U291,D051,snowy,0.3,morning,7,0,business,snowy_0_morning_business,view,0.0
U095,D089,sunny,22.3,morning,11,4,pairing,sunny_22_morning_pairing,view,0.0
U405,D112,snowy,4.5,afternoon,16,4,social,snowy_5_afternoon_social,view,0.0
U008,D116,snowy,0.6,afternoon,14,0,pairing,snowy_1_afternoon_pairing,view,0.0
U244,D053,sunny,21.0,morning,10,2,recovery,sunny_21_morning_recovery,view,0.0
U023,D115,sunny,29.6,afternoon,16,0,recovery,sunny_30_afternoon_recovery,view,0.0
U099,D104,snowy,-1.7,morning,9,2,celebration,snowy_-2_morning_celebration,view,0.0
U244,D041,stormy,14.5,evening,23,3,casual,stormy_15_evening_casual,view,0.0
U231,D111,sunny,30.7,afternoon,15,3,social,sunny_31_afternoon_social,view,0.0
U436,D023,cloudy,18.7,morning,8,3,business,cloudy_19_morning_business,view,0.0
U072,D007,rainy,7.0,afternoon,16,2,social,rainy_7_afternoon_social,view,0.0
U062,D087,sunny,21.6,afternoon,17,3,recovery,sunny_22_afternoon_recovery,view,0.0
U229,D084,rainy,9.4,evening,20,2,business,rainy_9_evening_business,view,0.0
U079,D023,snowy,-1.7,morning,9,2,celebration,snowy_-2_morning_celebration,view,0.0
U477,D045,stormy,14.5,evening,23,3,casual,stormy_15_evening_casual,view,0.0
U285,D002,sunny,22.3,morning,11,4,pairing,sunny_22_morning_pairing,view,0.0
U434,D109,snowy,4.5,afternoon,16,4,social,snowy_5_afternoon_social,view,0.0
U180,D085,rainy,11.5,morning,10,0,casual,rainy_12_morning_casual,view,0.0
U175,D099,cloudy,17.3,afternoon,15,3,recovery,cloudy_17_afternoon_recovery,rate,1.3
U253,D018,snowy,4.5,afternoon,16,4,social,snowy_5_afternoon_social,view,0.0
U391,D044,snowy,-1.7,morning,9,2,celebration,snowy_-2_morning_celebration,view,0.0
U300,D107,stormy,12.8,evening,22,2,casual,stormy_13_evening_casual,view,0.0
U409,D031,snowy,0.6,afternoon,14,1,social,snowy_1_afternoon_social,view,0.0
U421,D027,rainy,12.4,evening,23,1,recovery,rainy_12_evening_recovery,view,0.0
U322,D114,sunny,21.0,morning,10,2,recovery,sunny_21_morning_recovery,view,0.0
U245,D044,snowy,-1.7,morning,9,2,celebration,snowy_-2_morning_celebration,rate,3.7
U247,D056,cloudy,13.9,afternoon,12,5,casual,cloudy_14_afternoon_casual,view,0.0
U203,D119,cloudy,19.7,afternoon,12,3,casual,cloudy_20_afternoon_casual,view,0.0
U013,D071,rainy,12.0,evening,18,0,social,rainy_12_evening_social,view,0.0
U321,D011,cloudy,17.3,afternoon,15,3,recovery,cloudy_17_afternoon_recovery,view,0.0
U236,D063,rainy,11.5,morning,10,0,casual,rainy_12_morning_casual,view,0.0
U250,D012,cloudy,13.9,afternoon,12,5,casual,cloudy_14_afternoon_casual,view,0.0
U298,D083,stormy,16.2,afternoon,17,0,casual,stormy_16_afternoon_casual,view,0.0
U361,D027,cloudy,11.9,morning,7,1,social,cloudy_12_morning_social,view,0.0
U116,D049,snowy,-1.7,morning,9,2,celebration,snowy_-2_morning_celebration,view,0.0
U348,D112,snowy,-4.5,afternoon,13,4,social,snowy_-5_afternoon_social,view,0.0
U026,D084,cloudy,10.4,afternoon,12,0,recovery,cloudy_10_afternoon_recovery,view,0.0
U217,D072,stormy,16.2,afternoon,17,0,casual,stormy_16_afternoon_casual,view,0.0
U244,D030,rainy,10.1,morning,9,5,business,rainy_10_morning_business,view,0.0
U267,D031,cloudy,17.3,afternoon,15,3,recovery,cloudy_17_afternoon_recovery,view,0.0
U268,D118,rainy,7.0,afternoon,16,2,social,rainy_7_afternoon_social,view,0.0
U247,D036,stormy,10.7,afternoon,12,0,casual,stormy_11_afternoon_casual,view,0.0
U406,D102,cloudy,14.6,morning,8,4,pairing,cloudy_15_morning_pairing,view,0.0
U139,D024,snowy,-3.6,morning,8,5,social,snowy_-4_morning_social,view,0.0
U250,D066,rainy,10.1,morning,9,5,business,rainy_10_morning_business,view,0.0
U307,D044,sunny,23.4,evening,18,0,pairing,sunny_23_evening_pairing,rate,2.2
U396,D082,snowy,0.6,afternoon,14,1,social,snowy_1_afternoon_social,rate,1.8
U309,D056,stormy,16.3,morning,11,5,pairing,stormy_16_morning_pairing,view,0.0
U226,D072,sunny,26.0,afternoon,12,1,casual,sunny_26_afternoon_casual,view,0.0
U033,D023,rainy,12.4,evening,23,1,recovery,rainy_12_evening_recovery,view,0.0
U049,D078,rainy,10.1,morning,9,5,business,rainy_10_morning_business,view,0.0
U358,D060,snowy,-4.2,evening,22,6,business,snowy_-4_evening_business,view,0.0
U193,D032,snowy,-4.5,afternoon,13,4,social,snowy_-5_afternoon_social,view,0.0
U146,D094,rainy,12.4,evening,23,1,recovery,rainy_12_evening_recovery,view,0.0
U386,D083,snowy,0.3,morning,7,0,business,snowy_0_morning_business,view,0.0
U281,D050,rainy,10.1,morning,9,5,business,rainy_10_morning_business,view,0.0
U084,D087,cloudy,13.9,afternoon,12,5,casual,cloudy_14_afternoon_casual,view,0.0
U314,D094,sunny,22.3,morning,11,4,pairing,sunny_22_morning_pairing,view,0.0
U164,D064,cloudy,18.7,morning,8,3,business,cloudy_19_morning_business,view,0.0
U344,D078,stormy,15.1,morning,10,6,social,stormy_15_morning_social,view,0.0
U287,D066,snowy,0.6,afternoon,14,0,pairing,snowy_1_afternoon_pairing,view,0.0
U055,D084,rainy,10.1,morning,9,5,business,rainy_10_morning_business,view,0.0
U025,D003,stormy,16.2,afternoon,17,0,casual,stormy_16_afternoon_casual,view,0.0
U282,D040,cloudy,18.2,afternoon,17,1,business,cloudy_18_afternoon_business,view,0.0
U263,D094,cloudy,13.9,afternoon,12,5,casual,cloudy_14_afternoon_casual,view,0.0
U231,D035,stormy,16.3,morning,11,5,pairing,stormy_16_morning_pairing,view,0.0
U078,D038,rainy,13.9,evening,20,3,recovery,rainy_14_evening_recovery,view,0.0
U462,D100,cloudy,18.2,afternoon,17,1,business,cloudy_18_afternoon_business,view,0.0
U405,D092,rainy,9.4,evening,20,2,business,rainy_9_evening_business,view,0.0
U383,D015,sunny,26.0,afternoon,12,1,casual,sunny_26_afternoon_casual,purchase,1.0
U047,D099,rainy,10.1,morning,9,5,business,rainy_10_morning_business,view,0.0
U388,D026,snowy,-3.2,morning,9,1,business,snowy_-3_morning_business,view,0.0
U291,D010,snowy,0.6,afternoon,14,0,pairing,snowy_1_afternoon_pairing,view,0.0
U171,D021,snowy,-4.5,afternoon,13,4,social,snowy_-5_afternoon_social,view,0.0
U126,D085,sunny,21.0,morning,10,2,recovery,sunny_21_morning_recovery,view,0.0
U172,D096,stormy,16.2,afternoon,17,0,casual,stormy_16_afternoon_casual,view,0.0
U373,D018,sunny,21.0,morning,10,2,recovery,sunny_21_morning_recovery,view,0.0
U500,D098,rainy,13.9,evening,20,3,recovery,rainy_14_evening_recovery,view,0.0
U249,D024,stormy,16.3,morning,11,5,pairing,stormy_16_morning_pairing,view,0.0
U224,D120,rainy,9.4,evening,20,2,business,rainy_9_evening_business,rate,3.4
U499,D059,cloudy,18.7,morning,8,3,business,cloudy_19_morning_business,rate,1.6
U023,D086,cloudy,19.7,afternoon,12,3,casual,cloudy_20_afternoon_casual,view,0.0
U303,D041,snowy,0.3,morning,7,0,business,snowy_0_morning_business,view,0.0
U461,D109,snowy,4.5,afternoon,16,4,social,snowy_5_afternoon_social,view,0.0
U280,D100,stormy,12.8,evening,22,2,casual,stormy_13_evening_casual,view,0.0
U028,D026,cloudy,19.1,evening,19,6,pairing,cloudy_19_evening_pairing,view,0.0
U091,D006,snowy,-2.5,morning,7,2,casual,snowy_-2_morning_casual,view,0.0
U419,D100,rainy,13.9,evening,20,3,recovery,rainy_14_evening_recovery,view,0.0
U489,D038,sunny,21.6,afternoon,17,3,recovery,sunny_22_afternoon_recovery,view,0.0
U043,D103,sunny,29.6,afternoon,16,0,recovery,sunny_30_afternoon_recovery,view,0.0
U068,D100,cloudy,14.1,evening,23,6,business,cloudy_14_evening_business,purchase,1.0
U462,D011,sunny,21.6,afternoon,17,3,recovery,sunny_22_afternoon_recovery,rate,2.5
U408,D059,snowy,-4.2,evening,22,6,business,snowy_-4_evening_business,view,0.0
U292,D039,rainy,12.0,evening,18,0,social,rainy_12_evening_social,rate,3.5
U262,D098,stormy,14.5,evening,23,3,casual,stormy_15_evening_casual,view,0.0
U455,D027,cloudy,10.4,afternoon,12,0,recovery,cloudy_10_afternoon_recovery,view,0.0
U425,D079,cloudy,10.4,afternoon,12,0,recovery,cloudy_10_afternoon_recovery,view,0.0
U012,D087,cloudy,14.1,evening,23,6,business,cloudy_14_evening_business,view,0.0
U266,D094,rainy,13.9,evening,20,3,recovery,rainy_14_evening_recovery,view,0.0
U333,D054,sunny,21.6,afternoon,17,3,recovery,sunny_22_afternoon_recovery,view,0.0
U493,D009,rainy,12.4,evening,23,1,recovery,rainy_12_evening_recovery,view,0.0
U357,D073,stormy,14.5,evening,23,3,casual,stormy_15_evening_casual,rate,1.6
U439,D120,snowy,0.3,morning,7,0,business,snowy_0_morning_business,view,0.0
U352,D071,cloudy,19.5,morning,10,1,celebration,cloudy_19_morning_celebration,view,0.0
U050,D047,rainy,8.4,evening,21,1,casual,rainy_8_evening_casual,view,0.0
U339,D051,stormy,15.1,morning,10,6,social,stormy_15_morning_social,view,0.0
U156,D019,cloudy,12.4,evening,18,6,pairing,cloudy_12_evening_pairing,rate,3.9
U481,D051,cloudy,14.6,morning,8,4,pairing,cloudy_15_morning_pairing,view,0.0
U171,D069,cloudy,13.9,afternoon,12,5,casual,cloudy_14_afternoon_casual,view,0.0
U376,D058,stormy,14.5,evening,23,3,casual,stormy_15_evening_casual,rate,3.5
U154,D018,snowy,-1.7,morning,9,2,celebration,snowy_-2_morning_celebration,view,0.0
U369,D084,rainy,12.0,evening,18,0,social,rainy_12_evening_social,view,0.0
U254,D091,snowy,-4.5,afternoon,13,4,social,snowy_-5_afternoon_social,view,0.0
U098,D045,cloudy,16.7,morning,8,4,business,cloudy_17_morning_business,view,0.0
U059,D062,cloudy,18.7,morning,8,3,business,cloudy_19_morning_business,view,0.0
U310,D057,sunny,22.3,morning,11,4,pairing,sunny_22_morning_pairing,view,0.0
U060,D073,sunny,30.7,afternoon,15,3,social,sunny_31_afternoon_social,view,0.0
U494,D055,rainy,12.0,evening,18,0,social,rainy_12_evening_social,view,0.0
U311,D025,stormy,15.1,morning,10,6,social,stormy_15_morning_social,view,0.0
U429,D073,snowy,-4.5,afternoon,13,4,social,snowy_-5_afternoon_social,view,0.0
U065,D069,snowy,0.6,afternoon,14,1,social,snowy_1_afternoon_social,view,0.0
U412,D045,stormy,15.1,morning,10,6,social,stormy_15_morning_social,rate,3.4
U027,D038,rainy,14.4,morning,11,1,recovery,rainy_14_morning_recovery,view,0.0
U320,D030,snowy,-2.1,afternoon,16,2,casual,snowy_-2_afternoon_casual,view,0.0
U190,D012,cloudy,12.4,evening,18,6,pairing,cloudy_12_evening_pairing,view,0.0
U213,D038,sunny,21.0,morning,10,2,recovery,sunny_21_morning_recovery,view,0.0
U360,D015,snowy,-2.1,afternoon,16,2,casual,snowy_-2_afternoon_casual,view,0.0
U112,D102,sunny,21.0,morning,10,2,recovery,sunny_21_morning_recovery,view,0.0
U499,D018,rainy,11.5,morning,10,0,casual,rainy_12_morning_casual,view,0.0
U140,D075,snowy,0.6,afternoon,14,0,pairing,snowy_1_afternoon_pairing,view,0.0
U468,D073,snowy,4.5,afternoon,16,4,social,snowy_5_afternoon_social,view,0.0
U255,D063,sunny,21.0,morning,10,2,recovery,sunny_21_morning_recovery,view,0.0
U246,D083,cloudy,14.1,evening,23,6,business,cloudy_14_evening_business,view,0.0
U366,D116,cloudy,19.5,morning,10,1,celebration,cloudy_19_morning_celebration,view,0.0
U219,D091,snowy,-4.2,evening,22,6,business,snowy_-4_evening_business,view,0.0
U027,D046,sunny,26.1,evening,22,1,recovery,sunny_26_evening_recovery,view,0.0
U223,D096,sunny,29.6,afternoon,16,0,recovery,sunny_30_afternoon_recovery,view,0.0
U227,D095,sunny,23.4,evening,18,0,pairing,sunny_23_evening_pairing,view,0.0
U429,D041,snowy,0.6,afternoon,14,1,social,snowy_1_afternoon_social,view,0.0
U191,D079,rainy,12.4,evening,23,1,recovery,rainy_12_evening_recovery,rate,3.4
U450,D090,rainy,10.1,morning,9,5,business,rainy_10_morning_business,view,0.0
U098,D008,stormy,12.8,evening,22,2,casual,stormy_13_evening_casual,rate,4.6
U120,D092,rainy,8.4,evening,21,1,casual,rainy_8_evening_casual,view,0.0
U198,D084,sunny,23.4,evening,18,0,pairing,sunny_23_evening_pairing,view,0.0
U071,D008,snowy,0.6,afternoon,14,1,social,snowy_1_afternoon_social,view,0.0
U052,D045,rainy,11.5,morning,10,0,casual,rainy_12_morning_casual,view,0.0
U465,D117,cloudy,18.2,afternoon,17,1,business,cloudy_18_afternoon_business,view,0.0
U495,D103,cloudy,13.9,afternoon,12,5,casual,cloudy_14_afternoon_casual,view,0.0
U179,D101,snowy,-2.5,morning,7,2,casual,snowy_-2_morning_casual,view,0.0
U201,D006,rainy,12.4,evening,23,1,recovery,rainy_12_evening_recovery,view,0.0
U220,D030,stormy,12.8,evening,22,2,casual,stormy_13_evening_casual,view,0.0
U036,D072,cloudy,14.1,evening,23,6,business,cloudy_14_evening_business,view,0.0
U393,D065,rainy,12.4,evening,23,1,recovery,rainy_12_evening_recovery,view,0.0
U032,D098,cloudy,19.7,afternoon,12,3,casual,cloudy_20_afternoon_casual,view,0.0
U334,D054,snowy,0.3,morning,7,0,business,snowy_0_morning_business,view,0.0
U311,D029,snowy,0.3,morning,7,0,business,snowy_0_morning_business,view,0.0
U347,D009,rainy,11.5,morning,10,0,casual,rainy_12_morning_casual,view,0.0
U092,D052,sunny,30.7,afternoon,15,3,social,sunny_31_afternoon_social,view,0.0
U372,D064,snowy,-2.1,afternoon,16,2,casual,snowy_-2_afternoon_casual,view,0.0
U196,D078,snowy,-4.2,evening,22,6,business,snowy_-4_evening_business,view,0.0
U472,D080,sunny,33.7,afternoon,14,3,celebration,sunny_34_afternoon_celebration,rate,3.6
U342,D086,snowy,-3.2,morning,9,1,business,snowy_-3_morning_business,view,0.0
U174,D047,snowy,-4.5,afternoon,13,4,social,snowy_-5_afternoon_social,view,0.0
U197,D002,cloudy,11.9,morning,7,1,social,cloudy_12_morning_social,view,0.0
U182,D027,sunny,23.4,evening,18,0,pairing,sunny_23_evening_pairing,view,0.0
U047,D043,snowy,4.5,afternoon,16,4,social,snowy_5_afternoon_social,view,0.0
U001,D072,rainy,12.0,evening,18,0,social,rainy_12_evening_social,view,0.0
U342,D082,cloudy,16.7,morning,8,4,business,cloudy_17_morning_business,view,0.0
U147,D089,sunny,29.6,afternoon,16,0,recovery,sunny_30_afternoon_recovery,purchase,1.0
U418,D039,rainy,13.9,evening,20,3,recovery,rainy_14_evening_recovery,view,0.0
U263,D101,snowy,0.3,morning,7,0,business,snowy_0_morning_business,rate,2.7
U234,D024,stormy,15.1,morning,10,6,social,stormy_15_morning_social,view,0.0
U494,D090,rainy,13.9,evening,20,3,recovery,rainy_14_evening_recovery,view,0.0
U206,D002,snowy,0.6,afternoon,14,0,pairing,snowy_1_afternoon_pairing,view,0.0
U457,D071,snowy,0.6,afternoon,14,0,pairing,snowy_1_afternoon_pairing,view,0.0
U118,D009,cloudy,16.7,morning,8,4,business,cloudy_17_morning_business,view,0.0
U240,D073,cloudy,12.4,evening,18,6,pairing,cloudy_12_evening_pairing,view,0.0
U081,D084,cloudy,14.6,morning,8,4,pairing,cloudy_15_morning_pairing,view,0.0
U263,D092,cloudy,19.5,morning,10,1,celebration,cloudy_19_morning_celebration,view,0.0
U300,D039,stormy,16.3,morning,11,5,pairing,stormy_16_morning_pairing,view,0.0
U281,D105,rainy,12.4,evening,23,1,recovery,rainy_12_evening_recovery,view,0.0
U342,D113,stormy,10.7,afternoon,12,0,casual,stormy_11_afternoon_casual,view,0.0
U098,D062,stormy,14.5,evening,23,3,casual,stormy_15_evening_casual,view,0.0
U146,D088,snowy,-1.7,morning,9,2,celebration,snowy_-2_morning_celebration,view,0.0
U347,D014,snowy,0.6,afternoon,14,0,pairing,snowy_1_afternoon_pairing,view,0.0
U245,D056,snowy,-3.2,morning,9,1,business,snowy_-3_morning_business,view,0.0
U311,D028,rainy,8.4,evening,21,1,casual,rainy_8_evening_casual,view,0.0
U474,D036,sunny,29.6,afternoon,16,0,recovery,sunny_30_afternoon_recovery,view,0.0
U017,D071,snowy,0.6,afternoon,14,0,pairing,snowy_1_afternoon_pairing,view,0.0
U147,D103,rainy,8.4,evening,21,1,casual,rainy_8_evening_casual,view,0.0
U433,D080,stormy,16.3,morning,11,5,pairing,stormy_16_morning_pairing,view,0.0
U487,D091,sunny,22.3,morning,11,4,pairing,sunny_22_morning_pairing,rate,4.0
U410,D056,rainy,10.1,morning,9,5,business,rainy_10_morning_business,view,0.0
U281,D100,rainy,14.4,morning,11,1,recovery,rainy_14_morning_recovery,view,0.0
U288,D082,rainy,10.1,morning,9,5,business,rainy_10_morning_business,view,0.0
U106,D061,sunny,33.7,afternoon,14,3,celebration,sunny_34_afternoon_celebration,view,0.0
U123,D088,sunny,26.1,evening,22,1,recovery,sunny_26_evening_recovery,view,0.0
U411,D040,snowy,4.5,afternoon,16,4,social,snowy_5_afternoon_social,view,0.0
U452,D071,snowy,0.6,afternoon,14,1,social,snowy_1_afternoon_social,view,0.0
U354,D023,cloudy,19.7,afternoon,12,3,casual,cloudy_20_afternoon_casual,view,0.0
U441,D051,rainy,12.4,evening,23,1,recovery,rainy_12_evening_recovery,view,0.0
U139,D052,stormy,10.7,afternoon,12,0,casual,stormy_11_afternoon_casual,view,0.0
U190,D091,sunny,33.7,afternoon,14,3,celebration,sunny_34_afternoon_celebration,view,0.0
U352,D008,sunny,21.6,afternoon,17,3,recovery,sunny_22_afternoon_recovery,view,0.0
U198,D044,snowy,-4.2,evening,22,6,business,snowy_-4_evening_business,view,0.0
U149,D086,snowy,-1.7,morning,9,2,celebration,snowy_-2_morning_celebration,view,0.0
U458,D116,sunny,21.6,afternoon,17,3,recovery,sunny_22_afternoon_recovery,view,0.0
U401,D030,stormy,15.1,morning,10,6,social,stormy_15_morning_social,view,0.0
U238,D019,sunny,21.0,morning,10,2,recovery,sunny_21_morning_recovery,view,0.0
U360,D085,sunny,22.3,morning,11,4,pairing,sunny_22_morning_pairing,view,0.0
U429,D049,cloudy,19.5,morning,10,1,celebration,cloudy_19_morning_celebration,view,0.0
U081,D065,rainy,11.5,morning,10,0,casual,rainy_12_morning_casual,view,0.0
U154,D002,cloudy,15.0,morning,10,0,pairing,cloudy_15_morning_pairing,view,0.0
U374,D005,rainy,11.5,morning,10,0,casual,rainy_12_morning_casual,view,0.0
U099,D094,snowy,0.6,afternoon,14,0,pairing,snowy_1_afternoon_pairing,view,0.0
U143,D061,rainy,12.0,evening,18,0,social,rainy_12_evening_social,view,0.0
U300,D042,rainy,8.4,evening,21,1,casual,rainy_8_evening_casual,rate,3.0
U131,D009,stormy,18.3,morning,8,5,casual,stormy_18_morning_casual,view,0.0
U470,D042,rainy,8.4,evening,21,1,casual,rainy_8_evening_casual,view,0.0
U059,D021,rainy,13.9,evening,20,3,recovery,rainy_14_evening_recovery,view,0.0
U319,D073,stormy,16.2,afternoon,17,0,casual,stormy_16_afternoon_casual,view,0.0
U129,D117,snowy,-1.7,morning,9,2,celebration,snowy_-2_morning_celebration,view,0.0
U318,D054,snowy,-4.2,evening,22,6,business,snowy_-4_evening_business,view,0.0
U261,D113,cloudy,16.7,morning,8,4,business,cloudy_17_morning_business,view,0.0
U070,D032,snowy,0.6,afternoon,14,0,pairing,snowy_1_afternoon_pairing,rate,3.4
U247,D098,sunny,23.4,evening,18,0,pairing,sunny_23_evening_pairing,view,0.0
U108,D080,cloudy,18.2,afternoon,17,1,business,cloudy_18_afternoon_business,view,0.0
U308,D005,stormy,18.3,morning,8,5,casual,stormy_18_morning_casual,view,0.0
U291,D035,cloudy,16.7,morning,8,4,business,cloudy_17_morning_business,view,0.0
U439,D075,cloudy,15.0,morning,10,0,pairing,cloudy_15_morning_pairing,view,0.0
U237,D117,stormy,14.5,evening,23,3,casual,stormy_15_evening_casual,view,0.0
U106,D098,rainy,14.4,morning,11,1,recovery,rainy_14_morning_recovery,view,0.0
U452,D020,snowy,0.6,afternoon,14,1,social,snowy_1_afternoon_social,view,0.0
U358,D025,rainy,14.4,morning,11,1,recovery,rainy_14_morning_recovery,view,0.0
U301,D041,cloudy,18.2,afternoon,17,1,business,cloudy_18_afternoon_business,view,0.0
U270,D021,snowy,-4.5,afternoon,13,4,social,snowy_-5_afternoon_social,view,0.0
U373,D114,rainy,8.4,evening,21,1,casual,rainy_8_evening_casual,view,0.0
U265,D111,cloudy,14.6,morning,8,4,pairing,cloudy_15_morning_pairing,view,0.0
U213,D015,stormy,14.5,evening,23,3,casual,stormy_15_evening_casual,view,0.0
U129,D096,cloudy,18.7,morning,8,3,business,cloudy_19_morning_business,view,0.0
U222,D086,sunny,33.7,afternoon,14,3,celebration,sunny_34_afternoon_celebration,view,0.0
U135,D050,sunny,29.6,afternoon,16,0,recovery,sunny_30_afternoon_recovery,rate,1.2
U050,D061,sunny,22.3,morning,11,4,pairing,sunny_22_morning_pairing,view,0.0
U459,D104,stormy,16.2,afternoon,17,0,casual,stormy_16_afternoon_casual,view,0.0
U203,D005,cloudy,18.7,morning,8,3,business,cloudy_19_morning_business,view,0.0
U036,D079,cloudy,19.5,morning,10,1,celebration,cloudy_19_morning_celebration,view,0.0
U162,D056,stormy,10.7,afternoon,12,0,casual,stormy_11_afternoon_casual,view,0.0
U440,D017,rainy,13.9,evening,20,3,recovery,rainy_14_evening_recovery,view,0.0
U210,D115,snowy,-2.1,afternoon,16,2,casual,snowy_-2_afternoon_casual,view,0.0
U078,D056,rainy,12.0,evening,18,0,social,rainy_12_evening_social,view,0.0
U018,D080,stormy,10.7,afternoon,12,0,casual,stormy_11_afternoon_casual,purchase,1.0
U482,D010,stormy,16.2,afternoon,17,0,casual,stormy_16_afternoon_casual,view,0.0
U083,D109,sunny,26.0,afternoon,12,1,casual,sunny_26_afternoon_casual,view,0.0
U398,D004,cloudy,14.1,evening,23,6,business,cloudy_14_evening_business,view,0.0
U093,D099,cloudy,18.2,afternoon,17,1,business,cloudy_18_afternoon_business,view,0.0
U472,D099,sunny,26.0,afternoon,12,1,casual,sunny_26_afternoon_casual,view,0.0
U120,D068,rainy,9.4,evening,20,2,business,rainy_9_evening_business,view,0.0
U446,D061,cloudy,14.1,evening,23,6,business,cloudy_14_evening_business,view,0.0
U158,D051,sunny,30.7,afternoon,15,3,social,sunny_31_afternoon_social,view,0.0
U033,D105,cloudy,18.7,morning,8,3,business,cloudy_19_morning_business,view,0.0
U338,D019,cloudy,14.6,morning,8,4,pairing,cloudy_15_morning_pairing,view,0.0
U216,D079,sunny,22.3,morning,11,4,pairing,sunny_22_morning_pairing,view,0.0
U180,D116,rainy,14.4,morning,11,1,recovery,rainy_14_morning_recovery,view,0.0
U005,D041,sunny,26.0,afternoon,12,1,casual,sunny_26_afternoon_casual,view,0.0
U117,D101,stormy,18.3,morning,8,5,casual,stormy_18_morning_casual,view,0.0
U013,D014,stormy,14.5,evening,23,3,casual,stormy_15_evening_casual,view,0.0
U466,D115,sunny,26.0,afternoon,12,1,casual,sunny_26_afternoon_casual,view,0.0
U010,D071,sunny,29.6,afternoon,16,0,recovery,sunny_30_afternoon_recovery,view,0.0
U271,D016,rainy,7.0,afternoon,16,2,social,rainy_7_afternoon_social,view,0.0
U082,D031,sunny,26.0,afternoon,12,1,casual,sunny_26_afternoon_casual,view,0.0
U148,D049,sunny,29.6,afternoon,16,0,recovery,sunny_30_afternoon_recovery,view,0.0
U106,D097,cloudy,18.2,afternoon,17,1,business,cloudy_18_afternoon_business,view,0.0
U100,D061,sunny,33.7,afternoon,14,3,celebration,sunny_34_afternoon_celebration,view,0.0
U008,D040,cloudy,15.0,morning,10,0,pairing,cloudy_15_morning_pairing,rate,1.2
U390,D092,snowy,0.6,afternoon,14,0,pairing,snowy_1_afternoon_pairing,view,0.0
U416,D045,snowy,-1.7,morning,9,2,celebration,snowy_-2_morning_celebration,view,0.0
U009,D075,cloudy,19.1,evening,19,6,pairing,cloudy_19_evening_pairing,view,0.0
U177,D002,snowy,-3.6,morning,8,5,social,snowy_-4_morning_social,view,0.0
U419,D015,cloudy,19.7,afternoon,12,3,casual,cloudy_20_afternoon_casual,purchase,1.0
U348,D062,cloudy,11.9,morning,7,1,social,cloudy_12_morning_social,view,0.0
U212,D092,cloudy,10.4,afternoon,12,0,recovery,cloudy_10_afternoon_recovery,view,0.0
U348,D001,stormy,16.2,afternoon,17,0,casual,stormy_16_afternoon_casual,view,0.0
U366,D034,stormy,12.8,evening,22,2,casual,stormy_13_evening_casual,view,0.0
U333,D115,stormy,16.2,afternoon,17,0,casual,stormy_16_afternoon_casual,view,0.0
U127,D075,cloudy,13.9,afternoon,12,5,casual,cloudy_14_afternoon_casual,view,0.0
U186,D050,cloudy,18.2,afternoon,17,1,business,cloudy_18_afternoon_business,view,0.0
U330,D086,stormy,10.7,afternoon,12,0,casual,stormy_11_afternoon_casual,rate,2.0
U472,D036,cloudy,15.0,morning,10,0,pairing,cloudy_15_morning_pairing,view,0.0
U250,D110,stormy,12.8,evening,22,2,casual,stormy_13_evening_casual,view,0.0
U442,D036,cloudy,17.3,afternoon,15,3,recovery,cloudy_17_afternoon_recovery,view,0.0
U277,D064,snowy,-3.2,morning,9,1,business,snowy_-3_morning_business,view,0.0
U478,D095,stormy,16.3,morning,11,5,pairing,stormy_16_morning_pairing,rate,1.5
U186,D025,stormy,16.2,afternoon,17,0,casual,stormy_16_afternoon_casual,view,0.0
U115,D091,stormy,14.5,evening,23,3,casual,stormy_15_evening_casual,view,0.0
U484,D105,cloudy,14.6,morning,8,4,pairing,cloudy_15_morning_pairing,view,0.0
U495,D115,snowy,-4.5,afternoon,13,4,social,snowy_-5_afternoon_social,view,0.0
U295,D006,cloudy,19.5,morning,10,1,celebration,cloudy_19_morning_celebration,rate,3.2
U403,D063,sunny,23.4,evening,18,0,pairing,sunny_23_evening_pairing,view,0.0
U010,D107,cloudy,19.1,evening,19,6,pairing,cloudy_19_evening_pairing,view,0.0
U387,D018,cloudy,10.4,afternoon,12,0,recovery,cloudy_10_afternoon_recovery,view,0.0
U186,D093,cloudy,16.7,morning,8,4,business,cloudy_17_morning_business,rate,2.0
U266,D021,sunny,21.6,afternoon,17,3,recovery,sunny_22_afternoon_recovery,rate,2.6
U047,D023,sunny,29.6,afternoon,16,0,recovery,sunny_30_afternoon_recovery,view,0.0
U132,D116,cloudy,18.7,morning,8,3,business,cloudy_19_morning_business,view,0.0
U341,D053,rainy,7.0,afternoon,16,2,social,rainy_7_afternoon_social,view,0.0
U079,D057,rainy,9.4,evening,20,2,business,rainy_9_evening_business,view,0.0
U147,D044,snowy,4.5,afternoon,16,4,social,snowy_5_afternoon_social,view,0.0
U109,D026,sunny,26.0,afternoon,12,1,casual,sunny_26_afternoon_casual,view,0.0
U333,D092,rainy,10.1,morning,9,5,business,rainy_10_morning_business,view,0.0
U172,D084,sunny,26.0,afternoon,12,1,casual,sunny_26_afternoon_casual,view,0.0
U187,D042,sunny,22.3,morning,11,4,pairing,sunny_22_morning_pairing,view,0.0
U041,D108,rainy,11.5,morning,10,0,casual,rainy_12_morning_casual,view,0.0
U335,D032,stormy,14.5,evening,23,3,casual,stormy_15_evening_casual,view,0.0
U173,D093,cloudy,15.0,morning,10,0,pairing,cloudy_15_morning_pairing,view,0.0
U210,D112,rainy,13.9,evening,20,3,recovery,rainy_14_evening_recovery,view,0.0
U481,D023,stormy,16.3,morning,11,5,pairing,stormy_16_morning_pairing,view,0.0
U280,D017,sunny,23.4,evening,18,0,pairing,sunny_23_evening_pairing,view,0.0
U348,D102,cloudy,16.7,morning,8,4,business,cloudy_17_morning_business,view,0.0
U015,D114,sunny,29.6,afternoon,16,0,recovery,sunny_30_afternoon_recovery,view,0.0
U149,D119,cloudy,18.2,afternoon,17,1,business,cloudy_18_afternoon_business,view,0.0
U113,D032,sunny,21.0,morning,10,2,recovery,sunny_21_morning_recovery,rate,2.5
U218,D098,rainy,10.1,morning,9,5,business,rainy_10_morning_business,view,0.0
U290,D036,cloudy,19.5,morning,10,1,celebration,cloudy_19_morning_celebration,view,0.0
U158,D077,cloudy,12.4,evening,18,6,pairing,cloudy_12_evening_pairing,view,0.0
U419,D013,snowy,-4.5,afternoon,13,4,social,snowy_-5_afternoon_social,view,0.0
U265,D109,cloudy,19.1,evening,19,6,pairing,cloudy_19_evening_pairing,view,0.0
U373,D104,snowy,-3.6,morning,8,5,social,snowy_-4_morning_social,view,0.0
U412,D023,stormy,16.3,morning,11,5,pairing,stormy_16_morning_pairing,view,0.0
U391,D105,snowy,-3.2,morning,9,1,business,snowy_-3_morning_business,view,0.0
U302,D015,snowy,-3.6,morning,8,5,social,snowy_-4_morning_social,view,0.0
U472,D116,rainy,8.4,evening,21,1,casual,rainy_8_evening_casual,view,0.0
U190,D051,rainy,14.4,morning,11,1,recovery,rainy_14_morning_recovery,view,0.0
U468,D024,cloudy,17.3,afternoon,15,3,recovery,cloudy_17_afternoon_recovery,view,0.0
U031,D006,snowy,-2.5,morning,7,2,casual,snowy_-2_morning_casual,view,0.0
U067,D075,snowy,-3.6,morning,8,5,social,snowy_-4_morning_social,view,0.0
U370,D097,snowy,0.6,afternoon,14,0,pairing,snowy_1_afternoon_pairing,view,0.0
U394,D033,stormy,12.8,evening,22,2,casual,stormy_13_evening_casual,rate,2.7
U300,D013,sunny,30.7,afternoon,15,3,social,sunny_31_afternoon_social,rate,3.1
U480,D109,rainy,11.5,morning,10,0,casual,rainy_12_morning_casual,view,0.0
U149,D111,snowy,-3.2,morning,9,1,business,snowy_-3_morning_business,view,0.0
U060,D051,sunny,21.0,morning,10,2,recovery,sunny_21_morning_recovery,view,0.0
U245,D006,snowy,0.6,afternoon,14,1,social,snowy_1_afternoon_social,view,0.0
U186,D078,cloudy,17.3,afternoon,15,3,recovery,cloudy_17_afternoon_recovery,view,0.0
U290,D056,stormy,18.3,morning,8,5,casual,stormy_18_morning_casual,view,0.0
U190,D006,cloudy,17.3,afternoon,15,3,recovery,cloudy_17_afternoon_recovery,view,0.0
U405,D002,stormy,15.1,morning,10,6,social,stormy_15_morning_social,view,0.0
U312,D096,rainy,13.9,evening,20,3,recovery,rainy_14_evening_recovery,view,0.0
U326,D023,cloudy,11.9,morning,7,1,social,cloudy_12_morning_social,view,0.0
U128,D078,rainy,11.5,morning,10,0,casual,rainy_12_morning_casual,view,0.0
U305,D034,sunny,22.3,morning,11,4,pairing,sunny_22_morning_pairing,view,0.0
U022,D031,cloudy,14.6,morning,8,4,pairing,cloudy_15_morning_pairing,view,0.0
U272,D020,cloudy,19.7,afternoon,12,3,casual,cloudy_20_afternoon_casual,view,0.0
U114,D019,snowy,0.6,afternoon,14,0,pairing,snowy_1_afternoon_pairing,view,0.0
U453,D011,snowy,-4.5,afternoon,13,4,social,snowy_-5_afternoon_social,view,0.0
U301,D068,cloudy,18.7,morning,8,3,business,cloudy_19_morning_business,view,0.0
U343,D015,rainy,8.4,evening,21,1,casual,rainy_8_evening_casual,view,0.0
U352,D074,stormy,16.3,morning,11,5,pairing,stormy_16_morning_pairing,view,0.0
U142,D063,stormy,10.7,afternoon,12,0,casual,stormy_11_afternoon_casual,view,0.0
U112,D079,snowy,-4.5,afternoon,13,4,social,snowy_-5_afternoon_social,view,0.0
U183,D119,snowy,-3.2,morning,9,1,business,snowy_-3_morning_business,view,0.0
U234,D042,sunny,23.4,evening,18,0,pairing,sunny_23_evening_pairing,view,0.0
U144,D073,snowy,0.3,morning,7,0,business,snowy_0_morning_business,view,0.0
U415,D073,stormy,12.8,evening,22,2,casual,stormy_13_evening_casual,view,0.0
U246,D090,stormy,14.5,evening,23,3,casual,stormy_15_evening_casual,view,0.0
U211,D111,snowy,0.6,afternoon,14,0,pairing,snowy_1_afternoon_pairing,view,0.0
U086,D055,snowy,0.6,afternoon,14,1,social,snowy_1_afternoon_social,view,0.0
U446,D108,snowy,0.6,afternoon,14,0,pairing,snowy_1_afternoon_pairing,view,0.0
U392,D001,cloudy,11.9,morning,7,1,social,cloudy_12_morning_social,view,0.0
U228,D117,stormy,18.3,morning,8,5,casual,stormy_18_morning_casual,view,0.0
U024,D047,snowy,-2.1,afternoon,16,2,casual,snowy_-2_afternoon_casual,view,0.0
U461,D005,cloudy,13.9,afternoon,12,5,casual,cloudy_14_afternoon_casual,view,0.0
U338,D046,stormy,16.2,afternoon,17,0,casual,stormy_16_afternoon_casual,rate,4.1
U473,D093,cloudy,11.9,morning,7,1,social,cloudy_12_morning_social,view,0.0
U437,D012,sunny,33.7,afternoon,14,3,celebration,sunny_34_afternoon_celebration,view,0.0
U437,D064,cloudy,19.1,evening,19,6,pairing,cloudy_19_evening_pairing,view,0.0
U113,D017,snowy,0.6,afternoon,14,0,pairing,snowy_1_afternoon_pairing,view,0.0
U424,D095,snowy,-3.6,morning,8,5,social,snowy_-4_morning_social,view,0.0
U306,D090,cloudy,19.1,evening,19,6,pairing,cloudy_19_evening_pairing,rate,2.7
U254,D058,cloudy,14.1,evening,23,6,business,cloudy_14_evening_business,view,0.0
U102,D029,cloudy,19.1,evening,19,6,pairing,cloudy_19_evening_pairing,view,0.0
U266,D091,cloudy,18.7,morning,8,3,business,cloudy_19_morning_business,view,0.0
U029,D059,cloudy,14.1,evening,23,6,business,cloudy_14_evening_business,view,0.0
U239,D101,sunny,23.4,evening,18,0,pairing,sunny_23_evening_pairing,view,0.0
U214,D082,snowy,-2.5,morning,7,2,casual,snowy_-2_morning_casual,view,0.0
U062,D005,snowy,0.6,afternoon,14,1,social,snowy_1_afternoon_social,view,0.0
U211,D092,cloudy,12.4,evening,18,6,pairing,cloudy_12_evening_pairing,view,0.0
U038,D043,sunny,21.0,morning,10,2,recovery,sunny_21_morning_recovery,view,0.0
U046,D070,cloudy,18.2,afternoon,17,1,business,cloudy_18_afternoon_business,view,0.0
U495,D105,stormy,10.7,afternoon,12,0,casual,stormy_11_afternoon_casual,rate,2.3
U158,D021,snowy,4.5,afternoon,16,4,social,snowy_5_afternoon_social,view,0.0
U249,D008,stormy,16.2,afternoon,17,0,casual,stormy_16_afternoon_casual,view,0.0
U008,D113,cloudy,19.5,morning,10,1,celebration,cloudy_19_morning_celebration,view,0.0
U439,D030,snowy,-4.5,afternoon,13,4,social,snowy_-5_afternoon_social,view,0.0
U044,D027,rainy,12.4,evening,23,1,recovery,rainy_12_evening_recovery,view,0.0
U438,D048,cloudy,13.9,afternoon,12,5,casual,cloudy_14_afternoon_casual,view,0.0
U013,D016,sunny,26.0,afternoon,12,1,casual,sunny_26_afternoon_casual,view,0.0
U247,D119,cloudy,12.4,evening,18,6,pairing,cloudy_12_evening_pairing,view,0.0
U375,D035,snowy,-4.5,afternoon,13,4,social,snowy_-5_afternoon_social,view,0.0
U007,D062,sunny,29.6,afternoon,16,0,recovery,sunny_30_afternoon_recovery,view,0.0
U307,D046,sunny,33.7,afternoon,14,3,celebration,sunny_34_afternoon_celebration,view,0.0
U189,D104,cloudy,15.0,morning,10,0,pairing,cloudy_15_morning_pairing,view,0.0
U423,D020,snowy,-2.1,afternoon,16,2,casual,snowy_-2_afternoon_casual,view,0.0
U052,D086,cloudy,16.7,morning,8,4,business,cloudy_17_morning_business,rate,2.9
U373,D043,snowy,-2.1,afternoon,16,2,casual,snowy_-2_afternoon_casual,view,0.0
U320,D105,snowy,0.6,afternoon,14,1,social,snowy_1_afternoon_social,view,0.0
U425,D054,snowy,4.5,afternoon,16,4,social,snowy_5_afternoon_social,view,0.0
U334,D032,stormy,12.8,evening,22,2,casual,stormy_13_evening_casual,view,0.0
U498,D115,rainy,10.1,morning,9,5,business,rainy_10_morning_business,view,0.0
U490,D049,stormy,14.5,evening,23,3,casual,stormy_15_evening_casual,purchase,1.0
U430,D021,cloudy,19.1,evening,19,6,pairing,cloudy_19_evening_pairing,view,0.0
U223,D101,rainy,12.0,evening,18,0,social,rainy_12_evening_social,view,0.0
U283,D104,sunny,22.3,morning,11,4,pairing,sunny_22_morning_pairing,view,0.0
U113,D052,snowy,-4.5,afternoon,13,4,social,snowy_-5_afternoon_social,view,0.0
U347,D081,stormy,16.3,morning,11,5,pairing,stormy_16_morning_pairing,view,0.0
U242,D031,rainy,11.5,morning,10,0,casual,rainy_12_morning_casual,view,0.0
U098,D034,snowy,-3.6,morning,8,5,social,snowy_-4_morning_social,view,0.0
U206,D046,cloudy,18.2,afternoon,17,1,business,cloudy_18_afternoon_business,view,0.0
U112,D029,rainy,14.4,morning,11,1,recovery,rainy_14_morning_recovery,view,0.0
U145,D028,sunny,29.6,afternoon,16,0,recovery,sunny_30_afternoon_recovery,view,0.0
U418,D059,snowy,-2.1,afternoon,16,2,casual,snowy_-2_afternoon_casual,view,0.0
U155,D016,rainy,13.9,evening,20,3,recovery,rainy_14_evening_recovery,view,0.0
U406,D016,snowy,-3.2,morning,9,1,business,snowy_-3_morning_business,view,0.0
U179,D001,cloudy,12.4,evening,18,6,pairing,cloudy_12_evening_pairing,rate,1.6
U309,D061,rainy,11.5,morning,10,0,casual,rainy_12_morning_casual,view,0.0
U305,D004,snowy,-4.5,afternoon,13,4,social,snowy_-5_afternoon_social,view,0.0
U456,D060,cloudy,19.1,evening,19,6,pairing,cloudy_19_evening_pairing,view,0.0
U415,D103,snowy,0.3,morning,7,0,business,snowy_0_morning_business,view,0.0
U314,D119,snowy,-1.7,morning,9,2,celebration,snowy_-2_morning_celebration,view,0.0
U495,D107,cloudy,16.7,morning,8,4,business,cloudy_17_morning_business,view,0.0
U099,D047,cloudy,18.2,afternoon,17,1,business,cloudy_18_afternoon_business,view,0.0
U432,D065,cloudy,18.7,morning,8,3,business,cloudy_19_morning_business,rate,4.7
U294,D010,snowy,-1.7,morning,9,2,celebration,snowy_-2_morning_celebration,view,0.0
U220,D012,sunny,33.7,afternoon,14,3,celebration,sunny_34_afternoon_celebration,view,0.0
U046,D035,sunny,21.6,afternoon,17,3,recovery,sunny_22_afternoon_recovery,view,0.0
U082,D044,rainy,7.0,afternoon,16,2,social,rainy_7_afternoon_social,view,0.0
U273,D010,snowy,-2.1,afternoon,16,2,casual,snowy_-2_afternoon_casual,view,0.0
U058,D053,snowy,4.5,afternoon,16,4,social,snowy_5_afternoon_social,view,0.0
U228,D089,stormy,12.8,evening,22,2,casual,stormy_13_evening_casual,view,0.0
U287,D066,cloudy,19.5,morning,10,1,celebration,cloudy_19_morning_celebration,view,0.0
U458,D095,cloudy,14.1,evening,23,6,business,cloudy_14_evening_business,view,0.0
U150,D023,cloudy,19.1,evening,19,6,pairing,cloudy_19_evening_pairing,view,0.0
U131,D087,sunny,33.7,afternoon,14,3,celebration,sunny_34_afternoon_celebration,view,0.0
U040,D039,stormy,14.5,evening,23,3,casual,stormy_15_evening_casual,view,0.0
U198,D027,stormy,12.8,evening,22,2,casual,stormy_13_evening_casual,view,0.0
U186,D005,snowy,-4.2,evening,22,6,business,snowy_-4_evening_business,view,0.0
U391,D041,sunny,33.7,afternoon,14,3,celebration,sunny_34_afternoon_celebration,view,0.0
U410,D068,cloudy,18.2,afternoon,17,1,business,cloudy_18_afternoon_business,view,0.0
U425,D065,stormy,10.7,afternoon,12,0,casual,stormy_11_afternoon_casual,view,0.0
U411,D007,snowy,0.6,afternoon,14,1,social,snowy_1_afternoon_social,view,0.0
U378,D012,sunny,21.0,morning,10,2,recovery,sunny_21_morning_recovery,view,0.0
U085,D010,rainy,9.4,evening,20,2,business,rainy_9_evening_business,rate,3.1
U386,D029,stormy,16.3,morning,11,5,pairing,stormy_16_morning_pairing,view,0.0
U452,D068,sunny,21.6,afternoon,17,3,recovery,sunny_22_afternoon_recovery,view,0.0
U316,D084,sunny,22.3,morning,11,4,pairing,sunny_22_morning_pairing,rate,2.9
U217,D065,snowy,-4.5,afternoon,13,4,social,snowy_-5_afternoon_social,view,0.0
U432,D020,rainy,11.5,morning,10,0,casual,rainy_12_morning_casual,view,0.0
U342,D115,stormy,16.2,afternoon,17,0,casual,stormy_16_afternoon_casual,view,0.0
U067,D081,sunny,30.7,afternoon,15,3,social,sunny_31_afternoon_social,view,0.0
U365,D071,cloudy,10.4,afternoon,12,0,recovery,cloudy_10_afternoon_recovery,view,0.0
U079,D093,sunny,29.6,afternoon,16,0,recovery,sunny_30_afternoon_recovery,view,0.0
U032,D087,snowy,-4.2,evening,22,6,business,snowy_-4_evening_business,view,0.0
U244,D104,rainy,10.1,morning,9,5,business,rainy_10_morning_business,view,0.0
U404,D028,rainy,10.1,morning,9,5,business,rainy_10_morning_business,view,0.0
U077,D095,rainy,9.4,evening,20,2,business,rainy_9_evening_business,view,0.0
U284,D064,cloudy,10.4,afternoon,12,0,recovery,cloudy_10_afternoon_recovery,view,0.0
U156,D095,stormy,10.7,afternoon,12,0,casual,stormy_11_afternoon_casual,view,0.0
U333,D055,rainy,13.9,evening,20,3,recovery,rainy_14_evening_recovery,view,0.0
U432,D075,snowy,-3.6,morning,8,5,social,snowy_-4_morning_social,view,0.0
U169,D079,rainy,12.4,evening,23,1,recovery,rainy_12_evening_recovery,view,0.0
U248,D109,stormy,10.7,afternoon,12,0,casual,stormy_11_afternoon_casual,view,0.0
U102,D013,stormy,10.7,afternoon,12,0,casual,stormy_11_afternoon_casual,view,0.0
U220,D015,rainy,8.4,evening,21,1,casual,rainy_8_evening_casual,view,0.0
U056,D095,rainy,14.4,morning,11,1,recovery,rainy_14_morning_recovery,view,0.0
U308,D091,rainy,13.9,evening,20,3,recovery,rainy_14_evening_recovery,view,0.0
U340,D029,sunny,21.6,afternoon,17,3,recovery,sunny_22_afternoon_recovery,view,0.0
U178,D021,snowy,0.6,afternoon,14,0,pairing,snowy_1_afternoon_pairing,view,0.0
U233,D076,cloudy,13.9,afternoon,12,5,casual,cloudy_14_afternoon_casual,view,0.0
U161,D018,rainy,10.1,morning,9,5,business,rainy_10_morning_business,view,0.0
U021,D001,cloudy,18.7,morning,8,3,business,cloudy_19_morning_business,view,0.0
U380,D015,stormy,12.8,evening,22,2,casual,stormy_13_evening_casual,view,0.0
U214,D032,rainy,8.4,evening,21,1,casual,rainy_8_evening_casual,rate,3.0
U251,D039,cloudy,19.1,evening,19,6,pairing,cloudy_19_evening_pairing,view,0.0
U002,D066,cloudy,18.2,afternoon,17,1,business,cloudy_18_afternoon_business,view,0.0
U413,D116,rainy,8.4,evening,21,1,casual,rainy_8_evening_casual,view,0.0
U487,D071,stormy,12.8,evening,22,2,casual,stormy_13_evening_casual,view,0.0
U421,D113,stormy,12.8,evening,22,2,casual,stormy_13_evening_casual,view,0.0
U016,D112,sunny,23.4,evening,18,0,pairing,sunny_23_evening_pairing,view,0.0
U193,D082,stormy,16.3,morning,11,5,pairing,stormy_16_morning_pairing,view,0.0
U015,D048,cloudy,18.7,morning,8,3,business,cloudy_19_morning_business,view,0.0
U266,D020,cloudy,17.3,afternoon,15,3,recovery,cloudy_17_afternoon_recovery,rate,1.5
U224,D051,snowy,-1.7,morning,9,2,celebration,snowy_-2_morning_celebration,rate,3.0
U468,D024,sunny,30.7,afternoon,15,3,social,sunny_31_afternoon_social,view,0.0
U281,D036,cloudy,14.6,morning,8,4,pairing,cloudy_15_morning_pairing,view,0.0
U495,D012,snowy,4.5,afternoon,16,4,social,snowy_5_afternoon_social,view,0.0
U409,D080,stormy,16.2,afternoon,17,0,casual,stormy_16_afternoon_casual,rate,3.2
U369,D103,snowy,-4.2,evening,22,6,business,snowy_-4_evening_business,view,0.0
U244,D014,snowy,0.6,afternoon,14,0,pairing,snowy_1_afternoon_pairing,view,0.0
U015,D037,sunny,29.6,afternoon,16,0,recovery,sunny_30_afternoon_recovery,view,0.0
U340,D072,cloudy,15.0,morning,10,0,pairing,cloudy_15_morning_pairing,view,0.0
U185,D105,cloudy,19.5,morning,10,1,celebration,cloudy_19_morning_celebration,view,0.0
U351,D118,cloudy,17.3,afternoon,15,3,recovery,cloudy_17_afternoon_recovery,view,0.0
U349,D042,snowy,-3.6,morning,8,5,social,snowy_-4_morning_social,view,0.0
U439,D015,snowy,0.3,morning,7,0,business,snowy_0_morning_business,view,0.0
U058,D095,cloudy,14.6,morning,8,4,pairing,cloudy_15_morning_pairing,view,0.0
U211,D039,snowy,-3.6,morning,8,5,social,snowy_-4_morning_social,rate,1.5
U413,D050,rainy,10.1,morning,9,5,business,rainy_10_morning_business,view,0.0
U442,D030,stormy,15.1,morning,10,6,social,stormy_15_morning_social,view,0.0
U351,D069,snowy,-2.5,morning,7,2,casual,snowy_-2_morning_casual,view,0.0
U383,D052,rainy,10.1,morning,9,5,business,rainy_10_morning_business,view,0.0
U292,D091,sunny,30.7,afternoon,15,3,social,sunny_31_afternoon_social,view,0.0
U309,D109,cloudy,16.7,morning,8,4,business,cloudy_17_morning_business,view,0.0
U369,D069,rainy,14.4,morning,11,1,recovery,rainy_14_morning_recovery,view,0.0
U298,D113,cloudy,13.9,afternoon,12,5,casual,cloudy_14_afternoon_casual,view,0.0
U183,D053,rainy,12.0,evening,18,0,social,rainy_12_evening_social,view,0.0
U201,D107,sunny,26.1,evening,22,1,recovery,sunny_26_evening_recovery,view,0.0
U484,D027,snowy,0.6,afternoon,14,1,social,snowy_1_afternoon_social,view,0.0
U086,D031,snowy,-3.6,morning,8,5,social,snowy_-4_morning_social,view,0.0
U355,D006,cloudy,11.9,morning,7,1,social,cloudy_12_morning_social,view,0.0
U485,D062,cloudy,10.4,afternoon,12,0,recovery,cloudy_10_afternoon_recovery,view,0.0
U086,D088,snowy,-4.2,evening,22,6,business,snowy_-4_evening_business,view,0.0
U414,D063,sunny,29.6,afternoon,16,0,recovery,sunny_30_afternoon_recovery,view,0.0
U087,D040,rainy,9.4,evening,20,2,business,rainy_9_evening_business,view,0.0
U420,D024,sunny,23.4,evening,18,0,pairing,sunny_23_evening_pairing,view,0.0
U046,D077,rainy,13.9,evening,20,3,recovery,rainy_14_evening_recovery,view,0.0
U288,D097,stormy,12.8,evening,22,2,casual,stormy_13_evening_casual,view,0.0
U016,D018,stormy,14.5,evening,23,3,casual,stormy_15_evening_casual,rate,3.9
U331,D070,snowy,4.5,afternoon,16,4,social,snowy_5_afternoon_social,view,0.0
U460,D038,cloudy,11.9,morning,7,1,social,cloudy_12_morning_social,view,0.0
U337,D001,cloudy,15.0,morning,10,0,pairing,cloudy_15_morning_pairing,view,0.0
U296,D056,cloudy,19.7,afternoon,12,3,casual,cloudy_20_afternoon_casual,view,0.0
U074,D111,snowy,-4.2,evening,22,6,business,snowy_-4_evening_business,view,0.0
U420,D089,sunny,29.6,afternoon,16,0,recovery,sunny_30_afternoon_recovery,view,0.0
U330,D083,rainy,8.4,evening,21,1,casual,rainy_8_evening_casual,view,0.0
U464,D002,sunny,21.6,afternoon,17,3,recovery,sunny_22_afternoon_recovery,view,0.0
U050,D029,sunny,23.4,evening,18,0,pairing,sunny_23_evening_pairing,view,0.0
U155,D117,sunny,22.3,morning,11,4,pairing,sunny_22_morning_pairing,view,0.0
U236,D031,sunny,21.0,morning,10,2,recovery,sunny_21_morning_recovery,view,0.0
U314,D041,rainy,8.4,evening,21,1,casual,rainy_8_evening_casual,view,0.0
U282,D102,stormy,12.8,evening,22,2,casual,stormy_13_evening_casual,view,0.0
U307,D003,rainy,10.1,morning,9,5,business,rainy_10_morning_business,view,0.0
U489,D091,snowy,4.5,afternoon,16,4,social,snowy_5_afternoon_social,purchase,1.0
U496,D050,sunny,26.1,evening,22,1,recovery,sunny_26_evening_recovery,view,0.0
U187,D081,snowy,-3.6,morning,8,5,social,snowy_-4_morning_social,view,0.0
U089,D066,sunny,26.1,evening,22,1,recovery,sunny_26_evening_recovery,view,0.0
U009,D094,sunny,33.7,afternoon,14,3,celebration,sunny_34_afternoon_celebration,view,0.0
U281,D102,sunny,26.0,afternoon,12,1,casual,sunny_26_afternoon_casual,view,0.0
U103,D062,sunny,26.0,afternoon,12,1,casual,sunny_26_afternoon_casual,view,0.0
U037,D016,rainy,11.5,morning,10,0,casual,rainy_12_morning_casual,view,0.0
U282,D020,snowy,0.6,afternoon,14,1,social,snowy_1_afternoon_social,view,0.0
U029,D031,cloudy,19.5,morning,10,1,celebration,cloudy_19_morning_celebration,rate,4.6
U350,D085,sunny,26.0,afternoon,12,1,casual,sunny_26_afternoon_casual,view,0.0
U455,D022,rainy,13.9,evening,20,3,recovery,rainy_14_evening_recovery,view,0.0
U399,D094,sunny,26.1,evening,22,1,recovery,sunny_26_evening_recovery,view,0.0
U132,D082,cloudy,19.1,evening,19,6,pairing,cloudy_19_evening_pairing,view,0.0
U290,D100,snowy,-2.5,morning,7,2,casual,snowy_-2_morning_casual,view,0.0
U270,D034,snowy,0.6,afternoon,14,0,pairing,snowy_1_afternoon_pairing,view,0.0
U205,D097,rainy,7.0,afternoon,16,2,social,rainy_7_afternoon_social,view,0.0
U093,D037,rainy,14.4,morning,11,1,recovery,rainy_14_morning_recovery,view,0.0
U189,D092,snowy,-3.6,morning,8,5,social,snowy_-4_morning_social,view,0.0
U180,D018,cloudy,12.4,evening,18,6,pairing,cloudy_12_evening_pairing,view,0.0
U106,D001,cloudy,17.3,afternoon,15,3,recovery,cloudy_17_afternoon_recovery,view,0.0
U487,D084,sunny,21.0,morning,10,2,recovery,sunny_21_morning_recovery,view,0.0
U021,D019,rainy,14.4,morning,11,1,recovery,rainy_14_morning_recovery,view,0.0
U116,D029,cloudy,10.4,afternoon,12,0,recovery,cloudy_10_afternoon_recovery,view,0.0
U254,D063,cloudy,12.4,evening,18,6,pairing,cloudy_12_evening_pairing,view,0.0
U305,D065,cloudy,18.2,afternoon,17,1,business,cloudy_18_afternoon_business,purchase,1.0
U257,D040,stormy,10.7,afternoon,12,0,casual,stormy_11_afternoon_casual,view,0.0
U015,D050,snowy,-4.2,evening,22,6,business,snowy_-4_evening_business,view,0.0
U416,D049,rainy,14.4,morning,11,1,recovery,rainy_14_morning_recovery,view,0.0
U288,D004,snowy,4.5,afternoon,16,4,social,snowy_5_afternoon_social,view,0.0
U201,D065,rainy,12.0,evening,18,0,social,rainy_12_evening_social,view,0.0
U127,D047,cloudy,17.3,afternoon,15,3,recovery,cloudy_17_afternoon_recovery,rate,3.1
U279,D118,cloudy,19.7,afternoon,12,3,casual,cloudy_20_afternoon_casual,view,0.0
U051,D072,snowy,-4.2,evening,22,6,business,snowy_-4_evening_business,view,0.0
U419,D017,snowy,-2.1,afternoon,16,2,casual,snowy_-2_afternoon_casual,view,0.0
U399,D081,cloudy,19.7,afternoon,12,3,casual,cloudy_20_afternoon_casual,view,0.0
U143,D042,rainy,8.4,evening,21,1,casual,rainy_8_evening_casual,view,0.0
U467,D008,snowy,0.3,morning,7,0,business,snowy_0_morning_business,view,0.0
U005,D116,snowy,0.6,afternoon,14,0,pairing,snowy_1_afternoon_pairing,view,0.0
U214,D108,cloudy,19.1,evening,19,6,pairing,cloudy_19_evening_pairing,view,0.0
U393,D113,sunny,33.7,afternoon,14,3,celebration,sunny_34_afternoon_celebration,view,0.0
U108,D057,rainy,11.5,morning,10,0,casual,rainy_12_morning_casual,view,0.0
U289,D020,snowy,0.6,afternoon,14,0,pairing,snowy_1_afternoon_pairing,view,0.0
U364,D073,cloudy,14.1,evening,23,6,business,cloudy_14_evening_business,view,0.0
U356,D014,cloudy,19.5,morning,10,1,celebration,cloudy_19_morning_celebration,view,0.0
U195,D097,sunny,26.0,afternoon,12,1,casual,sunny_26_afternoon_casual,view,0.0
U011,D106,rainy,7.0,afternoon,16,2,social,rainy_7_afternoon_social,view,0.0
U196,D017,stormy,10.7,afternoon,12,0,casual,stormy_11_afternoon_casual,view,0.0
U424,D087,rainy,8.4,evening,21,1,casual,rainy_8_evening_casual,purchase,1.0
U260,D038,sunny,21.6,afternoon,17,3,recovery,sunny_22_afternoon_recovery,view,0.0
U285,D120,stormy,12.8,evening,22,2,casual,stormy_13_evening_casual,view,0.0
U070,D023,snowy,-4.2,evening,22,6,business,snowy_-4_evening_business,view,0.0
U172,D048,stormy,14.5,evening,23,3,casual,stormy_15_evening_casual,view,0.0
U205,D040,sunny,21.0,morning,10,2,recovery,sunny_21_morning_recovery,view,0.0
U432,D100,snowy,0.6,afternoon,14,0,pairing,snowy_1_afternoon_pairing,view,0.0
U475,D036,snowy,0.6,afternoon,14,0,pairing,snowy_1_afternoon_pairing,view,0.0
U085,D013,rainy,11.5,morning,10,0,casual,rainy_12_morning_casual,view,0.0
U488,D071,rainy,8.4,evening,21,1,casual,rainy_8_evening_casual,view,0.0
U167,D087,cloudy,13.9,afternoon,12,5,casual,cloudy_14_afternoon_casual,view,0.0
U106,D018,rainy,8.4,evening,21,1,casual,rainy_8_evening_casual,view,0.0
U350,D026,cloudy,14.6,morning,8,4,pairing,cloudy_15_morning_pairing,view,0.0
U321,D046,snowy,-2.1,afternoon,16,2,casual,snowy_-2_afternoon_casual,view,0.0
U488,D008,rainy,13.9,evening,20,3,recovery,rainy_14_evening_recovery,view,0.0
U102,D079,snowy,-4.5,afternoon,13,4,social,snowy_-5_afternoon_social,view,0.0
U063,D040,sunny,33.7,afternoon,14,3,celebration,sunny_34_afternoon_celebration,view,0.0
U134,D094,stormy,14.5,evening,23,3,casual,stormy_15_evening_casual,view,0.0
U368,D111,cloudy,15.0,morning,10,0,pairing,cloudy_15_morning_pairing,rate,4.6
U082,D013,sunny,30.7,afternoon,15,3,social,sunny_31_afternoon_social,view,0.0
U476,D075,cloudy,17.3,afternoon,15,3,recovery,cloudy_17_afternoon_recovery,view,0.0
U089,D061,snowy,4.5,afternoon,16,4,social,snowy_5_afternoon_social,view,0.0
U382,D032,rainy,12.4,evening,23,1,recovery,rainy_12_evening_recovery,view,0.0
U312,D024,cloudy,12.4,evening,18,6,pairing,cloudy_12_evening_pairing,view,0.0
U279,D029,sunny,26.1,evening,22,1,recovery,sunny_26_evening_recovery,view,0.0
U090,D020,rainy,12.0,evening,18,0,social,rainy_12_evening_social,view,0.0
U357,D058,stormy,16.3,morning,11,5,pairing,stormy_16_morning_pairing,view,0.0
U279,D108,snowy,4.5,afternoon,16,4,social,snowy_5_afternoon_social,view,0.0
U128,D081,sunny,26.1,evening,22,1,recovery,sunny_26_evening_recovery,view,0.0
U186,D041,sunny,26.0,afternoon,12,1,casual,sunny_26_afternoon_casual,view,0.0
U452,D007,rainy,8.4,evening,21,1,casual,rainy_8_evening_casual,view,0.0
U471,D033,rainy,9.4,evening,20,2,business,rainy_9_evening_business,rate,2.8
U106,D034,cloudy,12.4,evening,18,6,pairing,cloudy_12_evening_pairing,view,0.0
U463,D099,cloudy,10.4,afternoon,12,0,recovery,cloudy_10_afternoon_recovery,view,0.0
U273,D021,rainy,12.4,evening,23,1,recovery,rainy_12_evening_recovery,view,0.0
U004,D107,cloudy,11.9,morning,7,1,social,cloudy_12_morning_social,view,0.0
U459,D024,cloudy,19.7,afternoon,12,3,casual,cloudy_20_afternoon_casual,rate,3.7
U172,D106,snowy,-4.2,evening,22,6,business,snowy_-4_evening_business,rate,5.0
U308,D086,snowy,0.3,morning,7,0,business,snowy_0_morning_business,view,0.0
U158,D046,snowy,-3.2,morning,9,1,business,snowy_-3_morning_business,view,0.0
U075,D101,snowy,0.6,afternoon,14,0,pairing,snowy_1_afternoon_pairing,view,0.0
U274,D108,cloudy,12.4,evening,18,6,pairing,cloudy_12_evening_pairing,view,0.0
U319,D012,cloudy,19.1,evening,19,6,pairing,cloudy_19_evening_pairing,view,0.0
U445,D102,cloudy,19.1,evening,19,6,pairing,cloudy_19_evening_pairing,view,0.0
U446,D004,cloudy,13.9,afternoon,12,5,casual,cloudy_14_afternoon_casual,view,0.0
U426,D049,rainy,10.1,morning,9,5,business,rainy_10_morning_business,view,0.0
U392,D055,sunny,30.7,afternoon,15,3,social,sunny_31_afternoon_social,view,0.0
U217,D081,cloudy,15.0,morning,10,0,pairing,cloudy_15_morning_pairing,view,0.0
U007,D013,cloudy,12.4,evening,18,6,pairing,cloudy_12_evening_pairing,view,0.0
U356,D090,snowy,-1.7,morning,9,2,celebration,snowy_-2_morning_celebration,view,0.0
U202,D110,stormy,15.1,morning,10,6,social,stormy_15_morning_social,view,0.0
U288,D091,rainy,9.4,evening,20,2,business,rainy_9_evening_business,view,0.0
U126,D052,sunny,33.7,afternoon,14,3,celebration,sunny_34_afternoon_celebration,view,0.0
U424,D059,rainy,12.4,evening,23,1,recovery,rainy_12_evening_recovery,view,0.0
U104,D117,cloudy,16.7,morning,8,4,business,cloudy_17_morning_business,purchase,1.0
U093,D043,rainy,12.0,evening,18,0,social,rainy_12_evening_social,view,0.0
U053,D034,snowy,-3.6,morning,8,5,social,snowy_-4_morning_social,view,0.0
U389,D010,sunny,21.6,afternoon,17,3,recovery,sunny_22_afternoon_recovery,view,0.0
U066,D076,cloudy,12.4,evening,18,6,pairing,cloudy_12_evening_pairing,view,0.0
U155,D087,rainy,9.4,evening,20,2,business,rainy_9_evening_business,view,0.0
U192,D085,sunny,30.7,afternoon,15,3,social,sunny_31_afternoon_social,view,0.0
U108,D112,sunny,30.7,afternoon,15,3,social,sunny_31_afternoon_social,view,0.0
U330,D049,cloudy,18.7,morning,8,3,business,cloudy_19_morning_business,view,0.0
U095,D063,cloudy,10.4,afternoon,12,0,recovery,cloudy_10_afternoon_recovery,view,0.0
U395,D017,sunny,26.0,afternoon,12,1,casual,sunny_26_afternoon_casual,view,0.0
U457,D069,sunny,33.7,afternoon,14,3,celebration,sunny_34_afternoon_celebration,view,0.0
U457,D092,stormy,14.5,evening,23,3,casual,stormy_15_evening_casual,view,0.0
U283,D008,sunny,21.0,morning,10,2,recovery,sunny_21_morning_recovery,view,0.0
U471,D070,snowy,-3.6,morning,8,5,social,snowy_-4_morning_social,view,0.0
U007,D060,rainy,14.4,morning,11,1,recovery,rainy_14_morning_recovery,view,0.0
U395,D015,sunny,26.1,evening,22,1,recovery,sunny_26_evening_recovery,view,0.0
U240,D007,stormy,16.3,morning,11,5,pairing,stormy_16_morning_pairing,rate,4.9
U434,D030,cloudy,16.7,morning,8,4,business,cloudy_17_morning_business,view,0.0
U118,D084,snowy,-4.2,evening,22,6,business,snowy_-4_evening_business,view,0.0
U193,D015,stormy,15.1,morning,10,6,social,stormy_15_morning_social,view,0.0
U377,D105,snowy,0.3,morning,7,0,business,snowy_0_morning_business,rate,3.1
U095,D115,rainy,12.4,evening,23,1,recovery,rainy_12_evening_recovery,rate,2.3
U207,D026,snowy,-2.1,afternoon,16,2,casual,snowy_-2_afternoon_casual,view,0.0
U001,D107,snowy,0.6,afternoon,14,1,social,snowy_1_afternoon_social,view,0.0
U107,D045,rainy,7.0,afternoon,16,2,social,rainy_7_afternoon_social,view,0.0
U040,D063,snowy,-2.1,afternoon,16,2,casual,snowy_-2_afternoon_casual,view,0.0
U373,D093,sunny,26.0,afternoon,12,1,casual,sunny_26_afternoon_casual,view,0.0
U259,D014,rainy,7.0,afternoon,16,2,social,rainy_7_afternoon_social,view,0.0
U459,D086,snowy,-3.6,morning,8,5,social,snowy_-4_morning_social,view,0.0
U161,D088,snowy,4.5,afternoon,16,4,social,snowy_5_afternoon_social,rate,1.9
U486,D048,cloudy,12.4,evening,18,6,pairing,cloudy_12_evening_pairing,view,0.0
U067,D030,cloudy,15.0,morning,10,0,pairing,cloudy_15_morning_pairing,view,0.0
U135,D034,cloudy,15.0,morning,10,0,pairing,cloudy_15_morning_pairing,view,0.0
U352,D043,cloudy,19.7,afternoon,12,3,casual,cloudy_20_afternoon_casual,view,0.0
U430,D032,cloudy,19.7,afternoon,12,3,casual,cloudy_20_afternoon_casual,view,0.0
U496,D003,rainy,13.9,evening,20,3,recovery,rainy_14_evening_recovery,view,0.0
U367,D040,snowy,-2.1,afternoon,16,2,casual,snowy_-2_afternoon_casual,view,0.0
U190,D010,snowy,0.6,afternoon,14,1,social,snowy_1_afternoon_social,view,0.0
U430,D075,rainy,9.4,evening,20,2,business,rainy_9_evening_business,view,0.0
U411,D038,cloudy,16.7,morning,8,4,business,cloudy_17_morning_business,rate,4.2
U450,D099,snowy,0.6,afternoon,14,1,social,snowy_1_afternoon_social,view,0.0
U369,D018,cloudy,19.7,afternoon,12,3,casual,cloudy_20_afternoon_casual,view,0.0
U210,D120,cloudy,18.2,afternoon,17,1,business,cloudy_18_afternoon_business,view,0.0
U390,D082,cloudy,14.1,evening,23,6,business,cloudy_14_evening_business,view,0.0
U115,D039,snowy,0.6,afternoon,14,1,social,snowy_1_afternoon_social,view,0.0
U268,D116,sunny,30.7,afternoon,15,3,social,sunny_31_afternoon_social,view,0.0
U360,D073,rainy,12.4,evening,23,1,recovery,rainy_12_evening_recovery,view,0.0
U490,D081,cloudy,14.6,morning,8,4,pairing,cloudy_15_morning_pairing,view,0.0
U382,D050,sunny,30.7,afternoon,15,3,social,sunny_31_afternoon_social,view,0.0
U092,D083,rainy,9.4,evening,20,2,business,rainy_9_evening_business,view,0.0
U458,D053,rainy,8.4,evening,21,1,casual,rainy_8_evening_casual,view,0.0
U486,D006,snowy,-1.7,morning,9,2,celebration,snowy_-2_morning_celebration,view,0.0
U338,D053,cloudy,19.5,morning,10,1,celebration,cloudy_19_morning_celebration,view,0.0
U395,D074,stormy,10.7,afternoon,12,0,casual,stormy_11_afternoon_casual,view,0.0
U223,D096,sunny,21.0,morning,10,2,recovery,sunny_21_morning_recovery,view,0.0
U402,D001,rainy,10.1,morning,9,5,business,rainy_10_morning_business,view,0.0
U307,D079,sunny,26.1,evening,22,1,recovery,sunny_26_evening_recovery,view,0.0
U129,D115,sunny,21.0,morning,10,2,recovery,sunny_21_morning_recovery,rate,4.8
U054,D047,stormy,12.8,evening,22,2,casual,stormy_13_evening_casual,view,0.0
U263,D022,sunny,29.6,afternoon,16,0,recovery,sunny_30_afternoon_recovery,view,0.0
U120,D072,cloudy,12.4,evening,18,6,pairing,cloudy_12_evening_pairing,view,0.0
U302,D116,stormy,18.3,morning,8,5,casual,stormy_18_morning_casual,view,0.0
U190,D097,cloudy,19.5,morning,10,1,celebration,cloudy_19_morning_celebration,view,0.0
U466,D099,cloudy,19.7,afternoon,12,3,casual,cloudy_20_afternoon_casual,purchase,1.0
U181,D024,sunny,26.1,evening,22,1,recovery,sunny_26_evening_recovery,view,0.0
U185,D010,rainy,7.0,afternoon,16,2,social,rainy_7_afternoon_social,view,0.0
U123,D038,cloudy,19.7,afternoon,12,3,casual,cloudy_20_afternoon_casual,view,0.0
U156,D010,cloudy,14.1,evening,23,6,business,cloudy_14_evening_business,view,0.0
U067,D009,stormy,16.2,afternoon,17,0,casual,stormy_16_afternoon_casual,view,0.0
U140,D082,sunny,21.0,morning,10,2,recovery,sunny_21_morning_recovery,view,0.0
U131,D069,cloudy,10.4,afternoon,12,0,recovery,cloudy_10_afternoon_recovery,view,0.0
U177,D072,stormy,10.7,afternoon,12,0,casual,stormy_11_afternoon_casual,view,0.0
U070,D113,stormy,16.3,morning,11,5,pairing,stormy_16_morning_pairing,view,0.0
U263,D111,snowy,-4.2,evening,22,6,business,snowy_-4_evening_business,view,0.0
U008,D073,cloudy,11.9,morning,7,1,social,cloudy_12_morning_social,view,0.0
U455,D047,snowy,-2.1,afternoon,16,2,casual,snowy_-2_afternoon_casual,view,0.0
U010,D118,sunny,29.6,afternoon,16,0,recovery,sunny_30_afternoon_recovery,view,0.0
U131,D014,sunny,26.0,afternoon,12,1,casual,sunny_26_afternoon_casual,view,0.0
U164,D013,rainy,12.0,evening,18,0,social,rainy_12_evening_social,view,0.0
U133,D116,cloudy,10.4,afternoon,12,0,recovery,cloudy_10_afternoon_recovery,view,0.0
U434,D038,snowy,-4.2,evening,22,6,business,snowy_-4_evening_business,view,0.0
U376,D048,sunny,22.3,morning,11,4,pairing,sunny_22_morning_pairing,view,0.0
U077,D044,stormy,15.1,morning,10,6,social,stormy_15_morning_social,view,0.0
U055,D001,stormy,14.5,evening,23,3,casual,stormy_15_evening_casual,view,0.0
U085,D086,rainy,11.5,morning,10,0,casual,rainy_12_morning_casual,view,0.0
U275,D001,sunny,21.6,afternoon,17,3,recovery,sunny_22_afternoon_recovery,view,0.0
U119,D052,sunny,22.3,morning,11,4,pairing,sunny_22_morning_pairing,view,0.0
U327,D057,cloudy,17.3,afternoon,15,3,recovery,cloudy_17_afternoon_recovery,rate,3.4
U204,D004,stormy,14.5,evening,23,3,casual,stormy_15_evening_casual,view,0.0
U415,D037,cloudy,14.1,evening,23,6,business,cloudy_14_evening_business,view,0.0
U136,D040,rainy,9.4,evening,20,2,business,rainy_9_evening_business,view,0.0
U005,D028,stormy,16.3,morning,11,5,pairing,stormy_16_morning_pairing,view,0.0
U343,D109,snowy,0.6,afternoon,14,1,social,snowy_1_afternoon_social,view,0.0
U480,D051,cloudy,18.7,morning,8,3,business,cloudy_19_morning_business,view,0.0
U414,D058,snowy,-3.6,morning,8,5,social,snowy_-4_morning_social,view,0.0
U056,D073,rainy,13.9,evening,20,3,recovery,rainy_14_evening_recovery,view,0.0
U050,D047,stormy,15.1,morning,10,6,social,stormy_15_morning_social,view,0.0
U441,D038,snowy,-4.5,afternoon,13,4,social,snowy_-5_afternoon_social,view,0.0
U338,D065,snowy,-3.6,morning,8,5,social,snowy_-4_morning_social,view,0.0
U368,D008,cloudy,18.7,morning,8,3,business,cloudy_19_morning_business,view,0.0
U345,D062,sunny,22.3,morning,11,4,pairing,sunny_22_morning_pairing,view,0.0
U473,D115,stormy,12.8,evening,22,2,casual,stormy_13_evening_casual,view,0.0
U345,D093,stormy,18.3,morning,8,5,casual,stormy_18_morning_casual,rate,4.1
U294,D061,stormy,10.7,afternoon,12,0,casual,stormy_11_afternoon_casual,view,0.0
U292,D074,cloudy,14.6,morning,8,4,pairing,cloudy_15_morning_pairing,view,0.0
U014,D080,cloudy,10.4,afternoon,12,0,recovery,cloudy_10_afternoon_recovery,view,0.0
U413,D056,cloudy,17.3,afternoon,15,3,recovery,cloudy_17_afternoon_recovery,view,0.0
U423,D001,stormy,16.3,morning,11,5,pairing,stormy_16_morning_pairing,view,0.0
U195,D065,snowy,4.5,afternoon,16,4,social,snowy_5_afternoon_social,view,0.0
U493,D030,cloudy,15.0,morning,10,0,pairing,cloudy_15_morning_pairing,view,0.0
U278,D094,rainy,8.4,evening,21,1,casual,rainy_8_evening_casual,rate,2.2
U217,D012,stormy,10.7,afternoon,12,0,casual,stormy_11_afternoon_casual,view,0.0
U074,D099,sunny,21.6,afternoon,17,3,recovery,sunny_22_afternoon_recovery,view,0.0
U321,D010,snowy,-2.1,afternoon,16,2,casual,snowy_-2_afternoon_casual,view,0.0
U305,D072,cloudy,16.7,morning,8,4,business,cloudy_17_morning_business,rate,1.3
U405,D095,cloudy,19.7,afternoon,12,3,casual,cloudy_20_afternoon_casual,view,0.0
U014,D033,cloudy,14.6,morning,8,4,pairing,cloudy_15_morning_pairing,view,0.0
U075,D120,cloudy,19.1,evening,19,6,pairing,cloudy_19_evening_pairing,view,0.0
U386,D015,snowy,-2.5,morning,7,2,casual,snowy_-2_morning_casual,view,0.0
U374,D092,snowy,-4.2,evening,22,6,business,snowy_-4_evening_business,view,0.0
U192,D074,cloudy,17.3,afternoon,15,3,recovery,cloudy_17_afternoon_recovery,view,0.0
U246,D110,snowy,-2.5,morning,7,2,casual,snowy_-2_morning_casual,view,0.0
U202,D117,cloudy,15.0,morning,10,0,pairing,cloudy_15_morning_pairing,view,0.0
U067,D120,stormy,15.1,morning,10,6,social,stormy_15_morning_social,view,0.0
U219,D018,cloudy,19.5,morning,10,1,celebration,cloudy_19_morning_celebration,rate,1.8
U347,D048,cloudy,13.9,afternoon,12,5,casual,cloudy_14_afternoon_casual,view,0.0
U379,D102,sunny,26.0,afternoon,12,1,casual,sunny_26_afternoon_casual,view,0.0
U084,D064,sunny,22.3,morning,11,4,pairing,sunny_22_morning_pairing,view,0.0
U261,D053,stormy,14.5,evening,23,3,casual,stormy_15_evening_casual,view,0.0
U007,D022,rainy,8.4,evening,21,1,casual,rainy_8_evening_casual,view,0.0
U357,D016,snowy,-4.5,afternoon,13,4,social,snowy_-5_afternoon_social,view,0.0
U023,D061,rainy,13.9,evening,20,3,recovery,rainy_14_evening_recovery,view,0.0
U463,D082,cloudy,10.4,afternoon,12,0,recovery,cloudy_10_afternoon_recovery,rate,4.5
U278,D072,cloudy,19.1,evening,19,6,pairing,cloudy_19_evening_pairing,view,0.0
U068,D064,cloudy,13.9,afternoon,12,5,casual,cloudy_14_afternoon_casual,view,0.0
U343,D082,sunny,21.6,afternoon,17,3,recovery,sunny_22_afternoon_recovery,view,0.0
U052,D047,snowy,-2.1,afternoon,16,2,casual,snowy_-2_afternoon_casual,view,0.0
U353,D007,cloudy,11.9,morning,7,1,social,cloudy_12_morning_social,view,0.0
U248,D103,sunny,26.1,evening,22,1,recovery,sunny_26_evening_recovery,view,0.0
U031,D077,sunny,30.7,afternoon,15,3,social,sunny_31_afternoon_social,view,0.0
U211,D065,rainy,9.4,evening,20,2,business,rainy_9_evening_business,view,0.0
U114,D120,rainy,9.4,evening,20,2,business,rainy_9_evening_business,view,0.0
U220,D101,sunny,22.3,morning,11,4,pairing,sunny_22_morning_pairing,view,0.0
U242,D119,stormy,18.3,morning,8,5,casual,stormy_18_morning_casual,view,0.0
U182,D057,snowy,-1.7,morning,9,2,celebration,snowy_-2_morning_celebration,rate,3.0
U002,D083,cloudy,18.2,afternoon,17,1,business,cloudy_18_afternoon_business,view,0.0
U105,D008,stormy,15.1,morning,10,6,social,stormy_15_morning_social,view,0.0
U105,D020,sunny,33.7,afternoon,14,3,celebration,sunny_34_afternoon_celebration,view,0.0
U200,D015,sunny,26.1,evening,22,1,recovery,sunny_26_evening_recovery,view,0.0
U105,D105,cloudy,14.1,evening,23,6,business,cloudy_14_evening_business,view,0.0
U219,D021,stormy,16.2,afternoon,17,0,casual,stormy_16_afternoon_casual,view,0.0
U341,D068,cloudy,18.7,morning,8,3,business,cloudy_19_morning_business,view,0.0
U479,D090,snowy,-2.5,morning,7,2,casual,snowy_-2_morning_casual,view,0.0
U277,D080,snowy,0.3,morning,7,0,business,snowy_0_morning_business,view,0.0
U490,D015,cloudy,17.3,afternoon,15,3,recovery,cloudy_17_afternoon_recovery,view,0.0
U312,D049,cloudy,11.9,morning,7,1,social,cloudy_12_morning_social,view,0.0
U028,D100,sunny,33.7,afternoon,14,3,celebration,sunny_34_afternoon_celebration,view,0.0
U065,D090,cloudy,19.7,afternoon,12,3,casual,cloudy_20_afternoon_casual,view,0.0
U074,D076,sunny,22.3,morning,11,4,pairing,sunny_22_morning_pairing,view,0.0
U189,D012,snowy,0.3,morning,7,0,business,snowy_0_morning_business,view,0.0
U453,D014,sunny,26.1,evening,22,1,recovery,sunny_26_evening_recovery,view,0.0
U209,D035,snowy,4.5,afternoon,16,4,social,snowy_5_afternoon_social,view,0.0
U498,D036,snowy,-4.5,afternoon,13,4,social,snowy_-5_afternoon_social,view,0.0
U243,D042,stormy,16.2,afternoon,17,0,casual,stormy_16_afternoon_casual,view,0.0
U039,D069,snowy,-3.2,morning,9,1,business,snowy_-3_morning_business,view,0.0
U204,D036,snowy,-3.2,morning,9,1,business,snowy_-3_morning_business,view,0.0
U307,D112,cloudy,19.7,afternoon,12,3,casual,cloudy_20_afternoon_casual,view,0.0
U097,D049,snowy,-2.1,afternoon,16,2,casual,snowy_-2_afternoon_casual,view,0.0
U057,D093,cloudy,14.1,evening,23,6,business,cloudy_14_evening_business,rate,3.7
U448,D059,cloudy,18.2,afternoon,17,1,business,cloudy_18_afternoon_business,view,0.0
U165,D097,cloudy,19.1,evening,19,6,pairing,cloudy_19_evening_pairing,view,0.0
U267,D024,sunny,30.7,afternoon,15,3,social,sunny_31_afternoon_social,view,0.0
U021,D020,rainy,13.9,evening,20,3,recovery,rainy_14_evening_recovery,view,0.0
U484,D112,snowy,0.3,morning,7,0,business,snowy_0_morning_business,view,0.0
U232,D104,sunny,29.6,afternoon,16,0,recovery,sunny_30_afternoon_recovery,view,0.0
U229,D066,snowy,-3.2,morning,9,1,business,snowy_-3_morning_business,view,0.0
U279,D013,stormy,10.7,afternoon,12,0,casual,stormy_11_afternoon_casual,view,0.0
U297,D090,cloudy,11.9,morning,7,1,social,cloudy_12_morning_social,view,0.0
U268,D101,sunny,29.6,afternoon,16,0,recovery,sunny_30_afternoon_recovery,view,0.0
U036,D079,cloudy,18.2,afternoon,17,1,business,cloudy_18_afternoon_business,view,0.0
U189,D050,cloudy,15.0,morning,10,0,pairing,cloudy_15_morning_pairing,view,0.0
U164,D097,snowy,-4.5,afternoon,13,4,social,snowy_-5_afternoon_social,view,0.0
U238,D003,sunny,21.6,afternoon,17,3,recovery,sunny_22_afternoon_recovery,view,0.0
U133,D056,sunny,23.4,evening,18,0,pairing,sunny_23_evening_pairing,view,0.0
U118,D071,cloudy,17.3,afternoon,15,3,recovery,cloudy_17_afternoon_recovery,view,0.0
U001,D083,cloudy,14.6,morning,8,4,pairing,cloudy_15_morning_pairing,view,0.0
U212,D087,cloudy,10.4,afternoon,12,0,recovery,cloudy_10_afternoon_recovery,view,0.0
U061,D029,sunny,23.4,evening,18,0,pairing,sunny_23_evening_pairing,view,0.0
U147,D118,rainy,14.4,morning,11,1,recovery,rainy_14_morning_recovery,view,0.0
U123,D015,stormy,14.5,evening,23,3,casual,stormy_15_evening_casual,view,0.0
U434,D103,cloudy,16.7,morning,8,4,business,cloudy_17_morning_business,view,0.0
U130,D036,sunny,33.7,afternoon,14,3,celebration,sunny_34_afternoon_celebration,view,0.0
U376,D030,rainy,7.0,afternoon,16,2,social,rainy_7_afternoon_social,view,0.0
U441,D069,rainy,7.0,afternoon,16,2,social,rainy_7_afternoon_social,view,0.0
U212,D062,sunny,26.1,evening,22,1,recovery,sunny_26_evening_recovery,view,0.0
U056,D055,sunny,33.7,afternoon,14,3,celebration,sunny_34_afternoon_celebration,purchase,1.0
U340,D025,rainy,10.1,morning,9,5,business,rainy_10_morning_business,view,0.0
U492,D043,cloudy,19.7,afternoon,12,3,casual,cloudy_20_afternoon_casual,view,0.0
U204,D112,stormy,16.2,afternoon,17,0,casual,stormy_16_afternoon_casual,view,0.0
U438,D016,cloudy,13.9,afternoon,12,5,casual,cloudy_14_afternoon_casual,view,0.0
U445,D038,cloudy,14.1,evening,23,6,business,cloudy_14_evening_business,view,0.0
U426,D024,cloudy,13.9,afternoon,12,5,casual,cloudy_14_afternoon_casual,view,0.0
U379,D053,snowy,-4.2,evening,22,6,business,snowy_-4_evening_business,purchase,1.0
U407,D117,rainy,12.0,evening,18,0,social,rainy_12_evening_social,purchase,1.0
U183,D055,rainy,14.4,morning,11,1,recovery,rainy_14_morning_recovery,view,0.0
U317,D111,rainy,10.1,morning,9,5,business,rainy_10_morning_business,view,0.0
U133,D100,sunny,23.4,evening,18,0,pairing,sunny_23_evening_pairing,rate,4.3
U119,D094,sunny,21.0,morning,10,2,recovery,sunny_21_morning_recovery,view,0.0
U055,D105,rainy,14.4,morning,11,1,recovery,rainy_14_morning_recovery,rate,2.3
U219,D080,cloudy,13.9,afternoon,12,5,casual,cloudy_14_afternoon_casual,view,0.0
U085,D045,stormy,16.3,morning,11,5,pairing,stormy_16_morning_pairing,view,0.0
U335,D084,sunny,33.7,afternoon,14,3,celebration,sunny_34_afternoon_celebration,view,0.0
U443,D005,cloudy,15.0,morning,10,0,pairing,cloudy_15_morning_pairing,view,0.0
U282,D037,rainy,12.4,evening,23,1,recovery,rainy_12_evening_recovery,view,0.0
U025,D013,sunny,30.7,afternoon,15,3,social,sunny_31_afternoon_social,view,0.0
U247,D072,snowy,0.6,afternoon,14,1,social,snowy_1_afternoon_social,view,0.0
U383,D061,sunny,33.7,afternoon,14,3,celebration,sunny_34_afternoon_celebration,view,0.0
U054,D042,stormy,18.3,morning,8,5,casual,stormy_18_morning_casual,view,0.0
U381,D011,cloudy,12.4,evening,18,6,pairing,cloudy_12_evening_pairing,view,0.0
U290,D038,cloudy,19.1,evening,19,6,pairing,cloudy_19_evening_pairing,view,0.0
U387,D067,cloudy,11.9,morning,7,1,social,cloudy_12_morning_social,view,0.0
U286,D058,stormy,16.2,afternoon,17,0,casual,stormy_16_afternoon_casual,rate,1.5
U142,D057,cloudy,18.7,morning,8,3,business,cloudy_19_morning_business,view,0.0
U072,D019,cloudy,15.0,morning,10,0,pairing,cloudy_15_morning_pairing,view,0.0
U041,D075,cloudy,14.1,evening,23,6,business,cloudy_14_evening_business,view,0.0
U275,D026,rainy,11.5,morning,10,0,casual,rainy_12_morning_casual,view,0.0
U255,D092,cloudy,15.0,morning,10,0,pairing,cloudy_15_morning_pairing,view,0.0
U259,D115,cloudy,15.0,morning,10,0,pairing,cloudy_15_morning_pairing,view,0.0
U014,D120,snowy,-3.6,morning,8,5,social,snowy_-4_morning_social,rate,3.9
U072,D051,snowy,-1.7,morning,9,2,celebration,snowy_-2_morning_celebration,view,0.0
U447,D026,snowy,-2.1,afternoon,16,2,casual,snowy_-2_afternoon_casual,view,0.0
U057,D007,snowy,0.6,afternoon,14,0,pairing,snowy_1_afternoon_pairing,view,0.0
U080,D119,rainy,9.4,evening,20,2,business,rainy_9_evening_business,view,0.0
U384,D003,cloudy,18.2,afternoon,17,1,business,cloudy_18_afternoon_business,view,0.0
U260,D042,snowy,0.6,afternoon,14,1,social,snowy_1_afternoon_social,view,0.0
U145,D017,rainy,9.4,evening,20,2,business,rainy_9_evening_business,rate,4.1
U027,D043,snowy,-3.6,morning,8,5,social,snowy_-4_morning_social,view,0.0
U008,D086,cloudy,10.4,afternoon,12,0,recovery,cloudy_10_afternoon_recovery,view,0.0
U369,D029,stormy,16.3,morning,11,5,pairing,stormy_16_morning_pairing,view,0.0
U500,D021,snowy,-4.2,evening,22,6,business,snowy_-4_evening_business,view,0.0
U444,D108,stormy,15.1,morning,10,6,social,stormy_15_morning_social,view,0.0
U184,D099,stormy,12.8,evening,22,2,casual,stormy_13_evening_casual,view,0.0
U246,D073,cloudy,16.7,morning,8,4,business,cloudy_17_morning_business,rate,3.3
U230,D083,stormy,14.5,evening,23,3,casual,stormy_15_evening_casual,view,0.0
U096,D013,sunny,33.7,afternoon,14,3,celebration,sunny_34_afternoon_celebration,view,0.0
U236,D037,cloudy,13.9,afternoon,12,5,casual,cloudy_14_afternoon_casual,view,0.0
U281,D093,sunny,30.7,afternoon,15,3,social,sunny_31_afternoon_social,view,0.0
U169,D073,snowy,-1.7,morning,9,2,celebration,snowy_-2_morning_celebration,rate,2.1
U096,D061,rainy,10.1,morning,9,5,business,rainy_10_morning_business,view,0.0
U277,D024,sunny,29.6,afternoon,16,0,recovery,sunny_30_afternoon_recovery,view,0.0
U448,D064,stormy,16.3,morning,11,5,pairing,stormy_16_morning_pairing,view,0.0
U492,D057,rainy,9.4,evening,20,2,business,rainy_9_evening_business,rate,4.4
U396,D051,cloudy,10.4,afternoon,12,0,recovery,cloudy_10_afternoon_recovery,view,0.0
U266,D111,sunny,26.1,evening,22,1,recovery,sunny_26_evening_recovery,view,0.0
U494,D039,stormy,14.5,evening,23,3,casual,stormy_15_evening_casual,view,0.0
U491,D029,cloudy,16.7,morning,8,4,business,cloudy_17_morning_business,view,0.0
U189,D043,cloudy,18.7,morning,8,3,business,cloudy_19_morning_business,view,0.0
U120,D081,sunny,23.4,evening,18,0,pairing,sunny_23_evening_pairing,view,0.0
U128,D038,rainy,11.5,morning,10,0,casual,rainy_12_morning_casual,view,0.0
U130,D012,snowy,-2.5,morning,7,2,casual,snowy_-2_morning_casual,view,0.0
U110,D072,sunny,21.0,morning,10,2,recovery,sunny_21_morning_recovery,view,0.0
U366,D061,snowy,-2.5,morning,7,2,casual,snowy_-2_morning_casual,view,0.0
U071,D015,cloudy,14.1,evening,23,6,business,cloudy_14_evening_business,view,0.0
U465,D068,cloudy,16.7,morning,8,4,business,cloudy_17_morning_business,view,0.0
U022,D027,rainy,8.4,evening,21,1,casual,rainy_8_evening_casual,view,0.0
U300,D115,cloudy,16.7,morning,8,4,business,cloudy_17_morning_business,view,0.0
U230,D009,sunny,26.1,evening,22,1,recovery,sunny_26_evening_recovery,view,0.0
U399,D062,cloudy,14.1,evening,23,6,business,cloudy_14_evening_business,view,0.0
U058,D092,cloudy,19.5,morning,10,1,celebration,cloudy_19_morning_celebration,view,0.0
U075,D106,stormy,14.5,evening,23,3,casual,stormy_15_evening_casual,view,0.0
U254,D018,snowy,-2.5,morning,7,2,casual,snowy_-2_morning_casual,view,0.0
U050,D003,stormy,16.3,morning,11,5,pairing,stormy_16_morning_pairing,view,0.0
U284,D046,cloudy,17.3,afternoon,15,3,recovery,cloudy_17_afternoon_recovery,view,0.0
U391,D074,snowy,-4.5,afternoon,13,4,social,snowy_-5_afternoon_social,view,0.0
U362,D118,stormy,10.7,afternoon,12,0,casual,stormy_11_afternoon_casual,view,0.0
U285,D113,sunny,26.0,afternoon,12,1,casual,sunny_26_afternoon_casual,view,0.0
U346,D076,cloudy,10.4,afternoon,12,0,recovery,cloudy_10_afternoon_recovery,view,0.0
U069,D004,sunny,26.0,afternoon,12,1,casual,sunny_26_afternoon_casual,rate,3.8
U387,D117,snowy,-3.6,morning,8,5,social,snowy_-4_morning_social,view,0.0
U145,D060,rainy,13.9,evening,20,3,recovery,rainy_14_evening_recovery,view,0.0
U203,D024,snowy,-2.5,morning,7,2,casual,snowy_-2_morning_casual,view,0.0
U471,D098,sunny,22.3,morning,11,4,pairing,sunny_22_morning_pairing,view,0.0
U060,D115,rainy,7.0,afternoon,16,2,social,rainy_7_afternoon_social,view,0.0
U085,D035,stormy,16.2,afternoon,17,0,casual,stormy_16_afternoon_casual,view,0.0
U344,D007,cloudy,17.3,afternoon,15,3,recovery,cloudy_17_afternoon_recovery,view,0.0
U289,D058,cloudy,18.7,morning,8,3,business,cloudy_19_morning_business,view,0.0
U042,D094,stormy,14.5,evening,23,3,casual,stormy_15_evening_casual,view,0.0
U455,D070,rainy,14.4,morning,11,1,recovery,rainy_14_morning_recovery,view,0.0
U095,D089,snowy,0.3,morning,7,0,business,snowy_0_morning_business,view,0.0
U163,D119,stormy,16.2,afternoon,17,0,casual,stormy_16_afternoon_casual,view,0.0
U145,D053,rainy,10.1,morning,9,5,business,rainy_10_morning_business,view,0.0
U392,D098,stormy,16.3,morning,11,5,pairing,stormy_16_morning_pairing,view,0.0
U420,D051,rainy,11.5,morning,10,0,casual,rainy_12_morning_casual,view,0.0
U309,D096,sunny,30.7,afternoon,15,3,social,sunny_31_afternoon_social,rate,2.0
U135,D017,sunny,26.1,evening,22,1,recovery,sunny_26_evening_recovery,view,0.0
U273,D059,snowy,-3.6,morning,8,5,social,snowy_-4_morning_social,view,0.0
U166,D054,cloudy,19.7,afternoon,12,3,casual,cloudy_20_afternoon_casual,view,0.0
U434,D118,snowy,-1.7,morning,9,2,celebration,snowy_-2_morning_celebration,rate,4.0
U213,D120,stormy,15.1,morning,10,6,social,stormy_15_morning_social,view,0.0
U405,D020,cloudy,19.1,evening,19,6,pairing,cloudy_19_evening_pairing,view,0.0
U021,D001,snowy,-4.5,afternoon,13,4,social,snowy_-5_afternoon_social,view,0.0
U447,D014,cloudy,19.5,morning,10,1,celebration,cloudy_19_morning_celebration,view,0.0
U290,D006,cloudy,14.1,evening,23,6,business,cloudy_14_evening_business,view,0.0
U117,D118,stormy,16.2,afternoon,17,0,casual,stormy_16_afternoon_casual,view,0.0
U461,D051,snowy,4.5,afternoon,16,4,social,snowy_5_afternoon_social,view,0.0
U027,D071,snowy,-3.6,morning,8,5,social,snowy_-4_morning_social,view,0.0
U097,D104,stormy,10.7,afternoon,12,0,casual,stormy_11_afternoon_casual,view,0.0
U101,D058,cloudy,19.1,evening,19,6,pairing,cloudy_19_evening_pairing,view,0.0
U029,D102,cloudy,12.4,evening,18,6,pairing,cloudy_12_evening_pairing,view,0.0
U104,D045,sunny,29.6,afternoon,16,0,recovery,sunny_30_afternoon_recovery,view,0.0
U164,D081,rainy,11.5,morning,10,0,casual,rainy_12_morning_casual,purchase,1.0
U375,D005,rainy,8.4,evening,21,1,casual,rainy_8_evening_casual,rate,2.7
U379,D010,cloudy,15.0,morning,10,0,pairing,cloudy_15_morning_pairing,view,0.0
U145,D110,sunny,33.7,afternoon,14,3,celebration,sunny_34_afternoon_celebration,view,0.0
U399,D044,rainy,8.4,evening,21,1,casual,rainy_8_evening_casual,view,0.0
U306,D052,cloudy,17.3,afternoon,15,3,recovery,cloudy_17_afternoon_recovery,view,0.0
U442,D023,sunny,26.0,afternoon,12,1,casual,sunny_26_afternoon_casual,view,0.0
U118,D109,sunny,23.4,evening,18,0,pairing,sunny_23_evening_pairing,view,0.0
U436,D067,cloudy,11.9,morning,7,1,social,cloudy_12_morning_social,rate,2.6
U179,D060,rainy,13.9,evening,20,3,recovery,rainy_14_evening_recovery,view,0.0
U467,D073,rainy,14.4,morning,11,1,recovery,rainy_14_morning_recovery,view,0.0
U048,D072,cloudy,18.7,morning,8,3,business,cloudy_19_morning_business,rate,1.6
U159,D018,snowy,-3.2,morning,9,1,business,snowy_-3_morning_business,view,0.0
U097,D111,cloudy,14.6,morning,8,4,pairing,cloudy_15_morning_pairing,view,0.0
U259,D107,cloudy,17.3,afternoon,15,3,recovery,cloudy_17_afternoon_recovery,view,0.0
U271,D071,cloudy,19.7,afternoon,12,3,casual,cloudy_20_afternoon_casual,view,0.0
U337,D119,snowy,-2.1,afternoon,16,2,casual,snowy_-2_afternoon_casual,view,0.0
U120,D061,stormy,15.1,morning,10,6,social,stormy_15_morning_social,view,0.0
U040,D088,stormy,14.5,evening,23,3,casual,stormy_15_evening_casual,view,0.0
U299,D021,snowy,-3.6,morning,8,5,social,snowy_-4_morning_social,view,0.0
U411,D110,cloudy,12.4,evening,18,6,pairing,cloudy_12_evening_pairing,view,0.0
U097,D033,stormy,15.1,morning,10,6,social,stormy_15_morning_social,rate,3.1
U373,D065,sunny,33.7,afternoon,14,3,celebration,sunny_34_afternoon_celebration,view,0.0
U143,D034,sunny,29.6,afternoon,16,0,recovery,sunny_30_afternoon_recovery,view,0.0
U328,D098,rainy,8.4,evening,21,1,casual,rainy_8_evening_casual,view,0.0
U028,D073,rainy,7.0,afternoon,16,2,social,rainy_7_afternoon_social,view,0.0
U127,D074,snowy,0.6,afternoon,14,1,social,snowy_1_afternoon_social,view,0.0
U088,D062,cloudy,19.5,morning,10,1,celebration,cloudy_19_morning_celebration,view,0.0
U497,D074,sunny,29.6,afternoon,16,0,recovery,sunny_30_afternoon_recovery,view,0.0
U230,D112,cloudy,11.9,morning,7,1,social,cloudy_12_morning_social,view,0.0
U244,D050,snowy,4.5,afternoon,16,4,social,snowy_5_afternoon_social,view,0.0
U207,D052,rainy,13.9,evening,20,3,recovery,rainy_14_evening_recovery,view,0.0
U015,D087,rainy,10.1,morning,9,5,business,rainy_10_morning_business,view,0.0
U120,D009,sunny,26.0,afternoon,12,1,casual,sunny_26_afternoon_casual,view,0.0
U025,D056,snowy,-1.7,morning,9,2,celebration,snowy_-2_morning_celebration,view,0.0
U320,D072,cloudy,16.7,morning,8,4,business,cloudy_17_morning_business,view,0.0
U368,D076,snowy,0.6,afternoon,14,1,social,snowy_1_afternoon_social,purchase,1.0
U010,D073,stormy,15.1,morning,10,6,social,stormy_15_morning_social,view,0.0
U060,D095,cloudy,19.5,morning,10,1,celebration,cloudy_19_morning_celebration,view,0.0
U134,D015,sunny,21.6,afternoon,17,3,recovery,sunny_22_afternoon_recovery,view,0.0
U133,D078,rainy,7.0,afternoon,16,2,social,rainy_7_afternoon_social,view,0.0
U044,D052,rainy,8.4,evening,21,1,casual,rainy_8_evening_casual,view,0.0
U340,D047,cloudy,12.4,evening,18,6,pairing,cloudy_12_evening_pairing,view,0.0
U145,D089,rainy,8.4,evening,21,1,casual,rainy_8_evening_casual,view,0.0
U223,D028,sunny,29.6,afternoon,16,0,recovery,sunny_30_afternoon_recovery,view,0.0
U412,D086,stormy,16.2,afternoon,17,0,casual,stormy_16_afternoon_casual,view,0.0
U426,D072,cloudy,18.2,afternoon,17,1,business,cloudy_18_afternoon_business,view,0.0
U047,D076,cloudy,10.4,afternoon,12,0,recovery,cloudy_10_afternoon_recovery,view,0.0
U015,D108,sunny,22.3,morning,11,4,pairing,sunny_22_morning_pairing,view,0.0
U034,D109,rainy,12.4,evening,23,1,recovery,rainy_12_evening_recovery,view,0.0
U205,D100,cloudy,17.3,afternoon,15,3,recovery,cloudy_17_afternoon_recovery,view,0.0
U021,D108,sunny,26.0,afternoon,12,1,casual,sunny_26_afternoon_casual,view,0.0
U135,D090,snowy,-4.5,afternoon,13,4,social,snowy_-5_afternoon_social,rate,4.6
U308,D102,sunny,22.3,morning,11,4,pairing,sunny_22_morning_pairing,view,0.0
U181,D104,rainy,12.0,evening,18,0,social,rainy_12_evening_social,view,0.0
U146,D020,rainy,8.4,evening,21,1,casual,rainy_8_evening_casual,view,0.0
U343,D094,snowy,-3.6,morning,8,5,social,snowy_-4_morning_social,rate,4.5
U177,D001,sunny,22.3,morning,11,4,pairing,sunny_22_morning_pairing,rate,4.3
U220,D085,cloudy,14.1,evening,23,6,business,cloudy_14_evening_business,view,0.0
U065,D021,rainy,14.4,morning,11,1,recovery,rainy_14_morning_recovery,view,0.0
U286,D031,sunny,26.1,evening,22,1,recovery,sunny_26_evening_recovery,view,0.0
U215,D054,stormy,16.3,morning,11,5,pairing,stormy_16_morning_pairing,view,0.0
U271,D038,cloudy,19.1,evening,19,6,pairing,cloudy_19_evening_pairing,rate,1.0
U079,D052,sunny,26.0,afternoon,12,1,casual,sunny_26_afternoon_casual,view,0.0
U014,D091,rainy,10.1,morning,9,5,business,rainy_10_morning_business,view,0.0
U436,D001,sunny,26.1,evening,22,1,recovery,sunny_26_evening_recovery,view,0.0
U490,D004,stormy,12.8,evening,22,2,casual,stormy_13_evening_casual,view,0.0
U416,D009,snowy,-4.2,evening,22,6,business,snowy_-4_evening_business,view,0.0
U067,D116,sunny,33.7,afternoon,14,3,celebration,sunny_34_afternoon_celebration,view,0.0
U250,D062,cloudy,16.7,morning,8,4,business,cloudy_17_morning_business,purchase,1.0
U331,D089,snowy,-1.7,morning,9,2,celebration,snowy_-2_morning_celebration,purchase,1.0
U457,D015,cloudy,15.0,morning,10,0,pairing,cloudy_15_morning_pairing,view,0.0
U004,D030,rainy,12.4,evening,23,1,recovery,rainy_12_evening_recovery,view,0.0
U041,D110,cloudy,19.5,morning,10,1,celebration,cloudy_19_morning_celebration,rate,2.1
U404,D064,rainy,11.5,morning,10,0,casual,rainy_12_morning_casual,view,0.0
U330,D018,cloudy,19.7,afternoon,12,3,casual,cloudy_20_afternoon_casual,view,0.0
U276,D082,stormy,18.3,morning,8,5,casual,stormy_18_morning_casual,view,0.0
U044,D082,sunny,26.1,evening,22,1,recovery,sunny_26_evening_recovery,view,0.0
U055,D074,snowy,4.5,afternoon,16,4,social,snowy_5_afternoon_social,view,0.0
U231,D113,snowy,0.6,afternoon,14,1,social,snowy_1_afternoon_social,view,0.0
U401,D099,snowy,0.6,afternoon,14,0,pairing,snowy_1_afternoon_pairing,view,0.0
U146,D063,rainy,9.4,evening,20,2,business,rainy_9_evening_business,view,0.0
U331,D052,snowy,0.6,afternoon,14,1,social,snowy_1_afternoon_social,rate,4.4
U389,D076,snowy,4.5,afternoon,16,4,social,snowy_5_afternoon_social,view,0.0
U466,D038,snowy,-1.7,morning,9,2,celebration,snowy_-2_morning_celebration,view,0.0
U437,D026,stormy,16.3,morning,11,5,pairing,stormy_16_morning_pairing,purchase,1.0
U438,D022,stormy,15.1,morning,10,6,social,stormy_15_morning_social,view,0.0
U364,D111,snowy,-4.2,evening,22,6,business,snowy_-4_evening_business,view,0.0
U277,D041,snowy,0.6,afternoon,14,0,pairing,snowy_1_afternoon_pairing,view,0.0
U461,D036,sunny,30.7,afternoon,15,3,social,sunny_31_afternoon_social,rate,2.4
U146,D015,snowy,-4.5,afternoon,13,4,social,snowy_-5_afternoon_social,view,0.0
U415,D028,stormy,14.5,evening,23,3,casual,stormy_15_evening_casual,view,0.0
U465,D120,cloudy,18.7,morning,8,3,business,cloudy_19_morning_business,view,0.0
U444,D050,stormy,12.8,evening,22,2,casual,stormy_13_evening_casual,view,0.0
U303,D034,rainy,7.0,afternoon,16,2,social,rainy_7_afternoon_social,view,0.0
U094,D072,cloudy,14.6,morning,8,4,pairing,cloudy_15_morning_pairing,view,0.0
U147,D090,cloudy,11.9,morning,7,1,social,cloudy_12_morning_social,view,0.0
U334,D048,rainy,10.1,morning,9,5,business,rainy_10_morning_business,view,0.0
U093,D054,cloudy,17.3,afternoon,15,3,recovery,cloudy_17_afternoon_recovery,view,0.0
U220,D078,rainy,10.1,morning,9,5,business,rainy_10_morning_business,rate,4.5
U355,D045,rainy,7.0,afternoon,16,2,social,rainy_7_afternoon_social,view,0.0
U168,D112,sunny,30.7,afternoon,15,3,social,sunny_31_afternoon_social,view,0.0
U365,D068,sunny,29.6,afternoon,16,0,recovery,sunny_30_afternoon_recovery,view,0.0
U438,D053,snowy,-4.5,afternoon,13,4,social,snowy_-5_afternoon_social,view,0.0
U317,D042,snowy,4.5,afternoon,16,4,social,snowy_5_afternoon_social,view,0.0
U035,D051,cloudy,14.6,morning,8,4,pairing,cloudy_15_morning_pairing,rate,1.1
U014,D093,snowy,-3.6,morning,8,5,social,snowy_-4_morning_social,view,0.0
U065,D048,rainy,13.9,evening,20,3,recovery,rainy_14_evening_recovery,view,0.0
U201,D014,stormy,12.8,evening,22,2,casual,stormy_13_evening_casual,view,0.0
U407,D099,cloudy,14.6,morning,8,4,pairing,cloudy_15_morning_pairing,view,0.0
U066,D079,snowy,0.6,afternoon,14,1,social,snowy_1_afternoon_social,view,0.0
U382,D103,snowy,-2.1,afternoon,16,2,casual,snowy_-2_afternoon_casual,view,0.0
U152,D023,snowy,-3.2,morning,9,1,business,snowy_-3_morning_business,view,0.0
U254,D064,stormy,15.1,morning,10,6,social,stormy_15_morning_social,view,0.0
U162,D002,stormy,16.2,afternoon,17,0,casual,stormy_16_afternoon_casual,view,0.0
U246,D068,cloudy,17.3,afternoon,15,3,recovery,cloudy_17_afternoon_recovery,view,0.0
U403,D107,cloudy,14.1,evening,23,6,business,cloudy_14_evening_business,view,0.0
U141,D065,cloudy,17.3,afternoon,15,3,recovery,cloudy_17_afternoon_recovery,view,0.0
U155,D079,sunny,26.1,evening,22,1,recovery,sunny_26_evening_recovery,rate,3.4
U087,D048,cloudy,18.7,morning,8,3,business,cloudy_19_morning_business,rate,4.3
U172,D101,stormy,10.7,afternoon,12,0,casual,stormy_11_afternoon_casual,view,0.0
U394,D054,sunny,29.6,afternoon,16,0,recovery,sunny_30_afternoon_recovery,view,0.0
U390,D120,cloudy,17.3,afternoon,15,3,recovery,cloudy_17_afternoon_recovery,rate,1.6
U112,D118,stormy,16.3,morning,11,5,pairing,stormy_16_morning_pairing,view,0.0
U314,D113,cloudy,14.1,evening,23,6,business,cloudy_14_evening_business,view,0.0
U186,D031,rainy,7.0,afternoon,16,2,social,rainy_7_afternoon_social,view,0.0
U013,D018,cloudy,13.9,afternoon,12,5,casual,cloudy_14_afternoon_casual,view,0.0
U141,D115,sunny,30.7,afternoon,15,3,social,sunny_31_afternoon_social,view,0.0
U157,D056,stormy,16.2,afternoon,17,0,casual,stormy_16_afternoon_casual,view,0.0
U183,D077,stormy,16.2,afternoon,17,0,casual,stormy_16_afternoon_casual,view,0.0
U038,D062,cloudy,16.7,morning,8,4,business,cloudy_17_morning_business,view,0.0
U424,D026,cloudy,14.1,evening,23,6,business,cloudy_14_evening_business,view,0.0
U221,D054,cloudy,16.7,morning,8,4,business,cloudy_17_morning_business,view,0.0
U220,D038,rainy,10.1,morning,9,5,business,rainy_10_morning_business,rate,4.4
U329,D038,snowy,0.3,morning,7,0,business,snowy_0_morning_business,view,0.0
U326,D065,cloudy,10.4,afternoon,12,0,recovery,cloudy_10_afternoon_recovery,view,0.0
U015,D098,stormy,10.7,afternoon,12,0,casual,stormy_11_afternoon_casual,view,0.0
U293,D081,cloudy,18.7,morning,8,3,business,cloudy_19_morning_business,view,0.0
U191,D001,cloudy,14.6,morning,8,4,pairing,cloudy_15_morning_pairing,view,0.0
U359,D019,cloudy,13.9,afternoon,12,5,casual,cloudy_14_afternoon_casual,view,0.0
U014,D013,sunny,33.7,afternoon,14,3,celebration,sunny_34_afternoon_celebration,view,0.0
U089,D009,sunny,22.3,morning,11,4,pairing,sunny_22_morning_pairing,view,0.0
U138,D006,sunny,29.6,afternoon,16,0,recovery,sunny_30_afternoon_recovery,view,0.0
U180,D041,cloudy,19.5,morning,10,1,celebration,cloudy_19_morning_celebration,rate,4.0
U272,D028,sunny,21.0,morning,10,2,recovery,sunny_21_morning_recovery,purchase,1.0
U138,D114,rainy,13.9,evening,20,3,recovery,rainy_14_evening_recovery,view,0.0
U408,D019,rainy,9.4,evening,20,2,business,rainy_9_evening_business,view,0.0
U195,D042,snowy,-3.2,morning,9,1,business,snowy_-3_morning_business,view,0.0
U084,D006,sunny,26.1,evening,22,1,recovery,sunny_26_evening_recovery,view,0.0
U030,D009,cloudy,12.4,evening,18,6,pairing,cloudy_12_evening_pairing,view,0.0
U168,D088,cloudy,18.7,morning,8,3,business,cloudy_19_morning_business,view,0.0
U228,D050,snowy,-3.2,morning,9,1,business,snowy_-3_morning_business,rate,1.9
U467,D046,rainy,8.4,evening,21,1,casual,rainy_8_evening_casual,view,0.0
U066,D104,stormy,16.2,afternoon,17,0,casual,stormy_16_afternoon_casual,view,0.0
U438,D112,rainy,12.0,evening,18,0,social,rainy_12_evening_social,view,0.0
U347,D007,stormy,14.5,evening,23,3,casual,stormy_15_evening_casual,view,0.0
U352,D107,snowy,0.3,morning,7,0,business,snowy_0_morning_business,view,0.0
U310,D076,snowy,-4.5,afternoon,13,4,social,snowy_-5_afternoon_social,view,0.0
U230,D050,sunny,23.4,evening,18,0,pairing,sunny_23_evening_pairing,view,0.0
U264,D110,cloudy,19.5,morning,10,1,celebration,cloudy_19_morning_celebration,view,0.0
U226,D057,rainy,14.4,morning,11,1,recovery,rainy_14_morning_recovery,view,0.0
U259,D099,cloudy,19.5,morning,10,1,celebration,cloudy_19_morning_celebration,view,0.0
U266,D012,rainy,8.4,evening,21,1,casual,rainy_8_evening_casual,view,0.0
U466,D088,cloudy,15.0,morning,10,0,pairing,cloudy_15_morning_pairing,view,0.0
U088,D063,stormy,15.1,morning,10,6,social,stormy_15_morning_social,view,0.0
U459,D074,sunny,29.6,afternoon,16,0,recovery,sunny_30_afternoon_recovery,view,0.0
U269,D029,cloudy,18.2,afternoon,17,1,business,cloudy_18_afternoon_business,view,0.0
U461,D090,sunny,33.7,afternoon,14,3,celebration,sunny_34_afternoon_celebration,view,0.0
U078,D109,rainy,10.1,morning,9,5,business,rainy_10_morning_business,view,0.0
U397,D024,snowy,-4.5,afternoon,13,4,social,snowy_-5_afternoon_social,view,0.0
U470,D034,sunny,29.6,afternoon,16,0,recovery,sunny_30_afternoon_recovery,rate,4.3
U375,D090,rainy,10.1,morning,9,5,business,rainy_10_morning_business,view,0.0
U381,D072,cloudy,18.7,morning,8,3,business,cloudy_19_morning_business,view,0.0
U120,D080,snowy,-1.7,morning,9,2,celebration,snowy_-2_morning_celebration,view,0.0
U313,D025,cloudy,18.2,afternoon,17,1,business,cloudy_18_afternoon_business,view,0.0
U189,D112,snowy,0.3,morning,7,0,business,snowy_0_morning_business,view,0.0
U452,D004,cloudy,13.9,afternoon,12,5,casual,cloudy_14_afternoon_casual,rate,4.7
U484,D085,sunny,21.0,morning,10,2,recovery,sunny_21_morning_recovery,view,0.0
U004,D065,stormy,15.1,morning,10,6,social,stormy_15_morning_social,view,0.0
U386,D009,cloudy,14.1,evening,23,6,business,cloudy_14_evening_business,view,0.0
U176,D042,sunny,22.3,morning,11,4,pairing,sunny_22_morning_pairing,view,0.0
U218,D058,stormy,12.8,evening,22,2,casual,stormy_13_evening_casual,view,0.0
U422,D067,sunny,22.3,morning,11,4,pairing,sunny_22_morning_pairing,view,0.0
U360,D086,stormy,14.5,evening,23,3,casual,stormy_15_evening_casual,view,0.0
U199,D019,stormy,16.3,morning,11,5,pairing,stormy_16_morning_pairing,view,0.0
U193,D109,sunny,21.6,afternoon,17,3,recovery,sunny_22_afternoon_recovery,view,0.0
U312,D112,sunny,21.6,afternoon,17,3,recovery,sunny_22_afternoon_recovery,rate,2.2
U098,D075,snowy,0.6,afternoon,14,1,social,snowy_1_afternoon_social,view,0.0
U297,D009,stormy,14.5,evening,23,3,casual,stormy_15_evening_casual,purchase,1.0
U360,D067,rainy,12.4,evening,23,1,recovery,rainy_12_evening_recovery,view,0.0
U352,D049,rainy,12.0,evening,18,0,social,rainy_12_evening_social,view,0.0
U462,D030,rainy,7.0,afternoon,16,2,social,rainy_7_afternoon_social,view,0.0
U059,D053,stormy,10.7,afternoon,12,0,casual,stormy_11_afternoon_casual,view,0.0
U121,D020,stormy,16.2,afternoon,17,0,casual,stormy_16_afternoon_casual,purchase,1.0
U056,D075,cloudy,15.0,morning,10,0,pairing,cloudy_15_morning_pairing,view,0.0
U474,D101,cloudy,14.1,evening,23,6,business,cloudy_14_evening_business,view,0.0
U002,D084,rainy,14.4,morning,11,1,recovery,rainy_14_morning_recovery,view,0.0
U024,D112,cloudy,18.2,afternoon,17,1,business,cloudy_18_afternoon_business,view,0.0
U176,D045,sunny,21.6,afternoon,17,3,recovery,sunny_22_afternoon_recovery,view,0.0
U002,D105,snowy,-2.1,afternoon,16,2,casual,snowy_-2_afternoon_casual,view,0.0
U186,D015,sunny,22.3,morning,11,4,pairing,sunny_22_morning_pairing,view,0.0
U194,D070,sunny,21.6,afternoon,17,3,recovery,sunny_22_afternoon_recovery,rate,2.3
U290,D018,snowy,-1.7,morning,9,2,celebration,snowy_-2_morning_celebration,view,0.0
U251,D044,stormy,10.7,afternoon,12,0,casual,stormy_11_afternoon_casual,view,0.0
U308,D060,snowy,0.6,afternoon,14,0,pairing,snowy_1_afternoon_pairing,view,0.0
U320,D117,rainy,7.0,afternoon,16,2,social,rainy_7_afternoon_social,view,0.0
U087,D071,cloudy,18.2,afternoon,17,1,business,cloudy_18_afternoon_business,view,0.0
U140,D109,snowy,-3.2,morning,9,1,business,snowy_-3_morning_business,view,0.0
U330,D017,sunny,29.6,afternoon,16,0,recovery,sunny_30_afternoon_recovery,view,0.0
U425,D010,snowy,-3.2,morning,9,1,business,snowy_-3_morning_business,purchase,1.0
U015,D028,rainy,14.4,morning,11,1,recovery,rainy_14_morning_recovery,view,0.0
U321,D108,sunny,26.1,evening,22,1,recovery,sunny_26_evening_recovery,view,0.0
U039,D038,sunny,26.0,afternoon,12,1,casual,sunny_26_afternoon_casual,view,0.0
U380,D085,stormy,15.1,morning,10,6,social,stormy_15_morning_social,view,0.0
U453,D097,snowy,4.5,afternoon,16,4,social,snowy_5_afternoon_social,view,0.0
U293,D002,stormy,16.2,afternoon,17,0,casual,stormy_16_afternoon_casual,view,0.0
U435,D117,snowy,0.3,morning,7,0,business,snowy_0_morning_business,view,0.0
U325,D066,rainy,14.4,morning,11,1,recovery,rainy_14_morning_recovery,view,0.0
U498,D117,rainy,13.9,evening,20,3,recovery,rainy_14_evening_recovery,view,0.0
U386,D090,snowy,-4.5,afternoon,13,4,social,snowy_-5_afternoon_social,view,0.0
U138,D022,stormy,16.3,morning,11,5,pairing,stormy_16_morning_pairing,rate,2.2
U405,D085,cloudy,16.7,morning,8,4,business,cloudy_17_morning_business,view,0.0
U301,D091,stormy,16.3,morning,11,5,pairing,stormy_16_morning_pairing,view,0.0
U414,D062,snowy,0.6,afternoon,14,1,social,snowy_1_afternoon_social,view,0.0
U210,D042,stormy,16.2,afternoon,17,0,casual,stormy_16_afternoon_casual,rate,4.0
U032,D008,snowy,-4.2,evening,22,6,business,snowy_-4_evening_business,view,0.0
U334,D015,snowy,-1.7,morning,9,2,celebration,snowy_-2_morning_celebration,view,0.0
U044,D032,snowy,-4.2,evening,22,6,business,snowy_-4_evening_business,view,0.0
U423,D107,cloudy,15.0,morning,10,0,pairing,cloudy_15_morning_pairing,view,0.0
U018,D103,cloudy,17.3,afternoon,15,3,recovery,cloudy_17_afternoon_recovery,view,0.0
U160,D104,sunny,33.7,afternoon,14,3,celebration,sunny_34_afternoon_celebration,view,0.0
U392,D115,snowy,-2.5,morning,7,2,casual,snowy_-2_morning_casual,view,0.0
U355,D111,rainy,10.1,morning,9,5,business,rainy_10_morning_business,view,0.0
U408,D017,snowy,-2.1,afternoon,16,2,casual,snowy_-2_afternoon_casual,view,0.0
U144,D004,cloudy,10.4,afternoon,12,0,recovery,cloudy_10_afternoon_recovery,view,0.0
U174,D075,rainy,12.4,evening,23,1,recovery,rainy_12_evening_recovery,purchase,1.0
U153,D103,rainy,13.9,evening,20,3,recovery,rainy_14_evening_recovery,view,0.0
U117,D025,cloudy,11.9,morning,7,1,social,cloudy_12_morning_social,view,0.0
U006,D066,snowy,-3.6,morning,8,5,social,snowy_-4_morning_social,view,0.0
U095,D048,cloudy,19.5,morning,10,1,celebration,cloudy_19_morning_celebration,view,0.0
U078,D067,snowy,0.6,afternoon,14,0,pairing,snowy_1_afternoon_pairing,view,0.0
U478,D063,rainy,8.4,evening,21,1,casual,rainy_8_evening_casual,view,0.0
U192,D083,snowy,0.6,afternoon,14,1,social,snowy_1_afternoon_social,view,0.0
U229,D050,sunny,22.3,morning,11,4,pairing,sunny_22_morning_pairing,view,0.0
U393,D004,cloudy,10.4,afternoon,12,0,recovery,cloudy_10_afternoon_recovery,view,0.0
U134,D082,stormy,16.3,morning,11,5,pairing,stormy_16_morning_pairing,view,0.0
U128,D067,rainy,7.0,afternoon,16,2,social,rainy_7_afternoon_social,view,0.0
U361,D104,rainy,14.4,morning,11,1,recovery,rainy_14_morning_recovery,view,0.0
U110,D029,rainy,7.0,afternoon,16,2,social,rainy_7_afternoon_social,view,0.0
U283,D060,snowy,-4.2,evening,22,6,business,snowy_-4_evening_business,view,0.0
U210,D036,cloudy,19.5,morning,10,1,celebration,cloudy_19_morning_celebration,view,0.0
U212,D021,cloudy,19.1,evening,19,6,pairing,cloudy_19_evening_pairing,view,0.0
U223,D027,sunny,26.1,evening,22,1,recovery,sunny_26_evening_recovery,rate,4.9
U028,D064,rainy,14.4,morning,11,1,recovery,rainy_14_morning_recovery,view,0.0
U051,D074,cloudy,18.2,afternoon,17,1,business,cloudy_18_afternoon_business,rate,3.7
U423,D100,stormy,12.8,evening,22,2,casual,stormy_13_evening_casual,view,0.0
U380,D019,snowy,-3.2,morning,9,1,business,snowy_-3_morning_business,purchase,1.0
U025,D100,cloudy,10.4,afternoon,12,0,recovery,cloudy_10_afternoon_recovery,view,0.0
U042,D117,snowy,-4.2,evening,22,6,business,snowy_-4_evening_business,view,0.0
U081,D018,cloudy,19.7,afternoon,12,3,casual,cloudy_20_afternoon_casual,view,0.0
U214,D103,sunny,29.6,afternoon,16,0,recovery,sunny_30_afternoon_recovery,view,0.0
U134,D050,rainy,12.0,evening,18,0,social,rainy_12_evening_social,view,0.0
U257,D057,cloudy,13.9,afternoon,12,5,casual,cloudy_14_afternoon_casual,view,0.0
U180,D037,snowy,0.6,afternoon,14,0,pairing,snowy_1_afternoon_pairing,view,0.0
U019,D046,snowy,-3.6,morning,8,5,social,snowy_-4_morning_social,view,0.0
U229,D017,cloudy,11.9,morning,7,1,social,cloudy_12_morning_social,view,0.0
U079,D022,sunny,22.3,morning,11,4,pairing,sunny_22_morning_pairing,view,0.0
U485,D032,cloudy,14.1,evening,23,6,business,cloudy_14_evening_business,view,0.0
U156,D120,rainy,13.9,evening,20,3,recovery,rainy_14_evening_recovery,view,0.0
U341,D078,cloudy,16.7,morning,8,4,business,cloudy_17_morning_business,view,0.0
U364,D075,cloudy,14.6,morning,8,4,pairing,cloudy_15_morning_pairing,rate,1.9
U448,D020,cloudy,18.2,afternoon,17,1,business,cloudy_18_afternoon_business,view,0.0
U314,D016,cloudy,12.4,evening,18,6,pairing,cloudy_12_evening_pairing,view,0.0
U144,D087,snowy,-3.2,morning,9,1,business,snowy_-3_morning_business,view,0.0
U323,D002,cloudy,18.2,afternoon,17,1,business,cloudy_18_afternoon_business,view,0.0
U408,D093,snowy,0.3,morning,7,0,business,snowy_0_morning_business,view,0.0
U468,D082,rainy,10.1,morning,9,5,business,rainy_10_morning_business,view,0.0
U321,D020,sunny,26.1,evening,22,1,recovery,sunny_26_evening_recovery,rate,1.6
U475,D023,cloudy,18.2,afternoon,17,1,business,cloudy_18_afternoon_business,view,0.0
U318,D012,cloudy,13.9,afternoon,12,5,casual,cloudy_14_afternoon_casual,view,0.0
U193,D041,sunny,33.7,afternoon,14,3,celebration,sunny_34_afternoon_celebration,view,0.0
U331,D099,rainy,14.4,morning,11,1,recovery,rainy_14_morning_recovery,view,0.0
U010,D051,sunny,21.6,afternoon,17,3,recovery,sunny_22_afternoon_recovery,view,0.0
U488,D008,cloudy,18.2,afternoon,17,1,business,cloudy_18_afternoon_business,view,0.0
U191,D033,snowy,-4.5,afternoon,13,4,social,snowy_-5_afternoon_social,view,0.0
U277,D003,rainy,7.0,afternoon,16,2,social,rainy_7_afternoon_social,view,0.0
U443,D016,cloudy,14.1,evening,23,6,business,cloudy_14_evening_business,view,0.0
U434,D085,snowy,-3.2,morning,9,1,business,snowy_-3_morning_business,view,0.0
U396,D033,sunny,33.7,afternoon,14,3,celebration,sunny_34_afternoon_celebration,purchase,1.0
U021,D060,snowy,-4.2,evening,22,6,business,snowy_-4_evening_business,view,0.0
U123,D106,stormy,12.8,evening,22,2,casual,stormy_13_evening_casual,view,0.0
U327,D007,stormy,14.5,evening,23,3,casual,stormy_15_evening_casual,view,0.0
U088,D024,stormy,16.3,morning,11,5,pairing,stormy_16_morning_pairing,view,0.0
U431,D008,snowy,0.6,afternoon,14,1,social,snowy_1_afternoon_social,view,0.0
U021,D095,snowy,0.6,afternoon,14,0,pairing,snowy_1_afternoon_pairing,rate,3.2
U447,D016,rainy,13.9,evening,20,3,recovery,rainy_14_evening_recovery,view,0.0
U093,D005,stormy,18.3,morning,8,5,casual,stormy_18_morning_casual,view,0.0
U335,D070,snowy,0.6,afternoon,14,0,pairing,snowy_1_afternoon_pairing,view,0.0
U212,D034,rainy,7.0,afternoon,16,2,social,rainy_7_afternoon_social,view,0.0
U019,D098,cloudy,18.7,morning,8,3,business,cloudy_19_morning_business,view,0.0
U028,D048,cloudy,15.0,morning,10,0,pairing,cloudy_15_morning_pairing,view,0.0
U433,D109,snowy,0.6,afternoon,14,0,pairing,snowy_1_afternoon_pairing,view,0.0
U356,D120,sunny,21.6,afternoon,17,3,recovery,sunny_22_afternoon_recovery,view,0.0
U314,D048,cloudy,19.1,evening,19,6,pairing,cloudy_19_evening_pairing,view,0.0
U491,D007,cloudy,18.7,morning,8,3,business,cloudy_19_morning_business,view,0.0
U324,D078,snowy,-1.7,morning,9,2,celebration,snowy_-2_morning_celebration,view,0.0
U187,D044,sunny,26.1,evening,22,1,recovery,sunny_26_evening_recovery,view,0.0
U329,D101,stormy,14.5,evening,23,3,casual,stormy_15_evening_casual,view,0.0
U199,D007,snowy,0.6,afternoon,14,1,social,snowy_1_afternoon_social,view,0.0
U401,D114,sunny,26.0,afternoon,12,1,casual,sunny_26_afternoon_casual,view,0.0
U346,D058,cloudy,11.9,morning,7,1,social,cloudy_12_morning_social,view,0.0
U009,D115,stormy,15.1,morning,10,6,social,stormy_15_morning_social,view,0.0
U081,D034,cloudy,19.5,morning,10,1,celebration,cloudy_19_morning_celebration,view,0.0
U269,D005,sunny,29.6,afternoon,16,0,recovery,sunny_30_afternoon_recovery,view,0.0
U376,D088,sunny,21.6,afternoon,17,3,recovery,sunny_22_afternoon_recovery,view,0.0
U072,D026,snowy,-4.5,afternoon,13,4,social,snowy_-5_afternoon_social,view,0.0
U156,D113,snowy,0.3,morning,7,0,business,snowy_0_morning_business,view,0.0
U106,D098,sunny,23.4,evening,18,0,pairing,sunny_23_evening_pairing,rate,2.2
U287,D037,snowy,-4.5,afternoon,13,4,social,snowy_-5_afternoon_social,view,0.0
U491,D069,cloudy,11.9,morning,7,1,social,cloudy_12_morning_social,view,0.0
U043,D070,cloudy,19.1,evening,19,6,pairing,cloudy_19_evening_pairing,view,0.0
U130,D079,cloudy,19.1,evening,19,6,pairing,cloudy_19_evening_pairing,rate,3.0
U158,D016,rainy,8.4,evening,21,1,casual,rainy_8_evening_casual,view,0.0
U158,D109,snowy,0.6,afternoon,14,1,social,snowy_1_afternoon_social,view,0.0
U358,D064,stormy,14.5,evening,23,3,casual,stormy_15_evening_casual,view,0.0
U436,D018,cloudy,12.4,evening,18,6,pairing,cloudy_12_evening_pairing,view,0.0
U058,D049,cloudy,15.0,morning,10,0,pairing,cloudy_15_morning_pairing,view,0.0
U301,D054,stormy,12.8,evening,22,2,casual,stormy_13_evening_casual,rate,4.8
U415,D037,rainy,12.0,evening,18,0,social,rainy_12_evening_social,view,0.0
U302,D078,sunny,30.7,afternoon,15,3,social,sunny_31_afternoon_social,rate,3.2
U190,D035,stormy,10.7,afternoon,12,0,casual,stormy_11_afternoon_casual,view,0.0
U301,D118,rainy,14.4,morning,11,1,recovery,rainy_14_morning_recovery,view,0.0
U463,D030,sunny,30.7,afternoon,15,3,social,sunny_31_afternoon_social,view,0.0
U418,D023,sunny,23.4,evening,18,0,pairing,sunny_23_evening_pairing,view,0.0
U481,D071,cloudy,15.0,morning,10,0,pairing,cloudy_15_morning_pairing,view,0.0
U166,D052,sunny,26.0,afternoon,12,1,casual,sunny_26_afternoon_casual,view,0.0
U216,D028,cloudy,15.0,morning,10,0,pairing,cloudy_15_morning_pairing,view,0.0
U098,D112,sunny,26.1,evening,22,1,recovery,sunny_26_evening_recovery,view,0.0
U257,D043,sunny,29.6,afternoon,16,0,recovery,sunny_30_afternoon_recovery,view,0.0
U434,D060,snowy,4.5,afternoon,16,4,social,snowy_5_afternoon_social,view,0.0
U167,D015,rainy,9.4,evening,20,2,business,rainy_9_evening_business,view,0.0
U489,D098,stormy,10.7,afternoon,12,0,casual,stormy_11_afternoon_casual,view,0.0
U362,D006,sunny,23.4,evening,18,0,pairing,sunny_23_evening_pairing,view,0.0
U296,D030,stormy,16.2,afternoon,17,0,casual,stormy_16_afternoon_casual,view,0.0
U493,D013,cloudy,18.7,morning,8,3,business,cloudy_19_morning_business,view,0.0
U234,D003,snowy,-3.2,morning,9,1,business,snowy_-3_morning_business,view,0.0
U363,D050,rainy,12.4,evening,23,1,recovery,rainy_12_evening_recovery,view,0.0
U032,D084,stormy,10.7,afternoon,12,0,casual,stormy_11_afternoon_casual,view,0.0
U483,D102,snowy,-1.7,morning,9,2,celebration,snowy_-2_morning_celebration,view,0.0
U146,D050,rainy,8.4,evening,21,1,casual,rainy_8_evening_casual,view,0.0
U033,D113,cloudy,19.1,evening,19,6,pairing,cloudy_19_evening_pairing,view,0.0
U411,D001,sunny,21.0,morning,10,2,recovery,sunny_21_morning_recovery,view,0.0
U266,D095,sunny,26.0,afternoon,12,1,casual,sunny_26_afternoon_casual,rate,5.0
U375,D112,snowy,-4.5,afternoon,13,4,social,snowy_-5_afternoon_social,view,0.0
U114,D116,rainy,10.1,morning,9,5,business,rainy_10_morning_business,rate,3.4
U357,D025,snowy,0.6,afternoon,14,0,pairing,snowy_1_afternoon_pairing,rate,2.9
U126,D009,sunny,23.4,evening,18,0,pairing,sunny_23_evening_pairing,view,0.0
U053,D112,cloudy,19.7,afternoon,12,3,casual,cloudy_20_afternoon_casual,view,0.0
U380,D072,snowy,0.6,afternoon,14,0,pairing,snowy_1_afternoon_pairing,view,0.0
U400,D083,cloudy,13.9,afternoon,12,5,casual,cloudy_14_afternoon_casual,view,0.0
U287,D118,cloudy,11.9,morning,7,1,social,cloudy_12_morning_social,view,0.0
U179,D109,snowy,-2.1,afternoon,16,2,casual,snowy_-2_afternoon_casual,view,0.0
U414,D036,snowy,0.6,afternoon,14,1,social,snowy_1_afternoon_social,view,0.0
U144,D092,sunny,21.0,morning,10,2,recovery,sunny_21_morning_recovery,view,0.0
U450,D059,rainy,8.4,evening,21,1,casual,rainy_8_evening_casual,view,0.0
U412,D055,stormy,12.8,evening,22,2,casual,stormy_13_evening_casual,view,0.0
U161,D087,sunny,22.3,morning,11,4,pairing,sunny_22_morning_pairing,purchase,1.0
U049,D065,snowy,-1.7,morning,9,2,celebration,snowy_-2_morning_celebration,view,0.0
U283,D089,cloudy,15.0,morning,10,0,pairing,cloudy_15_morning_pairing,view,0.0
U121,D003,snowy,-3.2,morning,9,1,business,snowy_-3_morning_business,view,0.0
U145,D114,cloudy,15.0,morning,10,0,pairing,cloudy_15_morning_pairing,view,0.0
U071,D069,stormy,16.3,morning,11,5,pairing,stormy_16_morning_pairing,view,0.0
U048,D051,snowy,0.3,morning,7,0,business,snowy_0_morning_business,view,0.0
U215,D075,rainy,13.9,evening,20,3,recovery,rainy_14_evening_recovery,view,0.0
U311,D041,rainy,9.4,evening,20,2,business,rainy_9_evening_business,view,0.0
U168,D099,sunny,26.1,evening,22,1,recovery,sunny_26_evening_recovery,view,0.0
U475,D019,cloudy,19.7,afternoon,12,3,casual,cloudy_20_afternoon_casual,view,0.0
U221,D120,rainy,13.9,evening,20,3,recovery,rainy_14_evening_recovery,view,0.0
U247,D104,rainy,12.4,evening,23,1,recovery,rainy_12_evening_recovery,view,0.0
U058,D059,snowy,-3.2,morning,9,1,business,snowy_-3_morning_business,view,0.0
U205,D086,stormy,16.3,morning,11,5,pairing,stormy_16_morning_pairing,view,0.0
U129,D118,cloudy,18.2,afternoon,17,1,business,cloudy_18_afternoon_business,view,0.0
U109,D053,snowy,4.5,afternoon,16,4,social,snowy_5_afternoon_social,rate,2.1
U424,D086,snowy,-2.5,morning,7,2,casual,snowy_-2_morning_casual,view,0.0
U044,D006,cloudy,11.9,morning,7,1,social,cloudy_12_morning_social,view,0.0
U008,D005,snowy,-1.7,morning,9,2,celebration,snowy_-2_morning_celebration,rate,3.7
U422,D009,rainy,13.9,evening,20,3,recovery,rainy_14_evening_recovery,view,0.0
U270,D026,sunny,21.6,afternoon,17,3,recovery,sunny_22_afternoon_recovery,view,0.0
U347,D025,rainy,12.0,evening,18,0,social,rainy_12_evening_social,view,0.0
U208,D033,snowy,-3.6,morning,8,5,social,snowy_-4_morning_social,view,0.0
U112,D058,snowy,-2.1,afternoon,16,2,casual,snowy_-2_afternoon_casual,view,0.0
U428,D093,sunny,29.6,afternoon,16,0,recovery,sunny_30_afternoon_recovery,view,0.0
U413,D093,stormy,15.1,morning,10,6,social,stormy_15_morning_social,view,0.0
U258,D025,cloudy,19.5,morning,10,1,celebration,cloudy_19_morning_celebration,view,0.0
U467,D065,cloudy,12.4,evening,18,6,pairing,cloudy_12_evening_pairing,view,0.0
U247,D116,cloudy,18.7,morning,8,3,business,cloudy_19_morning_business,view,0.0
U069,D038,rainy,14.4,morning,11,1,recovery,rainy_14_morning_recovery,view,0.0
U437,D085,snowy,0.6,afternoon,14,0,pairing,snowy_1_afternoon_pairing,view,0.0
U150,D011,sunny,26.1,evening,22,1,recovery,sunny_26_evening_recovery,view,0.0
U370,D010,cloudy,18.2,afternoon,17,1,business,cloudy_18_afternoon_business,view,0.0
U304,D031,rainy,11.5,morning,10,0,casual,rainy_12_morning_casual,view,0.0
U159,D070,rainy,10.1,morning,9,5,business,rainy_10_morning_business,view,0.0
U272,D025,snowy,-4.2,evening,22,6,business,snowy_-4_evening_business,view,0.0
U169,D103,sunny,26.1,evening,22,1,recovery,sunny_26_evening_recovery,view,0.0
U235,D064,cloudy,10.4,afternoon,12,0,recovery,cloudy_10_afternoon_recovery,view,0.0
U082,D077,rainy,11.5,morning,10,0,casual,rainy_12_morning_casual,view,0.0
U395,D001,rainy,12.4,evening,23,1,recovery,rainy_12_evening_recovery,view,0.0
U274,D078,rainy,12.4,evening,23,1,recovery,rainy_12_evening_recovery,view,0.0
U456,D050,cloudy,14.6,morning,8,4,pairing,cloudy_15_morning_pairing,view,0.0
U080,D107,sunny,23.4,evening,18,0,pairing,sunny_23_evening_pairing,view,0.0
U060,D033,sunny,21.6,afternoon,17,3,recovery,sunny_22_afternoon_recovery,view,0.0
U126,D041,cloudy,19.5,morning,10,1,celebration,cloudy_19_morning_celebration,view,0.0
U085,D089,snowy,-1.7,morning,9,2,celebration,snowy_-2_morning_celebration,view,0.0
U459,D033,sunny,33.7,afternoon,14,3,celebration,sunny_34_afternoon_celebration,rate,1.1
U012,D032,rainy,9.4,evening,20,2,business,rainy_9_evening_business,view,0.0
U399,D051,cloudy,17.3,afternoon,15,3,recovery,cloudy_17_afternoon_recovery,view,0.0
U069,D082,cloudy,11.9,morning,7,1,social,cloudy_12_morning_social,view,0.0
U214,D034,rainy,14.4,morning,11,1,recovery,rainy_14_morning_recovery,view,0.0
U371,D026,snowy,-1.7,morning,9,2,celebration,snowy_-2_morning_celebration,view,0.0
U481,D061,cloudy,19.7,afternoon,12,3,casual,cloudy_20_afternoon_casual,view,0.0
U095,D074,sunny,30.7,afternoon,15,3,social,sunny_31_afternoon_social,view,0.0
U200,D096,sunny,23.4,evening,18,0,pairing,sunny_23_evening_pairing,rate,2.5
U083,D007,snowy,0.3,morning,7,0,business,snowy_0_morning_business,view,0.0
U385,D077,snowy,-3.6,morning,8,5,social,snowy_-4_morning_social,view,0.0
U422,D051,snowy,-4.5,afternoon,13,4,social,snowy_-5_afternoon_social,view,0.0
U383,D067,rainy,14.4,morning,11,1,recovery,rainy_14_morning_recovery,rate,3.0
U010,D008,snowy,-3.2,morning,9,1,business,snowy_-3_morning_business,rate,3.0
U195,D091,sunny,29.6,afternoon,16,0,recovery,sunny_30_afternoon_recovery,view,0.0
U378,D097,rainy,10.1,morning,9,5,business,rainy_10_morning_business,view,0.0
U087,D095,rainy,12.4,evening,23,1,recovery,rainy_12_evening_recovery,view,0.0
U483,D018,sunny,21.0,morning,10,2,recovery,sunny_21_morning_recovery,rate,3.9
U253,D038,sunny,22.3,morning,11,4,pairing,sunny_22_morning_pairing,view,0.0
U137,D023,rainy,10.1,morning,9,5,business,rainy_10_morning_business,view,0.0
U159,D088,stormy,15.1,morning,10,6,social,stormy_15_morning_social,view,0.0
U430,D102,stormy,16.2,afternoon,17,0,casual,stormy_16_afternoon_casual,view,0.0
U211,D115,cloudy,18.2,afternoon,17,1,business,cloudy_18_afternoon_business,view,0.0
U061,D106,cloudy,19.1,evening,19,6,pairing,cloudy_19_evening_pairing,view,0.0
U030,D067,cloudy,11.9,morning,7,1,social,cloudy_12_morning_social,view,0.0
U387,D069,cloudy,19.5,morning,10,1,celebration,cloudy_19_morning_celebration,view,0.0
U186,D057,snowy,0.6,afternoon,14,0,pairing,snowy_1_afternoon_pairing,view,0.0
U201,D060,stormy,16.2,afternoon,17,0,casual,stormy_16_afternoon_casual,view,0.0
U106,D034,rainy,11.5,morning,10,0,casual,rainy_12_morning_casual,view,0.0
U426,D029,cloudy,10.4,afternoon,12,0,recovery,cloudy_10_afternoon_recovery,view,0.0
U073,D067,snowy,-4.5,afternoon,13,4,social,snowy_-5_afternoon_social,rate,1.4
U113,D023,rainy,11.5,morning,10,0,casual,rainy_12_morning_casual,view,0.0
U136,D037,cloudy,14.1,evening,23,6,business,cloudy_14_evening_business,view,0.0
U135,D022,stormy,16.2,afternoon,17,0,casual,stormy_16_afternoon_casual,view,0.0
U277,D089,stormy,10.7,afternoon,12,0,casual,stormy_11_afternoon_casual,view,0.0
U135,D118,sunny,29.6,afternoon,16,0,recovery,sunny_30_afternoon_recovery,view,0.0
U467,D116,cloudy,14.6,morning,8,4,pairing,cloudy_15_morning_pairing,view,0.0
U187,D114,sunny,30.7,afternoon,15,3,social,sunny_31_afternoon_social,view,0.0
U311,D064,snowy,4.5,afternoon,16,4,social,snowy_5_afternoon_social,view,0.0
U168,D053,sunny,26.0,afternoon,12,1,casual,sunny_26_afternoon_casual,view,0.0
U463,D021,sunny,30.7,afternoon,15,3,social,sunny_31_afternoon_social,view,0.0
U111,D052,snowy,0.6,afternoon,14,1,social,snowy_1_afternoon_social,view,0.0
U211,D018,sunny,33.7,afternoon,14,3,celebration,sunny_34_afternoon_celebration,view,0.0
U065,D024,sunny,30.7,afternoon,15,3,social,sunny_31_afternoon_social,rate,1.9
U106,D044,cloudy,18.2,afternoon,17,1,business,cloudy_18_afternoon_business,view,0.0
U068,D109,stormy,10.7,afternoon,12,0,casual,stormy_11_afternoon_casual,view,0.0
U389,D092,sunny,30.7,afternoon,15,3,social,sunny_31_afternoon_social,view,0.0
U103,D112,stormy,16.3,morning,11,5,pairing,stormy_16_morning_pairing,view,0.0
U179,D011,snowy,-3.2,morning,9,1,business,snowy_-3_morning_business,view,0.0
U008,D065,snowy,0.6,afternoon,14,1,social,snowy_1_afternoon_social,view,0.0
U078,D013,snowy,0.6,afternoon,14,0,pairing,snowy_1_afternoon_pairing,view,0.0
U460,D048,rainy,13.9,evening,20,3,recovery,rainy_14_evening_recovery,view,0.0
U390,D087,stormy,16.2,afternoon,17,0,casual,stormy_16_afternoon_casual,view,0.0
U394,D043,cloudy,19.5,morning,10,1,celebration,cloudy_19_morning_celebration,view,0.0
U380,D043,cloudy,11.9,morning,7,1,social,cloudy_12_morning_social,view,0.0
U280,D054,cloudy,18.2,afternoon,17,1,business,cloudy_18_afternoon_business,view,0.0
U339,D045,rainy,13.9,evening,20,3,recovery,rainy_14_evening_recovery,view,0.0
U061,D038,rainy,7.0,afternoon,16,2,social,rainy_7_afternoon_social,view,0.0
U415,D112,snowy,-2.5,morning,7,2,casual,snowy_-2_morning_casual,view,0.0
U495,D100,cloudy,19.1,evening,19,6,pairing,cloudy_19_evening_pairing,rate,2.0
U089,D081,snowy,-4.5,afternoon,13,4,social,snowy_-5_afternoon_social,view,0.0
U388,D022,stormy,10.7,afternoon,12,0,casual,stormy_11_afternoon_casual,view,0.0
U206,D078,stormy,10.7,afternoon,12,0,casual,stormy_11_afternoon_casual,view,0.0
U346,D109,cloudy,13.9,afternoon,12,5,casual,cloudy_14_afternoon_casual,view,0.0
U094,D080,cloudy,18.2,afternoon,17,1,business,cloudy_18_afternoon_business,view,0.0
U228,D099,cloudy,17.3,afternoon,15,3,recovery,cloudy_17_afternoon_recovery,view,0.0
U390,D026,rainy,11.5,morning,10,0,casual,rainy_12_morning_casual,view,0.0
U075,D038,rainy,12.0,evening,18,0,social,rainy_12_evening_social,view,0.0
U437,D015,stormy,15.1,morning,10,6,social,stormy_15_morning_social,view,0.0
U440,D031,cloudy,19.5,morning,10,1,celebration,cloudy_19_morning_celebration,view,0.0
U408,D058,snowy,0.6,afternoon,14,1,social,snowy_1_afternoon_social,view,0.0
U266,D063,snowy,0.6,afternoon,14,1,social,snowy_1_afternoon_social,view,0.0
U499,D098,snowy,-1.7,morning,9,2,celebration,snowy_-2_morning_celebration,view,0.0
U113,D063,sunny,21.0,morning,10,2,recovery,sunny_21_morning_recovery,view,0.0
U145,D018,stormy,10.7,afternoon,12,0,casual,stormy_11_afternoon_casual,view,0.0
U321,D043,rainy,13.9,evening,20,3,recovery,rainy_14_evening_recovery,view,0.0
U376,D069,snowy,-3.2,morning,9,1,business,snowy_-3_morning_business,view,0.0
U055,D038,snowy,0.6,afternoon,14,1,social,snowy_1_afternoon_social,rate,4.5
U077,D089,cloudy,13.9,afternoon,12,5,casual,cloudy_14_afternoon_casual,view,0.0
U263,D057,rainy,14.4,morning,11,1,recovery,rainy_14_morning_recovery,view,0.0
U230,D030,rainy,13.9,evening,20,3,recovery,rainy_14_evening_recovery,view,0.0
U007,D036,snowy,-2.5,morning,7,2,casual,snowy_-2_morning_casual,view,0.0
U420,D109,sunny,33.7,afternoon,14,3,celebration,sunny_34_afternoon_celebration,view,0.0
U059,D103,cloudy,18.7,morning,8,3,business,cloudy_19_morning_business,view,0.0
U036,D043,snowy,-2.5,morning,7,2,casual,snowy_-2_morning_casual,view,0.0
U204,D033,stormy,12.8,evening,22,2,casual,stormy_13_evening_casual,view,0.0
U238,D045,cloudy,14.1,evening,23,6,business,cloudy_14_evening_business,view,0.0
U351,D017,snowy,-3.2,morning,9,1,business,snowy_-3_morning_business,view,0.0
U151,D090,rainy,10.1,morning,9,5,business,rainy_10_morning_business,view,0.0
U068,D110,rainy,12.4,evening,23,1,recovery,rainy_12_evening_recovery,view,0.0
U311,D082,cloudy,19.7,afternoon,12,3,casual,cloudy_20_afternoon_casual,view,0.0
U233,D044,cloudy,19.5,morning,10,1,celebration,cloudy_19_morning_celebration,view,0.0
U363,D102,rainy,8.4,evening,21,1,casual,rainy_8_evening_casual,view,0.0
U404,D025,stormy,18.3,morning,8,5,casual,stormy_18_morning_casual,view,0.0
U465,D061,cloudy,18.7,morning,8,3,business,cloudy_19_morning_business,purchase,1.0
U462,D059,snowy,-4.2,evening,22,6,business,snowy_-4_evening_business,view,0.0
U195,D034,cloudy,18.7,morning,8,3,business,cloudy_19_morning_business,view,0.0
U230,D120,cloudy,12.4,evening,18,6,pairing,cloudy_12_evening_pairing,view,0.0
U287,D027,rainy,11.5,morning,10,0,casual,rainy_12_morning_casual,view,0.0
U239,D009,cloudy,19.5,morning,10,1,celebration,cloudy_19_morning_celebration,view,0.0
U420,D010,stormy,16.3,morning,11,5,pairing,stormy_16_morning_pairing,view,0.0
U167,D007,rainy,14.4,morning,11,1,recovery,rainy_14_morning_recovery,view,0.0
U176,D006,snowy,0.6,afternoon,14,1,social,snowy_1_afternoon_social,view,0.0
U199,D068,rainy,12.4,evening,23,1,recovery,rainy_12_evening_recovery,view,0.0
U327,D010,cloudy,10.4,afternoon,12,0,recovery,cloudy_10_afternoon_recovery,view,0.0
U227,D058,cloudy,10.4,afternoon,12,0,recovery,cloudy_10_afternoon_recovery,view,0.0
U204,D115,snowy,0.3,morning,7,0,business,snowy_0_morning_business,rate,2.2
U252,D010,rainy,7.0,afternoon,16,2,social,rainy_7_afternoon_social,view,0.0
U409,D071,stormy,16.3,morning,11,5,pairing,stormy_16_morning_pairing,view,0.0
U139,D036,cloudy,18.7,morning,8,3,business,cloudy_19_morning_business,view,0.0
U343,D107,cloudy,14.6,morning,8,4,pairing,cloudy_15_morning_pairing,view,0.0
U179,D017,cloudy,15.0,morning,10,0,pairing,cloudy_15_morning_pairing,view,0.0
U124,D022,rainy,12.4,evening,23,1,recovery,rainy_12_evening_recovery,view,0.0
U327,D001,rainy,9.4,evening,20,2,business,rainy_9_evening_business,view,0.0
U398,D111,cloudy,19.7,afternoon,12,3,casual,cloudy_20_afternoon_casual,view,0.0
U297,D081,rainy,14.4,morning,11,1,recovery,rainy_14_morning_recovery,rate,1.1
U041,D045,sunny,30.7,afternoon,15,3,social,sunny_31_afternoon_social,view,0.0
U088,D079,stormy,10.7,afternoon,12,0,casual,stormy_11_afternoon_casual,rate,3.8
U447,D099,cloudy,19.1,evening,19,6,pairing,cloudy_19_evening_pairing,view,0.0
U167,D087,stormy,15.1,morning,10,6,social,stormy_15_morning_social,view,0.0
U224,D115,snowy,0.6,afternoon,14,0,pairing,snowy_1_afternoon_pairing,view,0.0
U069,D067,cloudy,18.7,morning,8,3,business,cloudy_19_morning_business,view,0.0
U309,D091,cloudy,16.7,morning,8,4,business,cloudy_17_morning_business,view,0.0
U130,D111,rainy,12.4,evening,23,1,recovery,rainy_12_evening_recovery,view,0.0
U456,D043,stormy,14.5,evening,23,3,casual,stormy_15_evening_casual,view,0.0
U225,D031,snowy,-3.2,morning,9,1,business,snowy_-3_morning_business,view,0.0
U073,D048,snowy,-2.1,afternoon,16,2,casual,snowy_-2_afternoon_casual,view,0.0
U488,D087,stormy,18.3,morning,8,5,casual,stormy_18_morning_casual,view,0.0
U019,D100,stormy,15.1,morning,10,6,social,stormy_15_morning_social,view,0.0
U269,D116,rainy,8.4,evening,21,1,casual,rainy_8_evening_casual,rate,2.5
U071,D115,cloudy,13.9,afternoon,12,5,casual,cloudy_14_afternoon_casual,view,0.0
U176,D077,sunny,30.7,afternoon,15,3,social,sunny_31_afternoon_social,view,0.0
U479,D091,sunny,29.6,afternoon,16,0,recovery,sunny_30_afternoon_recovery,view,0.0
U383,D001,snowy,-4.5,afternoon,13,4,social,snowy_-5_afternoon_social,view,0.0
U334,D055,cloudy,18.2,afternoon,17,1,business,cloudy_18_afternoon_business,purchase,1.0
U102,D008,stormy,15.1,morning,10,6,social,stormy_15_morning_social,view,0.0
U368,D020,snowy,0.6,afternoon,14,0,pairing,snowy_1_afternoon_pairing,view,0.0
U440,D097,stormy,12.8,evening,22,2,casual,stormy_13_evening_casual,view,0.0
U308,D050,sunny,26.1,evening,22,1,recovery,sunny_26_evening_recovery,view,0.0
U317,D100,rainy,12.0,evening,18,0,social,rainy_12_evening_social,view,0.0
U071,D047,cloudy,16.7,morning,8,4,business,cloudy_17_morning_business,view,0.0
U339,D040,snowy,4.5,afternoon,16,4,social,snowy_5_afternoon_social,view,0.0
U306,D012,snowy,-3.2,morning,9,1,business,snowy_-3_morning_business,view,0.0
U058,D083,snowy,0.6,afternoon,14,1,social,snowy_1_afternoon_social,view,0.0
U112,D036,snowy,-1.7,morning,9,2,celebration,snowy_-2_morning_celebration,view,0.0
U115,D032,snowy,-2.5,morning,7,2,casual,snowy_-2_morning_casual,view,0.0
U437,D119,cloudy,15.0,morning,10,0,pairing,cloudy_15_morning_pairing,view,0.0
U096,D107,rainy,11.5,morning,10,0,casual,rainy_12_morning_casual,view,0.0
U414,D058,cloudy,15.0,morning,10,0,pairing,cloudy_15_morning_pairing,view,0.0
U179,D011,sunny,33.7,afternoon,14,3,celebration,sunny_34_afternoon_celebration,view,0.0
U358,D049,cloudy,19.5,morning,10,1,celebration,cloudy_19_morning_celebration,view,0.0
U263,D005,snowy,0.3,morning,7,0,business,snowy_0_morning_business,view,0.0
U176,D105,cloudy,14.6,morning,8,4,pairing,cloudy_15_morning_pairing,view,0.0
U433,D030,sunny,22.3,morning,11,4,pairing,sunny_22_morning_pairing,view,0.0
U296,D051,sunny,33.7,afternoon,14,3,celebration,sunny_34_afternoon_celebration,view,0.0
U327,D071,sunny,33.7,afternoon,14,3,celebration,sunny_34_afternoon_celebration,view,0.0
U291,D108,sunny,30.7,afternoon,15,3,social,sunny_31_afternoon_social,view,0.0
U052,D112,snowy,-4.2,evening,22,6,business,snowy_-4_evening_business,view,0.0
U332,D081,snowy,4.5,afternoon,16,4,social,snowy_5_afternoon_social,view,0.0
U258,D006,sunny,26.0,afternoon,12,1,casual,sunny_26_afternoon_casual,view,0.0
U171,D082,stormy,16.3,morning,11,5,pairing,stormy_16_morning_pairing,view,0.0
U028,D110,rainy,12.0,evening,18,0,social,rainy_12_evening_social,view,0.0
U255,D012,sunny,22.3,morning,11,4,pairing,sunny_22_morning_pairing,view,0.0
U279,D085,rainy,12.0,evening,18,0,social,rainy_12_evening_social,view,0.0
U112,D105,cloudy,14.1,evening,23,6,business,cloudy_14_evening_business,view,0.0
U150,D115,rainy,13.9,evening,20,3,recovery,rainy_14_evening_recovery,view,0.0
U089,D110,snowy,-4.5,afternoon,13,4,social,snowy_-5_afternoon_social,view,0.0
U174,D090,sunny,21.0,morning,10,2,recovery,sunny_21_morning_recovery,view,0.0
U364,D092,cloudy,18.2,afternoon,17,1,business,cloudy_18_afternoon_business,view,0.0
U077,D104,snowy,0.6,afternoon,14,0,pairing,snowy_1_afternoon_pairing,view,0.0
U423,D076,snowy,-4.2,evening,22,6,business,snowy_-4_evening_business,view,0.0
U286,D105,sunny,29.6,afternoon,16,0,recovery,sunny_30_afternoon_recovery,view,0.0
U211,D031,cloudy,19.7,afternoon,12,3,casual,cloudy_20_afternoon_casual,view,0.0
U153,D068,sunny,29.6,afternoon,16,0,recovery,sunny_30_afternoon_recovery,view,0.0
U484,D063,snowy,-1.7,morning,9,2,celebration,snowy_-2_morning_celebration,view,0.0
U357,D067,rainy,12.0,evening,18,0,social,rainy_12_evening_social,view,0.0
U184,D103,cloudy,19.5,morning,10,1,celebration,cloudy_19_morning_celebration,rate,4.5
U405,D065,cloudy,17.3,afternoon,15,3,recovery,cloudy_17_afternoon_recovery,view,0.0
U303,D095,snowy,-3.2,morning,9,1,business,snowy_-3_morning_business,view,0.0
U066,D005,snowy,0.6,afternoon,14,1,social,snowy_1_afternoon_social,view,0.0
U082,D063,cloudy,16.7,morning,8,4,business,cloudy_17_morning_business,view,0.0
U073,D071,cloudy,13.9,afternoon,12,5,casual,cloudy_14_afternoon_casual,view,0.0
U475,D016,sunny,21.0,morning,10,2,recovery,sunny_21_morning_recovery,view,0.0
U157,D047,rainy,11.5,morning,10,0,casual,rainy_12_morning_casual,view,0.0
U022,D078,cloudy,19.5,morning,10,1,celebration,cloudy_19_morning_celebration,purchase,1.0
U234,D060,cloudy,17.3,afternoon,15,3,recovery,cloudy_17_afternoon_recovery,view,0.0
U259,D034,cloudy,14.1,evening,23,6,business,cloudy_14_evening_business,rate,4.9
U143,D060,cloudy,15.0,morning,10,0,pairing,cloudy_15_morning_pairing,view,0.0
U465,D098,cloudy,15.0,morning,10,0,pairing,cloudy_15_morning_pairing,view,0.0
U180,D023,snowy,-2.5,morning,7,2,casual,snowy_-2_morning_casual,purchase,1.0
U297,D101,rainy,9.4,evening,20,2,business,rainy_9_evening_business,view,0.0
U037,D040,sunny,21.0,morning,10,2,recovery,sunny_21_morning_recovery,view,0.0
U240,D102,stormy,16.3,morning,11,5,pairing,stormy_16_morning_pairing,view,0.0
U347,D009,stormy,16.2,afternoon,17,0,casual,stormy_16_afternoon_casual,view,0.0
U410,D019,cloudy,13.9,afternoon,12,5,casual,cloudy_14_afternoon_casual,view,0.0
U112,D016,cloudy,14.6,morning,8,4,pairing,cloudy_15_morning_pairing,view,0.0
U405,D031,snowy,4.5,afternoon,16,4,social,snowy_5_afternoon_social,view,0.0
U281,D117,stormy,14.5,evening,23,3,casual,stormy_15_evening_casual,rate,4.8
U136,D019,stormy,10.7,afternoon,12,0,casual,stormy_11_afternoon_casual,view,0.0
U489,D049,stormy,18.3,morning,8,5,casual,stormy_18_morning_casual,view,0.0
U446,D114,rainy,7.0,afternoon,16,2,social,rainy_7_afternoon_social,view,0.0
U348,D097,stormy,18.3,morning,8,5,casual,stormy_18_morning_casual,view,0.0
U261,D116,sunny,21.0,morning,10,2,recovery,sunny_21_morning_recovery,view,0.0
U165,D011,sunny,26.0,afternoon,12,1,casual,sunny_26_afternoon_casual,view,0.0
U181,D077,snowy,-3.6,morning,8,5,social,snowy_-4_morning_social,view,0.0
U246,D011,stormy,18.3,morning,8,5,casual,stormy_18_morning_casual,view,0.0
U341,D007,stormy,10.7,afternoon,12,0,casual,stormy_11_afternoon_casual,view,0.0
U191,D064,rainy,9.4,evening,20,2,business,rainy_9_evening_business,view,0.0
U449,D034,snowy,0.6,afternoon,14,1,social,snowy_1_afternoon_social,view,0.0
U037,D030,sunny,22.3,morning,11,4,pairing,sunny_22_morning_pairing,rate,3.6
U135,D014,snowy,0.6,afternoon,14,0,pairing,snowy_1_afternoon_pairing,view,0.0
U290,D080,rainy,11.5,morning,10,0,casual,rainy_12_morning_casual,view,0.0
U443,D070,stormy,14.5,evening,23,3,casual,stormy_15_evening_casual,view,0.0
U004,D096,snowy,4.5,afternoon,16,4,social,snowy_5_afternoon_social,rate,3.6
U460,D010,rainy,13.9,evening,20,3,recovery,rainy_14_evening_recovery,view,0.0
U374,D048,cloudy,19.1,evening,19,6,pairing,cloudy_19_evening_pairing,view,0.0
U121,D024,sunny,21.0,morning,10,2,recovery,sunny_21_morning_recovery,view,0.0
U351,D111,sunny,22.3,morning,11,4,pairing,sunny_22_morning_pairing,view,0.0
U440,D098,snowy,-2.1,afternoon,16,2,casual,snowy_-2_afternoon_casual,purchase,1.0
U071,D105,stormy,16.3,morning,11,5,pairing,stormy_16_morning_pairing,view,0.0
U449,D110,rainy,12.0,evening,18,0,social,rainy_12_evening_social,rate,3.1
U422,D111,cloudy,11.9,morning,7,1,social,cloudy_12_morning_social,view,0.0
U127,D008,cloudy,15.0,morning,10,0,pairing,cloudy_15_morning_pairing,view,0.0
U411,D018,snowy,-2.1,afternoon,16,2,casual,snowy_-2_afternoon_casual,view,0.0
U446,D014,stormy,18.3,morning,8,5,casual,stormy_18_morning_casual,view,0.0
U117,D086,stormy,12.8,evening,22,2,casual,stormy_13_evening_casual,view,0.0
U224,D014,snowy,-1.7,morning,9,2,celebration,snowy_-2_morning_celebration,view,0.0
U134,D114,rainy,14.4,morning,11,1,recovery,rainy_14_morning_recovery,view,0.0
U232,D074,cloudy,11.9,morning,7,1,social,cloudy_12_morning_social,view,0.0
U207,D008,sunny,33.7,afternoon,14,3,celebration,sunny_34_afternoon_celebration,rate,5.0
U093,D024,cloudy,13.9,afternoon,12,5,casual,cloudy_14_afternoon_casual,view,0.0
U225,D084,rainy,12.0,evening,18,0,social,rainy_12_evening_social,view,0.0
U401,D059,sunny,23.4,evening,18,0,pairing,sunny_23_evening_pairing,view,0.0
U048,D023,cloudy,17.3,afternoon,15,3,recovery,cloudy_17_afternoon_recovery,rate,3.3
U368,D104,snowy,-1.7,morning,9,2,celebration,snowy_-2_morning_celebration,view,0.0
U098,D012,cloudy,14.1,evening,23,6,business,cloudy_14_evening_business,view,0.0
U140,D013,stormy,14.5,evening,23,3,casual,stormy_15_evening_casual,view,0.0
U125,D029,snowy,-2.5,morning,7,2,casual,snowy_-2_morning_casual,view,0.0
U031,D077,snowy,-3.2,morning,9,1,business,snowy_-3_morning_business,view,0.0
U258,D033,stormy,14.5,evening,23,3,casual,stormy_15_evening_casual,view,0.0
U377,D059,stormy,16.3,morning,11,5,pairing,stormy_16_morning_pairing,view,0.0
U489,D032,cloudy,18.2,afternoon,17,1,business,cloudy_18_afternoon_business,view,0.0
U215,D088,rainy,12.4,evening,23,1,recovery,rainy_12_evening_recovery,view,0.0
U332,D013,snowy,-4.2,evening,22,6,business,snowy_-4_evening_business,view,0.0
U366,D107,cloudy,11.9,morning,7,1,social,cloudy_12_morning_social,view,0.0
U280,D117,sunny,26.1,evening,22,1,recovery,sunny_26_evening_recovery,view,0.0
U214,D010,stormy,14.5,evening,23,3,casual,stormy_15_evening_casual,view,0.0
U007,D090,rainy,12.4,evening,23,1,recovery,rainy_12_evening_recovery,view,0.0
U159,D005,cloudy,15.0,morning,10,0,pairing,cloudy_15_morning_pairing,rate,1.5
U448,D119,sunny,26.0,afternoon,12,1,casual,sunny_26_afternoon_casual,view,0.0
U293,D078,rainy,12.0,evening,18,0,social,rainy_12_evening_social,view,0.0
U319,D108,snowy,-4.5,afternoon,13,4,social,snowy_-5_afternoon_social,purchase,1.0
U218,D009,snowy,4.5,afternoon,16,4,social,snowy_5_afternoon_social,purchase,1.0
U020,D109,cloudy,17.3,afternoon,15,3,recovery,cloudy_17_afternoon_recovery,view,0.0
U368,D033,rainy,12.0,evening,18,0,social,rainy_12_evening_social,rate,4.4
U322,D018,snowy,-1.7,morning,9,2,celebration,snowy_-2_morning_celebration,view,0.0
U324,D065,snowy,0.3,morning,7,0,business,snowy_0_morning_business,view,0.0
U464,D045,snowy,0.3,morning,7,0,business,snowy_0_morning_business,view,0.0
U420,D001,snowy,-4.2,evening,22,6,business,snowy_-4_evening_business,view,0.0
U203,D106,snowy,4.5,afternoon,16,4,social,snowy_5_afternoon_social,view,0.0
U202,D014,rainy,10.1,morning,9,5,business,rainy_10_morning_business,view,0.0
U171,D022,stormy,12.8,evening,22,2,casual,stormy_13_evening_casual,rate,2.5
U179,D110,cloudy,19.5,morning,10,1,celebration,cloudy_19_morning_celebration,view,0.0
U204,D067,snowy,0.3,morning,7,0,business,snowy_0_morning_business,view,0.0
U078,D061,stormy,12.8,evening,22,2,casual,stormy_13_evening_casual,view,0.0
U306,D046,cloudy,15.0,morning,10,0,pairing,cloudy_15_morning_pairing,view,0.0
U076,D074,rainy,10.1,morning,9,5,business,rainy_10_morning_business,view,0.0
U094,D069,snowy,4.5,afternoon,16,4,social,snowy_5_afternoon_social,view,0.0
U062,D020,cloudy,18.7,morning,8,3,business,cloudy_19_morning_business,view,0.0
U300,D067,cloudy,17.3,afternoon,15,3,recovery,cloudy_17_afternoon_recovery,view,0.0
U125,D045,stormy,18.3,morning,8,5,casual,stormy_18_morning_casual,view,0.0
U202,D034,sunny,30.7,afternoon,15,3,social,sunny_31_afternoon_social,view,0.0
U112,D081,cloudy,15.0,morning,10,0,pairing,cloudy_15_morning_pairing,rate,4.2
U261,D063,sunny,21.6,afternoon,17,3,recovery,sunny_22_afternoon_recovery,view,0.0
U250,D098,rainy,12.0,evening,18,0,social,rainy_12_evening_social,view,0.0
U328,D029,rainy,8.4,evening,21,1,casual,rainy_8_evening_casual,view,0.0
U023,D034,snowy,-3.6,morning,8,5,social,snowy_-4_morning_social,rate,4.9
U160,D117,sunny,21.6,afternoon,17,3,recovery,sunny_22_afternoon_recovery,view,0.0
U185,D039,cloudy,14.6,morning,8,4,pairing,cloudy_15_morning_pairing,view,0.0
U136,D096,snowy,-2.1,afternoon,16,2,casual,snowy_-2_afternoon_casual,view,0.0
U338,D049,sunny,22.3,morning,11,4,pairing,sunny_22_morning_pairing,view,0.0
U277,D010,snowy,-1.7,morning,9,2,celebration,snowy_-2_morning_celebration,view,0.0
U123,D008,snowy,0.3,morning,7,0,business,snowy_0_morning_business,view,0.0
U439,D019,snowy,0.3,morning,7,0,business,snowy_0_morning_business,view,0.0
U232,D051,snowy,0.6,afternoon,14,1,social,snowy_1_afternoon_social,view,0.0
U081,D104,sunny,26.0,afternoon,12,1,casual,sunny_26_afternoon_casual,view,0.0
U452,D070,rainy,12.0,evening,18,0,social,rainy_12_evening_social,view,0.0
U357,D023,rainy,12.4,evening,23,1,recovery,rainy_12_evening_recovery,view,0.0
U441,D054,cloudy,12.4,evening,18,6,pairing,cloudy_12_evening_pairing,view,0.0
U485,D083,snowy,-4.2,evening,22,6,business,snowy_-4_evening_business,view,0.0
U334,D112,sunny,23.4,evening,18,0,pairing,sunny_23_evening_pairing,view,0.0
U110,D052,snowy,-4.2,evening,22,6,business,snowy_-4_evening_business,view,0.0
U201,D074,cloudy,14.6,morning,8,4,pairing,cloudy_15_morning_pairing,view,0.0
U217,D046,cloudy,11.9,morning,7,1,social,cloudy_12_morning_social,view,0.0
U017,D059,rainy,14.4,morning,11,1,recovery,rainy_14_morning_recovery,rate,4.9
U165,D097,sunny,22.3,morning,11,4,pairing,sunny_22_morning_pairing,view,0.0
U035,D002,rainy,9.4,evening,20,2,business,rainy_9_evening_business,rate,4.6
U337,D062,cloudy,19.7,afternoon,12,3,casual,cloudy_20_afternoon_casual,rate,2.8
U333,D060,cloudy,19.1,evening,19,6,pairing,cloudy_19_evening_pairing,view,0.0
U452,D021,cloudy,19.7,afternoon,12,3,casual,cloudy_20_afternoon_casual,rate,2.6
U442,D087,sunny,23.4,evening,18,0,pairing,sunny_23_evening_pairing,rate,4.2
U449,D059,snowy,0.6,afternoon,14,0,pairing,snowy_1_afternoon_pairing,view,0.0
U472,D077,rainy,9.4,evening,20,2,business,rainy_9_evening_business,view,0.0
U293,D096,cloudy,14.1,evening,23,6,business,cloudy_14_evening_business,view,0.0
U216,D116,rainy,10.1,morning,9,5,business,rainy_10_morning_business,view,0.0
U343,D034,stormy,16.3,morning,11,5,pairing,stormy_16_morning_pairing,view,0.0
U300,D028,stormy,16.3,morning,11,5,pairing,stormy_16_morning_pairing,view,0.0
U371,D028,rainy,14.4,morning,11,1,recovery,rainy_14_morning_recovery,view,0.0
U444,D012,rainy,12.0,evening,18,0,social,rainy_12_evening_social,view,0.0
U049,D036,sunny,33.7,afternoon,14,3,celebration,sunny_34_afternoon_celebration,view,0.0
U376,D090,cloudy,16.7,morning,8,4,business,cloudy_17_morning_business,view,0.0
U069,D081,cloudy,18.7,morning,8,3,business,cloudy_19_morning_business,view,0.0
U309,D119,cloudy,14.6,morning,8,4,pairing,cloudy_15_morning_pairing,view,0.0
U461,D020,cloudy,13.9,afternoon,12,5,casual,cloudy_14_afternoon_casual,view,0.0
U351,D067,rainy,7.0,afternoon,16,2,social,rainy_7_afternoon_social,view,0.0
U184,D079,stormy,10.7,afternoon,12,0,casual,stormy_11_afternoon_casual,view,0.0
U263,D112,stormy,16.2,afternoon,17,0,casual,stormy_16_afternoon_casual,view,0.0
U310,D061,cloudy,14.1,evening,23,6,business,cloudy_14_evening_business,view,0.0
U195,D059,snowy,0.3,morning,7,0,business,snowy_0_morning_business,view,0.0
U121,D115,sunny,29.6,afternoon,16,0,recovery,sunny_30_afternoon_recovery,view,0.0
U456,D022,stormy,16.2,afternoon,17,0,casual,stormy_16_afternoon_casual,view,0.0
U078,D103,sunny,22.3,morning,11,4,pairing,sunny_22_morning_pairing,view,0.0
U209,D035,stormy,16.3,morning,11,5,pairing,stormy_16_morning_pairing,view,0.0
U176,D053,sunny,21.6,afternoon,17,3,recovery,sunny_22_afternoon_recovery,view,0.0
U227,D108,rainy,12.0,evening,18,0,social,rainy_12_evening_social,view,0.0
U071,D030,cloudy,19.5,morning,10,1,celebration,cloudy_19_morning_celebration,view,0.0
U215,D072,stormy,10.7,afternoon,12,0,casual,stormy_11_afternoon_casual,view,0.0
U249,D028,snowy,-4.2,evening,22,6,business,snowy_-4_evening_business,view,0.0
U211,D029,sunny,33.7,afternoon,14,3,celebration,sunny_34_afternoon_celebration,view,0.0
U330,D012,rainy,9.4,evening,20,2,business,rainy_9_evening_business,view,0.0
U153,D117,rainy,14.4,morning,11,1,recovery,rainy_14_morning_recovery,view,0.0
U143,D120,stormy,15.1,morning,10,6,social,stormy_15_morning_social,view,0.0
U220,D071,cloudy,15.0,morning,10,0,pairing,cloudy_15_morning_pairing,view,0.0
U180,D032,snowy,0.6,afternoon,14,1,social,snowy_1_afternoon_social,view,0.0
U440,D044,rainy,9.4,evening,20,2,business,rainy_9_evening_business,view,0.0
U414,D016,snowy,-3.2,morning,9,1,business,snowy_-3_morning_business,view,0.0
U018,D013,sunny,21.6,afternoon,17,3,recovery,sunny_22_afternoon_recovery,rate,2.6
U060,D093,cloudy,16.7,morning,8,4,business,cloudy_17_morning_business,view,0.0
U043,D055,stormy,16.3,morning,11,5,pairing,stormy_16_morning_pairing,view,0.0
U034,D048,rainy,9.4,evening,20,2,business,rainy_9_evening_business,view,0.0
U158,D117,rainy,8.4,evening,21,1,casual,rainy_8_evening_casual,view,0.0
U335,D071,cloudy,14.6,morning,8,4,pairing,cloudy_15_morning_pairing,rate,2.3
U468,D015,rainy,9.4,evening,20,2,business,rainy_9_evening_business,view,0.0
U320,D084,rainy,12.4,evening,23,1,recovery,rainy_12_evening_recovery,view,0.0
U246,D111,rainy,11.5,morning,10,0,casual,rainy_12_morning_casual,view,0.0
U471,D078,rainy,14.4,morning,11,1,recovery,rainy_14_morning_recovery,view,0.0
U494,D074,cloudy,16.7,morning,8,4,business,cloudy_17_morning_business,view,0.0
U464,D075,cloudy,16.7,morning,8,4,business,cloudy_17_morning_business,view,0.0
U442,D014,rainy,10.1,morning,9,5,business,rainy_10_morning_business,view,0.0
U461,D067,cloudy,13.9,afternoon,12,5,casual,cloudy_14_afternoon_casual,rate,4.3
U309,D083,rainy,12.0,evening,18,0,social,rainy_12_evening_social,view,0.0
U499,D055,snowy,-4.5,afternoon,13,4,social,snowy_-5_afternoon_social,rate,4.8
U144,D118,sunny,33.7,afternoon,14,3,celebration,sunny_34_afternoon_celebration,purchase,1.0
U081,D069,stormy,16.2,afternoon,17,0,casual,stormy_16_afternoon_casual,view,0.0
U205,D108,stormy,12.8,evening,22,2,casual,stormy_13_evening_casual,view,0.0
U068,D087,sunny,21.0,morning,10,2,recovery,sunny_21_morning_recovery,view,0.0
U085,D006,sunny,30.7,afternoon,15,3,social,sunny_31_afternoon_social,view,0.0
U351,D083,cloudy,18.2,afternoon,17,1,business,cloudy_18_afternoon_business,view,0.0
U078,D050,snowy,-3.2,morning,9,1,business,snowy_-3_morning_business,view,0.0
U271,D083,cloudy,11.9,morning,7,1,social,cloudy_12_morning_social,view,0.0
U197,D069,cloudy,17.3,afternoon,15,3,recovery,cloudy_17_afternoon_recovery,view,0.0
U229,D033,cloudy,19.7,afternoon,12,3,casual,cloudy_20_afternoon_casual,view,0.0
U340,D065,snowy,-4.2,evening,22,6,business,snowy_-4_evening_business,view,0.0
U221,D008,stormy,15.1,morning,10,6,social,stormy_15_morning_social,view,0.0
U474,D013,sunny,26.0,afternoon,12,1,casual,sunny_26_afternoon_casual,view,0.0
U422,D025,snowy,0.3,morning,7,0,business,snowy_0_morning_business,view,0.0
U086,D021,cloudy,13.9,afternoon,12,5,casual,cloudy_14_afternoon_casual,view,0.0
U481,D111,snowy,-3.2,morning,9,1,business,snowy_-3_morning_business,view,0.0
U203,D101,sunny,30.7,afternoon,15,3,social,sunny_31_afternoon_social,view,0.0
U225,D089,snowy,4.5,afternoon,16,4,social,snowy_5_afternoon_social,view,0.0
U028,D043,rainy,9.4,evening,20,2,business,rainy_9_evening_business,view,0.0
U166,D117,cloudy,12.4,evening,18,6,pairing,cloudy_12_evening_pairing,view,0.0
U458,D076,rainy,13.9,evening,20,3,recovery,rainy_14_evening_recovery,view,0.0
U280,D028,cloudy,16.7,morning,8,4,business,cloudy_17_morning_business,view,0.0
U013,D100,stormy,12.8,evening,22,2,casual,stormy_13_evening_casual,view,0.0
U087,D078,cloudy,15.0,morning,10,0,pairing,cloudy_15_morning_pairing,view,0.0
U211,D086,snowy,4.5,afternoon,16,4,social,snowy_5_afternoon_social,view,0.0
U033,D115,cloudy,19.5,morning,10,1,celebration,cloudy_19_morning_celebration,purchase,1.0
U198,D015,stormy,12.8,evening,22,2,casual,stormy_13_evening_casual,view,0.0
U024,D027,cloudy,18.7,morning,8,3,business,cloudy_19_morning_business,view,0.0
U023,D033,sunny,22.3,morning,11,4,pairing,sunny_22_morning_pairing,view,0.0
U056,D029,sunny,23.4,evening,18,0,pairing,sunny_23_evening_pairing,view,0.0
U146,D082,cloudy,17.3,afternoon,15,3,recovery,cloudy_17_afternoon_recovery,view,0.0
U193,D111,snowy,-1.7,morning,9,2,celebration,snowy_-2_morning_celebration,view,0.0
U288,D010,cloudy,19.7,afternoon,12,3,casual,cloudy_20_afternoon_casual,rate,2.6
U139,D099,cloudy,12.4,evening,18,6,pairing,cloudy_12_evening_pairing,rate,3.4
U123,D102,stormy,14.5,evening,23,3,casual,stormy_15_evening_casual,view,0.0
U487,D033,sunny,22.3,morning,11,4,pairing,sunny_22_morning_pairing,view,0.0
U258,D055,stormy,18.3,morning,8,5,casual,stormy_18_morning_casual,view,0.0
U426,D061,snowy,-3.6,morning,8,5,social,snowy_-4_morning_social,view,0.0
U469,D089,snowy,-4.2,evening,22,6,business,snowy_-4_evening_business,view,0.0
U135,D020,cloudy,19.7,afternoon,12,3,casual,cloudy_20_afternoon_casual,view,0.0
U055,D100,sunny,21.0,morning,10,2,recovery,sunny_21_morning_recovery,view,0.0
U163,D100,stormy,14.5,evening,23,3,casual,stormy_15_evening_casual,view,0.0
U107,D016,snowy,-3.6,morning,8,5,social,snowy_-4_morning_social,view,0.0
U002,D001,snowy,4.5,afternoon,16,4,social,snowy_5_afternoon_social,view,0.0
U391,D088,stormy,16.2,afternoon,17,0,casual,stormy_16_afternoon_casual,view,0.0
U274,D088,cloudy,15.0,morning,10,0,pairing,cloudy_15_morning_pairing,view,0.0
U458,D073,cloudy,18.7,morning,8,3,business,cloudy_19_morning_business,view,0.0
U455,D068,cloudy,11.9,morning,7,1,social,cloudy_12_morning_social,view,0.0
U224,D044,rainy,12.0,evening,18,0,social,rainy_12_evening_social,view,0.0
U138,D014,snowy,-4.2,evening,22,6,business,snowy_-4_evening_business,view,0.0
U088,D018,rainy,12.0,evening,18,0,social,rainy_12_evening_social,view,0.0
U041,D025,stormy,14.5,evening,23,3,casual,stormy_15_evening_casual,view,0.0
U368,D094,sunny,33.7,afternoon,14,3,celebration,sunny_34_afternoon_celebration,view,0.0
U324,D048,stormy,12.8,evening,22,2,casual,stormy_13_evening_casual,view,0.0
U402,D111,stormy,16.3,morning,11,5,pairing,stormy_16_morning_pairing,view,0.0
U407,D035,cloudy,17.3,afternoon,15,3,recovery,cloudy_17_afternoon_recovery,view,0.0
U254,D085,sunny,30.7,afternoon,15,3,social,sunny_31_afternoon_social,view,0.0
U032,D012,stormy,16.2,afternoon,17,0,casual,stormy_16_afternoon_casual,view,0.0
U256,D086,cloudy,12.4,evening,18,6,pairing,cloudy_12_evening_pairing,purchase,1.0
U301,D035,stormy,15.1,morning,10,6,social,stormy_15_morning_social,view,0.0
U474,D003,sunny,21.6,afternoon,17,3,recovery,sunny_22_afternoon_recovery,view,0.0
U156,D087,stormy,12.8,evening,22,2,casual,stormy_13_evening_casual,view,0.0
U139,D038,sunny,26.1,evening,22,1,recovery,sunny_26_evening_recovery,view,0.0
U364,D046,sunny,26.1,evening,22,1,recovery,sunny_26_evening_recovery,view,0.0
U060,D054,sunny,21.6,afternoon,17,3,recovery,sunny_22_afternoon_recovery,view,0.0
U458,D117,snowy,0.6,afternoon,14,1,social,snowy_1_afternoon_social,view,0.0
U333,D010,cloudy,18.2,afternoon,17,1,business,cloudy_18_afternoon_business,view,0.0
U058,D110,sunny,23.4,evening,18,0,pairing,sunny_23_evening_pairing,view,0.0
U418,D106,snowy,-2.5,morning,7,2,casual,snowy_-2_morning_casual,view,0.0
U161,D072,cloudy,15.0,morning,10,0,pairing,cloudy_15_morning_pairing,view,0.0
U136,D046,rainy,10.1,morning,9,5,business,rainy_10_morning_business,rate,2.4
U071,D077,sunny,21.0,morning,10,2,recovery,sunny_21_morning_recovery,view,0.0
U075,D014,stormy,18.3,morning,8,5,casual,stormy_18_morning_casual,view,0.0
U189,D108,snowy,0.3,morning,7,0,business,snowy_0_morning_business,view,0.0
U473,D048,cloudy,12.4,evening,18,6,pairing,cloudy_12_evening_pairing,view,0.0
U017,D069,snowy,-3.2,morning,9,1,business,snowy_-3_morning_business,view,0.0
U146,D026,sunny,23.4,evening,18,0,pairing,sunny_23_evening_pairing,view,0.0
U169,D079,snowy,-1.7,morning,9,2,celebration,snowy_-2_morning_celebration,rate,1.8
U460,D041,snowy,0.3,morning,7,0,business,snowy_0_morning_business,view,0.0
U273,D097,sunny,21.6,afternoon,17,3,recovery,sunny_22_afternoon_recovery,rate,3.7
U446,D008,cloudy,13.9,afternoon,12,5,casual,cloudy_14_afternoon_casual,view,0.0
U450,D045,snowy,-2.1,afternoon,16,2,casual,snowy_-2_afternoon_casual,view,0.0
U403,D077,rainy,14.4,morning,11,1,recovery,rainy_14_morning_recovery,view,0.0
U281,D038,sunny,23.4,evening,18,0,pairing,sunny_23_evening_pairing,view,0.0
U056,D039,cloudy,14.6,morning,8,4,pairing,cloudy_15_morning_pairing,rate,1.3
U315,D048,stormy,16.2,afternoon,17,0,casual,stormy_16_afternoon_casual,view,0.0
U292,D096,sunny,30.7,afternoon,15,3,social,sunny_31_afternoon_social,view,0.0
U220,D019,cloudy,14.6,morning,8,4,pairing,cloudy_15_morning_pairing,view,0.0
U233,D081,rainy,7.0,afternoon,16,2,social,rainy_7_afternoon_social,view,0.0
U255,D018,snowy,-4.2,evening,22,6,business,snowy_-4_evening_business,view,0.0
U387,D021,cloudy,13.9,afternoon,12,5,casual,cloudy_14_afternoon_casual,view,0.0
U111,D057,cloudy,10.4,afternoon,12,0,recovery,cloudy_10_afternoon_recovery,view,0.0
U216,D045,stormy,12.8,evening,22,2,casual,stormy_13_evening_casual,view,0.0
U328,D064,rainy,14.4,morning,11,1,recovery,rainy_14_morning_recovery,view,0.0
U491,D031,sunny,21.6,afternoon,17,3,recovery,sunny_22_afternoon_recovery,view,0.0
U461,D105,snowy,0.6,afternoon,14,1,social,snowy_1_afternoon_social,purchase,1.0
U499,D067,cloudy,10.4,afternoon,12,0,recovery,cloudy_10_afternoon_recovery,view,0.0
U221,D011,stormy,18.3,morning,8,5,casual,stormy_18_morning_casual,view,0.0
U154,D053,rainy,10.1,morning,9,5,business,rainy_10_morning_business,view,0.0
U394,D031,sunny,23.4,evening,18,0,pairing,sunny_23_evening_pairing,view,0.0
U282,D020,sunny,26.0,afternoon,12,1,casual,sunny_26_afternoon_casual,rate,5.0
U071,D090,sunny,30.7,afternoon,15,3,social,sunny_31_afternoon_social,rate,1.8
U078,D086,rainy,12.0,evening,18,0,social,rainy_12_evening_social,view,0.0
U467,D119,snowy,-2.5,morning,7,2,casual,snowy_-2_morning_casual,view,0.0
U375,D053,sunny,33.7,afternoon,14,3,celebration,sunny_34_afternoon_celebration,view,0.0
U212,D008,snowy,-2.5,morning,7,2,casual,snowy_-2_morning_casual,view,0.0
U233,D070,snowy,0.3,morning,7,0,business,snowy_0_morning_business,purchase,1.0
U053,D045,sunny,26.1,evening,22,1,recovery,sunny_26_evening_recovery,view,0.0
U289,D079,snowy,-4.5,afternoon,13,4,social,snowy_-5_afternoon_social,view,0.0
U063,D005,stormy,15.1,morning,10,6,social,stormy_15_morning_social,rate,2.4
U180,D016,snowy,-2.5,morning,7,2,casual,snowy_-2_morning_casual,view,0.0
U215,D077,rainy,9.4,evening,20,2,business,rainy_9_evening_business,view,0.0
U174,D098,sunny,26.1,evening,22,1,recovery,sunny_26_evening_recovery,view,0.0
U315,D050,snowy,0.6,afternoon,14,1,social,snowy_1_afternoon_social,view,0.0
U356,D047,stormy,16.2,afternoon,17,0,casual,stormy_16_afternoon_casual,view,0.0
U084,D005,rainy,13.9,evening,20,3,recovery,rainy_14_evening_recovery,rate,2.3
U153,D030,rainy,10.1,morning,9,5,business,rainy_10_morning_business,view,0.0
U156,D094,cloudy,19.5,morning,10,1,celebration,cloudy_19_morning_celebration,view,0.0
U020,D099,cloudy,16.7,morning,8,4,business,cloudy_17_morning_business,view,0.0
U438,D098,sunny,30.7,afternoon,15,3,social,sunny_31_afternoon_social,view,0.0
U156,D050,sunny,23.4,evening,18,0,pairing,sunny_23_evening_pairing,view,0.0
U457,D010,sunny,21.0,morning,10,2,recovery,sunny_21_morning_recovery,rate,4.4
U107,D043,stormy,18.3,morning,8,5,casual,stormy_18_morning_casual,view,0.0
U046,D061,snowy,4.5,afternoon,16,4,social,snowy_5_afternoon_social,view,0.0
U448,D087,snowy,0.6,afternoon,14,1,social,snowy_1_afternoon_social,view,0.0
U277,D022,rainy,14.4,morning,11,1,recovery,rainy_14_morning_recovery,view,0.0
U202,D063,snowy,-4.5,afternoon,13,4,social,snowy_-5_afternoon_social,view,0.0
U285,D052,rainy,8.4,evening,21,1,casual,rainy_8_evening_casual,rate,2.4
U475,D025,rainy,12.0,evening,18,0,social,rainy_12_evening_social,view,0.0
U217,D041,snowy,4.5,afternoon,16,4,social,snowy_5_afternoon_social,view,0.0
U404,D069,stormy,12.8,evening,22,2,casual,stormy_13_evening_casual,view,0.0
U226,D058,snowy,0.6,afternoon,14,0,pairing,snowy_1_afternoon_pairing,view,0.0
U208,D029,rainy,9.4,evening,20,2,business,rainy_9_evening_business,view,0.0
U111,D062,cloudy,19.7,afternoon,12,3,casual,cloudy_20_afternoon_casual,view,0.0
U132,D113,rainy,14.4,morning,11,1,recovery,rainy_14_morning_recovery,view,0.0
U161,D078,sunny,30.7,afternoon,15,3,social,sunny_31_afternoon_social,view,0.0
U412,D007,cloudy,18.7,morning,8,3,business,cloudy_19_morning_business,view,0.0
U113,D036,sunny,23.4,evening,18,0,pairing,sunny_23_evening_pairing,view,0.0
U241,D006,cloudy,11.9,morning,7,1,social,cloudy_12_morning_social,view,0.0
U140,D041,sunny,29.6,afternoon,16,0,recovery,sunny_30_afternoon_recovery,view,0.0
U482,D025,stormy,10.7,afternoon,12,0,casual,stormy_11_afternoon_casual,view,0.0
U343,D073,cloudy,17.3,afternoon,15,3,recovery,cloudy_17_afternoon_recovery,view,0.0
U230,D009,snowy,-3.6,morning,8,5,social,snowy_-4_morning_social,view,0.0
U216,D111,sunny,21.6,afternoon,17,3,recovery,sunny_22_afternoon_recovery,view,0.0
U168,D026,cloudy,18.2,afternoon,17,1,business,cloudy_18_afternoon_business,view,0.0
U452,D059,snowy,-1.7,morning,9,2,celebration,snowy_-2_morning_celebration,view,0.0
U248,D047,snowy,-4.2,evening,22,6,business,snowy_-4_evening_business,view,0.0
U042,D051,cloudy,19.5,morning,10,1,celebration,cloudy_19_morning_celebration,view,0.0
U193,D042,cloudy,18.2,afternoon,17,1,business,cloudy_18_afternoon_business,view,0.0
U106,D044,sunny,30.7,afternoon,15,3,social,sunny_31_afternoon_social,view,0.0
U326,D038,rainy,9.4,evening,20,2,business,rainy_9_evening_business,view,0.0
U151,D074,rainy,8.4,evening,21,1,casual,rainy_8_evening_casual,view,0.0
U407,D120,stormy,12.8,evening,22,2,casual,stormy_13_evening_casual,view,0.0
U254,D001,stormy,14.5,evening,23,3,casual,stormy_15_evening_casual,view,0.0
U465,D034,snowy,0.3,morning,7,0,business,snowy_0_morning_business,view,0.0
U238,D051,sunny,22.3,morning,11,4,pairing,sunny_22_morning_pairing,view,0.0
U227,D082,stormy,16.3,morning,11,5,pairing,stormy_16_morning_pairing,view,0.0
U335,D117,snowy,-4.5,afternoon,13,4,social,snowy_-5_afternoon_social,view,0.0
U481,D010,cloudy,19.5,morning,10,1,celebration,cloudy_19_morning_celebration,view,0.0
U323,D036,rainy,14.4,morning,11,1,recovery,rainy_14_morning_recovery,view,0.0
U417,D028,cloudy,15.0,morning,10,0,pairing,cloudy_15_morning_pairing,view,0.0
U464,D009,stormy,18.3,morning,8,5,casual,stormy_18_morning_casual,rate,4.3
U381,D076,cloudy,16.7,morning,8,4,business,cloudy_17_morning_business,view,0.0
U485,D021,rainy,9.4,evening,20,2,business,rainy_9_evening_business,view,0.0
U157,D053,stormy,16.3,morning,11,5,pairing,stormy_16_morning_pairing,view,0.0
U175,D116,rainy,12.4,evening,23,1,recovery,rainy_12_evening_recovery,view,0.0
U074,D096,sunny,22.3,morning,11,4,pairing,sunny_22_morning_pairing,view,0.0
U406,D027,snowy,-3.6,morning,8,5,social,snowy_-4_morning_social,view,0.0
U075,D046,rainy,13.9,evening,20,3,recovery,rainy_14_evening_recovery,view,0.0
U161,D058,cloudy,14.6,morning,8,4,pairing,cloudy_15_morning_pairing,view,0.0
U395,D038,cloudy,12.4,evening,18,6,pairing,cloudy_12_evening_pairing,view,0.0
U135,D001,rainy,13.9,evening,20,3,recovery,rainy_14_evening_recovery,view,0.0
U158,D094,stormy,14.5,evening,23,3,casual,stormy_15_evening_casual,view,0.0
U259,D055,snowy,-4.5,afternoon,13,4,social,snowy_-5_afternoon_social,view,0.0
U377,D042,sunny,29.6,afternoon,16,0,recovery,sunny_30_afternoon_recovery,view,0.0
U230,D083,cloudy,18.7,morning,8,3,business,cloudy_19_morning_business,view,0.0
U461,D039,snowy,-3.2,morning,9,1,business,snowy_-3_morning_business,view,0.0
U076,D044,sunny,30.7,afternoon,15,3,social,sunny_31_afternoon_social,view,0.0
U498,D048,rainy,10.1,morning,9,5,business,rainy_10_morning_business,view,0.0
U067,D102,cloudy,19.1,evening,19,6,pairing,cloudy_19_evening_pairing,view,0.0
U277,D105,stormy,14.5,evening,23,3,casual,stormy_15_evening_casual,view,0.0
U144,D028,rainy,12.0,evening,18,0,social,rainy_12_evening_social,view,0.0
U308,D046,rainy,10.1,morning,9,5,business,rainy_10_morning_business,view,0.0
U166,D084,cloudy,14.1,evening,23,6,business,cloudy_14_evening_business,view,0.0
U169,D098,sunny,21.6,afternoon,17,3,recovery,sunny_22_afternoon_recovery,rate,1.0
U155,D032,rainy,13.9,evening,20,3,recovery,rainy_14_evening_recovery,view,0.0
U186,D118,rainy,9.4,evening,20,2,business,rainy_9_evening_business,view,0.0
U495,D018,snowy,0.6,afternoon,14,1,social,snowy_1_afternoon_social,view,0.0
U223,D042,rainy,14.4,morning,11,1,recovery,rainy_14_morning_recovery,view,0.0
U424,D065,stormy,16.3,morning,11,5,pairing,stormy_16_morning_pairing,view,0.0
U023,D057,snowy,0.3,morning,7,0,business,snowy_0_morning_business,view,0.0
U218,D055,sunny,23.4,evening,18,0,pairing,sunny_23_evening_pairing,view,0.0
U465,D016,rainy,11.5,morning,10,0,casual,rainy_12_morning_casual,view,0.0
U266,D038,sunny,26.0,afternoon,12,1,casual,sunny_26_afternoon_casual,view,0.0
U438,D113,sunny,26.1,evening,22,1,recovery,sunny_26_evening_recovery,view,0.0
U454,D092,cloudy,11.9,morning,7,1,social,cloudy_12_morning_social,rate,1.7
U050,D104,sunny,29.6,afternoon,16,0,recovery,sunny_30_afternoon_recovery,view,0.0
U057,D054,rainy,7.0,afternoon,16,2,social,rainy_7_afternoon_social,view,0.0
U191,D009,sunny,29.6,afternoon,16,0,recovery,sunny_30_afternoon_recovery,view,0.0
U243,D003,snowy,0.6,afternoon,14,1,social,snowy_1_afternoon_social,view,0.0
U479,D089,sunny,26.0,afternoon,12,1,casual,sunny_26_afternoon_casual,view,0.0
U365,D008,snowy,0.3,morning,7,0,business,snowy_0_morning_business,view,0.0
U255,D045,cloudy,14.1,evening,23,6,business,cloudy_14_evening_business,view,0.0
U337,D111,cloudy,19.5,morning,10,1,celebration,cloudy_19_morning_celebration,view,0.0
U094,D010,cloudy,18.7,morning,8,3,business,cloudy_19_morning_business,view,0.0
U402,D012,cloudy,18.7,morning,8,3,business,cloudy_19_morning_business,view,0.0
U267,D073,sunny,30.7,afternoon,15,3,social,sunny_31_afternoon_social,view,0.0
U153,D111,snowy,0.6,afternoon,14,1,social,snowy_1_afternoon_social,view,0.0
U113,D038,cloudy,11.9,morning,7,1,social,cloudy_12_morning_social,view,0.0
U217,D047,stormy,12.8,evening,22,2,casual,stormy_13_evening_casual,view,0.0
U107,D009,sunny,22.3,morning,11,4,pairing,sunny_22_morning_pairing,purchase,1.0
U323,D053,snowy,-2.1,afternoon,16,2,casual,snowy_-2_afternoon_casual,rate,4.2
U309,D028,sunny,29.6,afternoon,16,0,recovery,sunny_30_afternoon_recovery,view,0.0
U275,D086,cloudy,17.3,afternoon,15,3,recovery,cloudy_17_afternoon_recovery,view,0.0
U364,D048,snowy,0.6,afternoon,14,1,social,snowy_1_afternoon_social,view,0.0
U203,D002,cloudy,16.7,morning,8,4,business,cloudy_17_morning_business,view,0.0
U389,D064,cloudy,14.6,morning,8,4,pairing,cloudy_15_morning_pairing,view,0.0
U278,D074,rainy,8.4,evening,21,1,casual,rainy_8_evening_casual,view,0.0
U110,D046,sunny,33.7,afternoon,14,3,celebration,sunny_34_afternoon_celebration,view,0.0
U291,D001,sunny,21.6,afternoon,17,3,recovery,sunny_22_afternoon_recovery,rate,3.8
U191,D066,rainy,12.0,evening,18,0,social,rainy_12_evening_social,view,0.0
U326,D055,rainy,12.4,evening,23,1,recovery,rainy_12_evening_recovery,view,0.0
U463,D033,rainy,13.9,evening,20,3,recovery,rainy_14_evening_recovery,view,0.0
U396,D043,sunny,21.6,afternoon,17,3,recovery,sunny_22_afternoon_recovery,view,0.0
U285,D055,cloudy,14.6,morning,8,4,pairing,cloudy_15_morning_pairing,rate,3.1
U390,D098,cloudy,14.6,morning,8,4,pairing,cloudy_15_morning_pairing,view,0.0
U054,D092,rainy,8.4,evening,21,1,casual,rainy_8_evening_casual,view,0.0
U195,D025,cloudy,19.1,evening,19,6,pairing,cloudy_19_evening_pairing,view,0.0
U061,D038,cloudy,15.0,morning,10,0,pairing,cloudy_15_morning_pairing,view,0.0
U488,D037,snowy,-3.6,morning,8,5,social,snowy_-4_morning_social,view,0.0
U162,D088,snowy,4.5,afternoon,16,4,social,snowy_5_afternoon_social,view,0.0
U083,D009,cloudy,11.9,morning,7,1,social,cloudy_12_morning_social,view,0.0
U219,D018,snowy,-1.7,morning,9,2,celebration,snowy_-2_morning_celebration,rate,2.6
U234,D089,rainy,12.4,evening,23,1,recovery,rainy_12_evening_recovery,view,0.0
U420,D097,sunny,21.0,morning,10,2,recovery,sunny_21_morning_recovery,view,0.0
U100,D017,rainy,13.9,evening,20,3,recovery,rainy_14_evening_recovery,view,0.0
U251,D002,snowy,-2.5,morning,7,2,casual,snowy_-2_morning_casual,view,0.0
U495,D109,sunny,22.3,morning,11,4,pairing,sunny_22_morning_pairing,view,0.0
U336,D107,sunny,26.0,afternoon,12,1,casual,sunny_26_afternoon_casual,view,0.0
U130,D112,cloudy,12.4,evening,18,6,pairing,cloudy_12_evening_pairing,view,0.0
U222,D051,rainy,13.9,evening,20,3,recovery,rainy_14_evening_recovery,view,0.0
U464,D013,snowy,0.6,afternoon,14,0,pairing,snowy_1_afternoon_pairing,view,0.0
U312,D072,sunny,29.6,afternoon,16,0,recovery,sunny_30_afternoon_recovery,view,0.0
U473,D059,snowy,-4.2,evening,22,6,business,snowy_-4_evening_business,purchase,1.0
U439,D120,sunny,29.6,afternoon,16,0,recovery,sunny_30_afternoon_recovery,view,0.0
U477,D070,snowy,-2.1,afternoon,16,2,casual,snowy_-2_afternoon_casual,view,0.0
U419,D091,stormy,16.2,afternoon,17,0,casual,stormy_16_afternoon_casual,view,0.0
U202,D051,cloudy,11.9,morning,7,1,social,cloudy_12_morning_social,view,0.0
U434,D099,snowy,-2.5,morning,7,2,casual,snowy_-2_morning_casual,view,0.0
U148,D013,stormy,18.3,morning,8,5,casual,stormy_18_morning_casual,view,0.0
U403,D092,cloudy,18.2,afternoon,17,1,business,cloudy_18_afternoon_business,view,0.0
U316,D068,rainy,11.5,morning,10,0,casual,rainy_12_morning_casual,view,0.0
U270,D095,cloudy,11.9,morning,7,1,social,cloudy_12_morning_social,view,0.0
U428,D102,cloudy,19.5,morning,10,1,celebration,cloudy_19_morning_celebration,view,0.0
U023,D119,cloudy,11.9,morning,7,1,social,cloudy_12_morning_social,view,0.0
U425,D060,snowy,-2.1,afternoon,16,2,casual,snowy_-2_afternoon_casual,view,0.0
U049,D047,snowy,-4.2,evening,22,6,business,snowy_-4_evening_business,view,0.0
U262,D083,snowy,-3.2,morning,9,1,business,snowy_-3_morning_business,view,0.0
U321,D005,snowy,4.5,afternoon,16,4,social,snowy_5_afternoon_social,view,0.0
U111,D043,snowy,-2.1,afternoon,16,2,casual,snowy_-2_afternoon_casual,view,0.0
U457,D005,rainy,14.4,morning,11,1,recovery,rainy_14_morning_recovery,view,0.0
U385,D094,cloudy,14.1,evening,23,6,business,cloudy_14_evening_business,view,0.0
U278,D072,snowy,-2.1,afternoon,16,2,casual,snowy_-2_afternoon_casual,view,0.0
U116,D084,sunny,23.4,evening,18,0,pairing,sunny_23_evening_pairing,view,0.0
U066,D081,rainy,13.9,evening,20,3,recovery,rainy_14_evening_recovery,view,0.0
U234,D051,snowy,0.6,afternoon,14,1,social,snowy_1_afternoon_social,view,0.0
U337,D009,snowy,0.6,afternoon,14,1,social,snowy_1_afternoon_social,view,0.0
U295,D075,stormy,14.5,evening,23,3,casual,stormy_15_evening_casual,view,0.0
U322,D010,sunny,30.7,afternoon,15,3,social,sunny_31_afternoon_social,view,0.0
U083,D059,sunny,23.4,evening,18,0,pairing,sunny_23_evening_pairing,view,0.0
U326,D032,snowy,-4.2,evening,22,6,business,snowy_-4_evening_business,view,0.0
U315,D067,sunny,22.3,morning,11,4,pairing,sunny_22_morning_pairing,view,0.0
U422,D081,snowy,-3.6,morning,8,5,social,snowy_-4_morning_social,view,0.0
U472,D070,snowy,-1.7,morning,9,2,celebration,snowy_-2_morning_celebration,view,0.0
U283,D048,sunny,30.7,afternoon,15,3,social,sunny_31_afternoon_social,view,0.0
U054,D055,sunny,22.3,morning,11,4,pairing,sunny_22_morning_pairing,view,0.0
U371,D034,rainy,9.4,evening,20,2,business,rainy_9_evening_business,rate,2.8
U146,D003,sunny,30.7,afternoon,15,3,social,sunny_31_afternoon_social,view,0.0
U019,D086,cloudy,19.7,afternoon,12,3,casual,cloudy_20_afternoon_casual,view,0.0
U197,D052,snowy,0.6,afternoon,14,1,social,snowy_1_afternoon_social,view,0.0
U284,D046,rainy,14.4,morning,11,1,recovery,rainy_14_morning_recovery,view,0.0
U136,D116,stormy,10.7,afternoon,12,0,casual,stormy_11_afternoon_casual,view,0.0
U208,D074,sunny,26.1,evening,22,1,recovery,sunny_26_evening_recovery,view,0.0
U094,D030,cloudy,10.4,afternoon,12,0,recovery,cloudy_10_afternoon_recovery,view,0.0
U366,D063,cloudy,19.7,afternoon,12,3,casual,cloudy_20_afternoon_casual,view,0.0
U431,D084,stormy,10.7,afternoon,12,0,casual,stormy_11_afternoon_casual,view,0.0
U302,D104,stormy,12.8,evening,22,2,casual,stormy_13_evening_casual,view,0.0
U418,D078,stormy,14.5,evening,23,3,casual,stormy_15_evening_casual,view,0.0
U394,D057,sunny,29.6,afternoon,16,0,recovery,sunny_30_afternoon_recovery,view,0.0
U342,D045,sunny,29.6,afternoon,16,0,recovery,sunny_30_afternoon_recovery,view,0.0
U258,D045,sunny,23.4,evening,18,0,pairing,sunny_23_evening_pairing,view,0.0
U330,D094,stormy,12.8,evening,22,2,casual,stormy_13_evening_casual,view,0.0
U015,D014,sunny,23.4,evening,18,0,pairing,sunny_23_evening_pairing,view,0.0
U085,D009,sunny,33.7,afternoon,14,3,celebration,sunny_34_afternoon_celebration,view,0.0
U079,D088,cloudy,18.7,morning,8,3,business,cloudy_19_morning_business,view,0.0
U356,D075,stormy,14.5,evening,23,3,casual,stormy_15_evening_casual,view,0.0
U494,D105,snowy,-3.6,morning,8,5,social,snowy_-4_morning_social,purchase,1.0
U188,D036,stormy,18.3,morning,8,5,casual,stormy_18_morning_casual,view,0.0
U080,D055,stormy,10.7,afternoon,12,0,casual,stormy_11_afternoon_casual,view,0.0
U280,D017,snowy,0.6,afternoon,14,0,pairing,snowy_1_afternoon_pairing,view,0.0
U198,D007,rainy,10.1,morning,9,5,business,rainy_10_morning_business,view,0.0
U110,D005,stormy,16.2,afternoon,17,0,casual,stormy_16_afternoon_casual,view,0.0
U054,D055,snowy,-4.5,afternoon,13,4,social,snowy_-5_afternoon_social,view,0.0
U249,D030,sunny,30.7,afternoon,15,3,social,sunny_31_afternoon_social,view,0.0
U131,D100,snowy,0.6,afternoon,14,0,pairing,snowy_1_afternoon_pairing,view,0.0
U014,D048,sunny,21.6,afternoon,17,3,recovery,sunny_22_afternoon_recovery,view,0.0
U240,D098,rainy,13.9,evening,20,3,recovery,rainy_14_evening_recovery,view,0.0
U283,D079,cloudy,15.0,morning,10,0,pairing,cloudy_15_morning_pairing,view,0.0
U327,D120,rainy,12.0,evening,18,0,social,rainy_12_evening_social,view,0.0
U081,D087,stormy,14.5,evening,23,3,casual,stormy_15_evening_casual,view,0.0
U185,D052,cloudy,15.0,morning,10,0,pairing,cloudy_15_morning_pairing,view,0.0
U392,D059,rainy,7.0,afternoon,16,2,social,rainy_7_afternoon_social,view,0.0
U371,D049,rainy,11.5,morning,10,0,casual,rainy_12_morning_casual,view,0.0
U145,D074,sunny,22.3,morning,11,4,pairing,sunny_22_morning_pairing,view,0.0
U062,D107,sunny,26.1,evening,22,1,recovery,sunny_26_evening_recovery,view,0.0
U375,D012,snowy,-3.2,morning,9,1,business,snowy_-3_morning_business,view,0.0
U025,D022,cloudy,12.4,evening,18,6,pairing,cloudy_12_evening_pairing,view,0.0
U274,D045,snowy,0.3,morning,7,0,business,snowy_0_morning_business,view,0.0
U140,D049,rainy,9.4,evening,20,2,business,rainy_9_evening_business,view,0.0
U018,D054,snowy,0.6,afternoon,14,0,pairing,snowy_1_afternoon_pairing,rate,2.1
U240,D078,cloudy,10.4,afternoon,12,0,recovery,cloudy_10_afternoon_recovery,view,0.0
U486,D060,cloudy,19.1,evening,19,6,pairing,cloudy_19_evening_pairing,view,0.0
U123,D036,sunny,30.7,afternoon,15,3,social,sunny_31_afternoon_social,view,0.0
U039,D070,cloudy,14.1,evening,23,6,business,cloudy_14_evening_business,view,0.0
U132,D074,snowy,4.5,afternoon,16,4,social,snowy_5_afternoon_social,view,0.0
U487,D037,snowy,-3.6,morning,8,5,social,snowy_-4_morning_social,view,0.0
U219,D081,cloudy,19.1,evening,19,6,pairing,cloudy_19_evening_pairing,rate,4.6
U404,D110,rainy,12.4,evening,23,1,recovery,rainy_12_evening_recovery,view,0.0
U408,D119,sunny,22.3,morning,11,4,pairing,sunny_22_morning_pairing,view,0.0
U126,D107,rainy,13.9,evening,20,3,recovery,rainy_14_evening_recovery,view,0.0
U380,D058,rainy,12.4,evening,23,1,recovery,rainy_12_evening_recovery,view,0.0
U386,D066,snowy,-4.2,evening,22,6,business,snowy_-4_evening_business,view,0.0
U287,D068,sunny,26.1,evening,22,1,recovery,sunny_26_evening_recovery,view,0.0
U293,D073,sunny,30.7,afternoon,15,3,social,sunny_31_afternoon_social,purchase,1.0
U478,D083,sunny,22.3,morning,11,4,pairing,sunny_22_morning_pairing,view,0.0
U298,D108,rainy,10.1,morning,9,5,business,rainy_10_morning_business,view,0.0
U113,D084,rainy,14.4,morning,11,1,recovery,rainy_14_morning_recovery,view,0.0
U316,D114,snowy,-4.2,evening,22,6,business,snowy_-4_evening_business,view,0.0
U224,D006,rainy,10.1,morning,9,5,business,rainy_10_morning_business,view,0.0
U206,D012,cloudy,12.4,evening,18,6,pairing,cloudy_12_evening_pairing,view,0.0
U012,D008,rainy,13.9,evening,20,3,recovery,rainy_14_evening_recovery,view,0.0
U282,D008,sunny,22.3,morning,11,4,pairing,sunny_22_morning_pairing,view,0.0
U340,D081,cloudy,19.5,morning,10,1,celebration,cloudy_19_morning_celebration,view,0.0
U380,D065,sunny,21.6,afternoon,17,3,recovery,sunny_22_afternoon_recovery,view,0.0
U269,D093,sunny,26.1,evening,22,1,recovery,sunny_26_evening_recovery,view,0.0
U238,D033,sunny,21.6,afternoon,17,3,recovery,sunny_22_afternoon_recovery,view,0.0
U211,D046,sunny,30.7,afternoon,15,3,social,sunny_31_afternoon_social,view,0.0
U229,D005,sunny,30.7,afternoon,15,3,social,sunny_31_afternoon_social,view,0.0
U095,D030,snowy,0.6,afternoon,14,1,social,snowy_1_afternoon_social,view,0.0
U362,D026,snowy,-2.1,afternoon,16,2,casual,snowy_-2_afternoon_casual,view,0.0
U146,D084,cloudy,15.0,morning,10,0,pairing,cloudy_15_morning_pairing,view,0.0
U176,D082,cloudy,14.6,morning,8,4,pairing,cloudy_15_morning_pairing,view,0.0
U289,D050,rainy,14.4,morning,11,1,recovery,rainy_14_morning_recovery,view,0.0
U373,D116,stormy,12.8,evening,22,2,casual,stormy_13_evening_casual,view,0.0
U358,D028,snowy,-3.6,morning,8,5,social,snowy_-4_morning_social,view,0.0
U023,D007,stormy,12.8,evening,22,2,casual,stormy_13_evening_casual,view,0.0
U024,D037,cloudy,14.1,evening,23,6,business,cloudy_14_evening_business,view,0.0
U472,D102,cloudy,14.1,evening,23,6,business,cloudy_14_evening_business,view,0.0
U357,D109,cloudy,15.0,morning,10,0,pairing,cloudy_15_morning_pairing,purchase,1.0
U291,D055,cloudy,10.4,afternoon,12,0,recovery,cloudy_10_afternoon_recovery,view,0.0
U096,D012,rainy,14.4,morning,11,1,recovery,rainy_14_morning_recovery,view,0.0
U067,D017,snowy,0.6,afternoon,14,1,social,snowy_1_afternoon_social,view,0.0
U082,D105,sunny,33.7,afternoon,14,3,celebration,sunny_34_afternoon_celebration,view,0.0
U226,D115,cloudy,11.9,morning,7,1,social,cloudy_12_morning_social,view,0.0
U016,D021,rainy,12.4,evening,23,1,recovery,rainy_12_evening_recovery,view,0.0
U054,D032,sunny,29.6,afternoon,16,0,recovery,sunny_30_afternoon_recovery,view,0.0
U370,D102,cloudy,18.2,afternoon,17,1,business,cloudy_18_afternoon_business,rate,4.7
U245,D103,rainy,12.4,evening,23,1,recovery,rainy_12_evening_recovery,view,0.0
U309,D033,cloudy,11.9,morning,7,1,social,cloudy_12_morning_social,view,0.0
U210,D026,stormy,16.3,morning,11,5,pairing,stormy_16_morning_pairing,view,0.0
U114,D092,cloudy,11.9,morning,7,1,social,cloudy_12_morning_social,rate,3.9
U386,D042,sunny,26.1,evening,22,1,recovery,sunny_26_evening_recovery,view,0.0
U405,D108,rainy,11.5,morning,10,0,casual,rainy_12_morning_casual,view,0.0
U481,D002,cloudy,12.4,evening,18,6,pairing,cloudy_12_evening_pairing,view,0.0
U214,D098,rainy,12.0,evening,18,0,social,rainy_12_evening_social,view,0.0
U016,D070,cloudy,14.1,evening,23,6,business,cloudy_14_evening_business,view,0.0
U042,D037,stormy,14.5,evening,23,3,casual,stormy_15_evening_casual,view,0.0
U116,D022,cloudy,17.3,afternoon,15,3,recovery,cloudy_17_afternoon_recovery,view,0.0
U145,D038,stormy,10.7,afternoon,12,0,casual,stormy_11_afternoon_casual,view,0.0
U177,D061,cloudy,18.7,morning,8,3,business,cloudy_19_morning_business,view,0.0
U416,D086,cloudy,14.6,morning,8,4,pairing,cloudy_15_morning_pairing,view,0.0
U262,D061,rainy,10.1,morning,9,5,business,rainy_10_morning_business,view,0.0
U393,D047,sunny,21.0,morning,10,2,recovery,sunny_21_morning_recovery,rate,3.3
U426,D042,cloudy,15.0,morning,10,0,pairing,cloudy_15_morning_pairing,view,0.0
U129,D067,rainy,11.5,morning,10,0,casual,rainy_12_morning_casual,view,0.0
U228,D049,snowy,-3.6,morning,8,5,social,snowy_-4_morning_social,view,0.0
U031,D066,rainy,10.1,morning,9,5,business,rainy_10_morning_business,view,0.0
U031,D117,rainy,7.0,afternoon,16,2,social,rainy_7_afternoon_social,view,0.0
U235,D022,rainy,13.9,evening,20,3,recovery,rainy_14_evening_recovery,view,0.0
U225,D083,rainy,8.4,evening,21,1,casual,rainy_8_evening_casual,view,0.0
U375,D061,rainy,8.4,evening,21,1,casual,rainy_8_evening_casual,view,0.0
U409,D061,sunny,22.3,morning,11,4,pairing,sunny_22_morning_pairing,view,0.0
U301,D077,cloudy,18.2,afternoon,17,1,business,cloudy_18_afternoon_business,view,0.0
U032,D096,stormy,16.3,morning,11,5,pairing,stormy_16_morning_pairing,view,0.0
U217,D067,snowy,-2.1,afternoon,16,2,casual,snowy_-2_afternoon_casual,view,0.0
U247,D038,cloudy,19.7,afternoon,12,3,casual,cloudy_20_afternoon_casual,view,0.0
U389,D024,sunny,26.1,evening,22,1,recovery,sunny_26_evening_recovery,view,0.0
U295,D112,sunny,30.7,afternoon,15,3,social,sunny_31_afternoon_social,view,0.0
U304,D049,sunny,26.1,evening,22,1,recovery,sunny_26_evening_recovery,view,0.0
U391,D018,cloudy,17.3,afternoon,15,3,recovery,cloudy_17_afternoon_recovery,view,0.0
U231,D034,sunny,22.3,morning,11,4,pairing,sunny_22_morning_pairing,view,0.0
U452,D014,stormy,16.2,afternoon,17,0,casual,stormy_16_afternoon_casual,view,0.0
U136,D015,cloudy,19.5,morning,10,1,celebration,cloudy_19_morning_celebration,view,0.0
U148,D055,stormy,12.8,evening,22,2,casual,stormy_13_evening_casual,purchase,1.0
U442,D038,cloudy,10.4,afternoon,12,0,recovery,cloudy_10_afternoon_recovery,view,0.0
U001,D104,snowy,4.5,afternoon,16,4,social,snowy_5_afternoon_social,view,0.0
U469,D060,cloudy,10.4,afternoon,12,0,recovery,cloudy_10_afternoon_recovery,purchase,1.0
U050,D012,cloudy,11.9,morning,7,1,social,cloudy_12_morning_social,view,0.0
U033,D072,snowy,-1.7,morning,9,2,celebration,snowy_-2_morning_celebration,rate,2.7
U041,D057,rainy,7.0,afternoon,16,2,social,rainy_7_afternoon_social,view,0.0
U198,D031,cloudy,19.1,evening,19,6,pairing,cloudy_19_evening_pairing,view,0.0
U371,D028,snowy,-4.5,afternoon,13,4,social,snowy_-5_afternoon_social,view,0.0
U498,D048,rainy,7.0,afternoon,16,2,social,rainy_7_afternoon_social,view,0.0
U101,D059,cloudy,18.2,afternoon,17,1,business,cloudy_18_afternoon_business,view,0.0
U021,D042,stormy,12.8,evening,22,2,casual,stormy_13_evening_casual,view,0.0
U010,D059,rainy,8.4,evening,21,1,casual,rainy_8_evening_casual,view,0.0
U069,D080,rainy,11.5,morning,10,0,casual,rainy_12_morning_casual,view,0.0
U402,D093,cloudy,17.3,afternoon,15,3,recovery,cloudy_17_afternoon_recovery,view,0.0
U160,D042,snowy,0.3,morning,7,0,business,snowy_0_morning_business,view,0.0
U184,D118,stormy,18.3,morning,8,5,casual,stormy_18_morning_casual,view,0.0
U155,D083,cloudy,14.1,evening,23,6,business,cloudy_14_evening_business,view,0.0
U062,D020,snowy,-3.6,morning,8,5,social,snowy_-4_morning_social,view,0.0
U300,D093,snowy,-4.5,afternoon,13,4,social,snowy_-5_afternoon_social,view,0.0
U119,D113,snowy,4.5,afternoon,16,4,social,snowy_5_afternoon_social,view,0.0
U030,D104,rainy,8.4,evening,21,1,casual,rainy_8_evening_casual,view,0.0
U475,D051,stormy,14.5,evening,23,3,casual,stormy_15_evening_casual,view,0.0
U234,D055,snowy,-2.5,morning,7,2,casual,snowy_-2_morning_casual,view,0.0
U312,D036,cloudy,10.4,afternoon,12,0,recovery,cloudy_10_afternoon_recovery,view,0.0
U318,D116,cloudy,14.1,evening,23,6,business,cloudy_14_evening_business,view,0.0
U087,D025,snowy,0.6,afternoon,14,0,pairing,snowy_1_afternoon_pairing,rate,4.2
U223,D070,snowy,-2.5,morning,7,2,casual,snowy_-2_morning_casual,view,0.0
U184,D063,rainy,14.4,morning,11,1,recovery,rainy_14_morning_recovery,view,0.0
U233,D054,snowy,4.5,afternoon,16,4,social,snowy_5_afternoon_social,rate,2.8
U394,D023,cloudy,18.7,morning,8,3,business,cloudy_19_morning_business,rate,1.2
U366,D091,sunny,23.4,evening,18,0,pairing,sunny_23_evening_pairing,view,0.0
U159,D103,rainy,13.9,evening,20,3,recovery,rainy_14_evening_recovery,rate,1.4
U109,D034,stormy,10.7,afternoon,12,0,casual,stormy_11_afternoon_casual,view,0.0
U195,D058,snowy,-4.5,afternoon,13,4,social,snowy_-5_afternoon_social,view,0.0
U294,D026,cloudy,13.9,afternoon,12,5,casual,cloudy_14_afternoon_casual,view,0.0
U288,D011,cloudy,16.7,morning,8,4,business,cloudy_17_morning_business,rate,1.6
U182,D082,rainy,11.5,morning,10,0,casual,rainy_12_morning_casual,view,0.0
U004,D111,cloudy,19.7,afternoon,12,3,casual,cloudy_20_afternoon_casual,view,0.0
U261,D006,rainy,12.4,evening,23,1,recovery,rainy_12_evening_recovery,view,0.0
U056,D089,rainy,8.4,evening,21,1,casual,rainy_8_evening_casual,view,0.0
U352,D044,snowy,-4.5,afternoon,13,4,social,snowy_-5_afternoon_social,view,0.0
U139,D073,stormy,18.3,morning,8,5,casual,stormy_18_morning_casual,view,0.0
U155,D118,stormy,15.1,morning,10,6,social,stormy_15_morning_social,view,0.0
U253,D021,sunny,21.0,morning,10,2,recovery,sunny_21_morning_recovery,view,0.0
U358,D058,rainy,12.4,evening,23,1,recovery,rainy_12_evening_recovery,purchase,1.0
U006,D111,cloudy,19.1,evening,19,6,pairing,cloudy_19_evening_pairing,view,0.0
U442,D017,snowy,0.6,afternoon,14,1,social,snowy_1_afternoon_social,view,0.0
U499,D052,snowy,-3.2,morning,9,1,business,snowy_-3_morning_business,view,0.0
U108,D073,rainy,11.5,morning,10,0,casual,rainy_12_morning_casual,view,0.0
U482,D008,rainy,13.9,evening,20,3,recovery,rainy_14_evening_recovery,view,0.0
U064,D042,cloudy,19.7,afternoon,12,3,casual,cloudy_20_afternoon_casual,view,0.0
U270,D101,cloudy,12.4,evening,18,6,pairing,cloudy_12_evening_pairing,view,0.0
U132,D002,rainy,9.4,evening,20,2,business,rainy_9_evening_business,view,0.0
U492,D075,snowy,4.5,afternoon,16,4,social,snowy_5_afternoon_social,view,0.0
U459,D007,rainy,7.0,afternoon,16,2,social,rainy_7_afternoon_social,view,0.0
U246,D116,snowy,0.3,morning,7,0,business,snowy_0_morning_business,view,0.0
U042,D051,snowy,-2.5,morning,7,2,casual,snowy_-2_morning_casual,view,0.0
U489,D041,sunny,21.0,morning,10,2,recovery,sunny_21_morning_recovery,view,0.0
U294,D072,cloudy,19.7,afternoon,12,3,casual,cloudy_20_afternoon_casual,view,0.0
U492,D074,cloudy,19.1,evening,19,6,pairing,cloudy_19_evening_pairing,view,0.0
U052,D038,cloudy,13.9,afternoon,12,5,casual,cloudy_14_afternoon_casual,rate,3.8
U120,D070,cloudy,18.7,morning,8,3,business,cloudy_19_morning_business,view,0.0
U024,D086,rainy,12.4,evening,23,1,recovery,rainy_12_evening_recovery,rate,1.6
U211,D026,snowy,-3.6,morning,8,5,social,snowy_-4_morning_social,view,0.0
U002,D022,cloudy,14.6,morning,8,4,pairing,cloudy_15_morning_pairing,view,0.0
U038,D103,sunny,33.7,afternoon,14,3,celebration,sunny_34_afternoon_celebration,view,0.0
U308,D031,stormy,15.1,morning,10,6,social,stormy_15_morning_social,view,0.0
U412,D005,rainy,13.9,evening,20,3,recovery,rainy_14_evening_recovery,view,0.0
U185,D097,stormy,16.2,afternoon,17,0,casual,stormy_16_afternoon_casual,view,0.0
U086,D086,cloudy,16.7,morning,8,4,business,cloudy_17_morning_business,view,0.0
U273,D051,cloudy,14.1,evening,23,6,business,cloudy_14_evening_business,view,0.0
U412,D059,cloudy,16.7,morning,8,4,business,cloudy_17_morning_business,view,0.0
U209,D069,snowy,-2.1,afternoon,16,2,casual,snowy_-2_afternoon_casual,view,0.0
U246,D007,cloudy,10.4,afternoon,12,0,recovery,cloudy_10_afternoon_recovery,view,0.0
U168,D043,snowy,0.6,afternoon,14,1,social,snowy_1_afternoon_social,view,0.0
U457,D023,sunny,23.4,evening,18,0,pairing,sunny_23_evening_pairing,view,0.0
U415,D017,snowy,0.6,afternoon,14,0,pairing,snowy_1_afternoon_pairing,view,0.0
U086,D035,cloudy,13.9,afternoon,12,5,casual,cloudy_14_afternoon_casual,view,0.0
U179,D104,rainy,11.5,morning,10,0,casual,rainy_12_morning_casual,view,0.0
U134,D034,cloudy,15.0,morning,10,0,pairing,cloudy_15_morning_pairing,rate,3.5
U230,D102,rainy,7.0,afternoon,16,2,social,rainy_7_afternoon_social,view,0.0
U389,D075,stormy,18.3,morning,8,5,casual,stormy_18_morning_casual,view,0.0
U365,D094,stormy,16.3,morning,11,5,pairing,stormy_16_morning_pairing,rate,3.9
U069,D102,rainy,7.0,afternoon,16,2,social,rainy_7_afternoon_social,view,0.0
U374,D049,sunny,26.1,evening,22,1,recovery,sunny_26_evening_recovery,view,0.0
U075,D073,cloudy,17.3,afternoon,15,3,recovery,cloudy_17_afternoon_recovery,view,0.0
U314,D111,rainy,11.5,morning,10,0,casual,rainy_12_morning_casual,view,0.0
U396,D109,cloudy,15.0,morning,10,0,pairing,cloudy_15_morning_pairing,view,0.0
U106,D033,cloudy,19.7,afternoon,12,3,casual,cloudy_20_afternoon_casual,view,0.0
U265,D098,snowy,-4.2,evening,22,6,business,snowy_-4_evening_business,view,0.0
U370,D020,snowy,-4.2,evening,22,6,business,snowy_-4_evening_business,view,0.0
U300,D035,cloudy,19.1,evening,19,6,pairing,cloudy_19_evening_pairing,view,0.0
U304,D103,cloudy,19.1,evening,19,6,pairing,cloudy_19_evening_pairing,view,0.0
U057,D087,snowy,-4.2,evening,22,6,business,snowy_-4_evening_business,rate,1.1
U369,D112,cloudy,13.9,afternoon,12,5,casual,cloudy_14_afternoon_casual,view,0.0
U341,D026,sunny,29.6,afternoon,16,0,recovery,sunny_30_afternoon_recovery,view,0.0
U252,D036,stormy,15.1,morning,10,6,social,stormy_15_morning_social,rate,4.8
U329,D008,rainy,7.0,afternoon,16,2,social,rainy_7_afternoon_social,view,0.0
U326,D055,cloudy,19.7,afternoon,12,3,casual,cloudy_20_afternoon_casual,view,0.0
U110,D021,cloudy,16.7,morning,8,4,business,cloudy_17_morning_business,view,0.0
U187,D026,snowy,4.5,afternoon,16,4,social,snowy_5_afternoon_social,rate,1.4
U447,D022,rainy,14.4,morning,11,1,recovery,rainy_14_morning_recovery,view,0.0
U144,D080,cloudy,16.7,morning,8,4,business,cloudy_17_morning_business,view,0.0
U207,D064,sunny,30.7,afternoon,15,3,social,sunny_31_afternoon_social,view,0.0
U062,D082,stormy,10.7,afternoon,12,0,casual,stormy_11_afternoon_casual,view,0.0
U429,D052,rainy,13.9,evening,20,3,recovery,rainy_14_evening_recovery,view,0.0
U130,D049,cloudy,16.7,morning,8,4,business,cloudy_17_morning_business,view,0.0
U163,D081,snowy,-3.2,morning,9,1,business,snowy_-3_morning_business,view,0.0
U236,D030,sunny,33.7,afternoon,14,3,celebration,sunny_34_afternoon_celebration,view,0.0
U106,D050,cloudy,18.2,afternoon,17,1,business,cloudy_18_afternoon_business,view,0.0
U113,D030,snowy,-3.2,morning,9,1,business,snowy_-3_morning_business,view,0.0
U338,D046,cloudy,19.7,afternoon,12,3,casual,cloudy_20_afternoon_casual,view,0.0
U353,D075,sunny,26.1,evening,22,1,recovery,sunny_26_evening_recovery,view,0.0
U035,D052,rainy,9.4,evening,20,2,business,rainy_9_evening_business,view,0.0
U328,D051,stormy,15.1,morning,10,6,social,stormy_15_morning_social,rate,1.8
U293,D030,sunny,23.4,evening,18,0,pairing,sunny_23_evening_pairing,view,0.0
U437,D041,stormy,16.2,afternoon,17,0,casual,stormy_16_afternoon_casual,view,0.0
U447,D082,stormy,15.1,morning,10,6,social,stormy_15_morning_social,view,0.0
U398,D069,snowy,-1.7,morning,9,2,celebration,snowy_-2_morning_celebration,view,0.0
U324,D012,stormy,18.3,morning,8,5,casual,stormy_18_morning_casual,view,0.0
U329,D074,cloudy,12.4,evening,18,6,pairing,cloudy_12_evening_pairing,view,0.0
U042,D031,cloudy,16.7,morning,8,4,business,cloudy_17_morning_business,view,0.0
U289,D029,sunny,21.0,morning,10,2,recovery,sunny_21_morning_recovery,view,0.0
U184,D116,cloudy,13.9,afternoon,12,5,casual,cloudy_14_afternoon_casual,rate,1.2
U186,D064,cloudy,16.7,morning,8,4,business,cloudy_17_morning_business,view,0.0
U022,D116,stormy,16.3,morning,11,5,pairing,stormy_16_morning_pairing,view,0.0
U159,D115,stormy,16.3,morning,11,5,pairing,stormy_16_morning_pairing,view,0.0
U022,D056,stormy,10.7,afternoon,12,0,casual,stormy_11_afternoon_casual,rate,2.3
U013,D058,stormy,15.1,morning,10,6,social,stormy_15_morning_social,view,0.0
U269,D097,sunny,29.6,afternoon,16,0,recovery,sunny_30_afternoon_recovery,view,0.0
U001,D039,cloudy,12.4,evening,18,6,pairing,cloudy_12_evening_pairing,view,0.0
U160,D041,snowy,-4.5,afternoon,13,4,social,snowy_-5_afternoon_social,view,0.0
U262,D089,cloudy,18.7,morning,8,3,business,cloudy_19_morning_business,view,0.0
U150,D031,stormy,12.8,evening,22,2,casual,stormy_13_evening_casual,view,0.0
U451,D097,cloudy,12.4,evening,18,6,pairing,cloudy_12_evening_pairing,view,0.0
U257,D044,snowy,0.6,afternoon,14,1,social,snowy_1_afternoon_social,view,0.0
U114,D009,cloudy,14.1,evening,23,6,business,cloudy_14_evening_business,view,0.0
U024,D109,rainy,13.9,evening,20,3,recovery,rainy_14_evening_recovery,view,0.0
U103,D060,cloudy,16.7,morning,8,4,business,cloudy_17_morning_business,view,0.0
U165,D116,snowy,-4.2,evening,22,6,business,snowy_-4_evening_business,view,0.0
U202,D090,cloudy,10.4,afternoon,12,0,recovery,cloudy_10_afternoon_recovery,view,0.0
U156,D077,snowy,-4.5,afternoon,13,4,social,snowy_-5_afternoon_social,view,0.0
U262,D052,snowy,-3.2,morning,9,1,business,snowy_-3_morning_business,view,0.0
U075,D102,rainy,9.4,evening,20,2,business,rainy_9_evening_business,view,0.0
U271,D064,stormy,12.8,evening,22,2,casual,stormy_13_evening_casual,view,0.0
U299,D074,stormy,10.7,afternoon,12,0,casual,stormy_11_afternoon_casual,view,0.0
U152,D074,cloudy,13.9,afternoon,12,5,casual,cloudy_14_afternoon_casual,view,0.0
U060,D101,snowy,-3.6,morning,8,5,social,snowy_-4_morning_social,view,0.0
U028,D108,rainy,10.1,morning,9,5,business,rainy_10_morning_business,view,0.0
U456,D101,stormy,14.5,evening,23,3,casual,stormy_15_evening_casual,view,0.0
U339,D048,rainy,8.4,evening,21,1,casual,rainy_8_evening_casual,view,0.0
U232,D071,cloudy,13.9,afternoon,12,5,casual,cloudy_14_afternoon_casual,view,0.0
U390,D058,rainy,14.4,morning,11,1,recovery,rainy_14_morning_recovery,view,0.0
U433,D118,snowy,0.3,morning,7,0,business,snowy_0_morning_business,view,0.0
U218,D108,cloudy,18.2,afternoon,17,1,business,cloudy_18_afternoon_business,view,0.0
U349,D020,rainy,13.9,evening,20,3,recovery,rainy_14_evening_recovery,view,0.0
U347,D114,rainy,10.1,morning,9,5,business,rainy_10_morning_business,view,0.0
U012,D116,cloudy,19.1,evening,19,6,pairing,cloudy_19_evening_pairing,view,0.0
U167,D009,sunny,30.7,afternoon,15,3,social,sunny_31_afternoon_social,view,0.0
U017,D042,sunny,21.6,afternoon,17,3,recovery,sunny_22_afternoon_recovery,view,0.0
U341,D057,stormy,14.5,evening,23,3,casual,stormy_15_evening_casual,view,0.0
U295,D016,snowy,-2.1,afternoon,16,2,casual,snowy_-2_afternoon_casual,view,0.0
U102,D020,rainy,8.4,evening,21,1,casual,rainy_8_evening_casual,view,0.0
U004,D084,sunny,23.4,evening,18,0,pairing,sunny_23_evening_pairing,view,0.0
U114,D065,sunny,26.0,afternoon,12,1,casual,sunny_26_afternoon_casual,view,0.0
U300,D097,stormy,12.8,evening,22,2,casual,stormy_13_evening_casual,view,0.0
U159,D099,snowy,-4.2,evening,22,6,business,snowy_-4_evening_business,view,0.0
U431,D070,stormy,14.5,evening,23,3,casual,stormy_15_evening_casual,view,0.0
U193,D013,sunny,30.7,afternoon,15,3,social,sunny_31_afternoon_social,view,0.0
U043,D004,cloudy,14.6,morning,8,4,pairing,cloudy_15_morning_pairing,view,0.0
U059,D077,sunny,26.0,afternoon,12,1,casual,sunny_26_afternoon_casual,view,0.0
U014,D115,snowy,0.6,afternoon,14,0,pairing,snowy_1_afternoon_pairing,rate,4.0
U485,D041,snowy,-2.5,morning,7,2,casual,snowy_-2_morning_casual,view,0.0
U337,D115,snowy,-1.7,morning,9,2,celebration,snowy_-2_morning_celebration,view,0.0
U439,D071,snowy,-2.1,afternoon,16,2,casual,snowy_-2_afternoon_casual,view,0.0
U231,D108,cloudy,16.7,morning,8,4,business,cloudy_17_morning_business,view,0.0
U042,D120,cloudy,13.9,afternoon,12,5,casual,cloudy_14_afternoon_casual,view,0.0
U352,D042,cloudy,10.4,afternoon,12,0,recovery,cloudy_10_afternoon_recovery,view,0.0
U306,D041,cloudy,13.9,afternoon,12,5,casual,cloudy_14_afternoon_casual,view,0.0
U313,D091,snowy,-1.7,morning,9,2,celebration,snowy_-2_morning_celebration,rate,4.8
U051,D106,stormy,14.5,evening,23,3,casual,stormy_15_evening_casual,view,0.0
U011,D022,sunny,26.1,evening,22,1,recovery,sunny_26_evening_recovery,view,0.0
U395,D060,cloudy,15.0,morning,10,0,pairing,cloudy_15_morning_pairing,view,0.0
U143,D038,snowy,4.5,afternoon,16,4,social,snowy_5_afternoon_social,rate,3.1
U488,D022,snowy,-3.6,morning,8,5,social,snowy_-4_morning_social,view,0.0
U061,D032,snowy,0.6,afternoon,14,0,pairing,snowy_1_afternoon_pairing,view,0.0
U302,D042,cloudy,17.3,afternoon,15,3,recovery,cloudy_17_afternoon_recovery,view,0.0
U409,D098,stormy,18.3,morning,8,5,casual,stormy_18_morning_casual,view,0.0
U297,D071,rainy,8.4,evening,21,1,casual,rainy_8_evening_casual,view,0.0
U086,D048,snowy,-4.2,evening,22,6,business,snowy_-4_evening_business,view,0.0
U454,D113,snowy,4.5,afternoon,16,4,social,snowy_5_afternoon_social,view,0.0
U206,D036,cloudy,12.4,evening,18,6,pairing,cloudy_12_evening_pairing,view,0.0
U198,D095,stormy,10.7,afternoon,12,0,casual,stormy_11_afternoon_casual,view,0.0
U444,D061,stormy,12.8,evening,22,2,casual,stormy_13_evening_casual,view,0.0
U169,D028,rainy,12.0,evening,18,0,social,rainy_12_evening_social,view,0.0
U184,D099,cloudy,14.1,evening,23,6,business,cloudy_14_evening_business,view,0.0
U441,D085,rainy,9.4,evening,20,2,business,rainy_9_evening_business,view,0.0
U063,D070,cloudy,15.0,morning,10,0,pairing,cloudy_15_morning_pairing,view,0.0
U483,D080,snowy,-1.7,morning,9,2,celebration,snowy_-2_morning_celebration,view,0.0
U017,D039,rainy,12.4,evening,23,1,recovery,rainy_12_evening_recovery,view,0.0
U202,D039,sunny,30.7,afternoon,15,3,social,sunny_31_afternoon_social,view,0.0
U481,D081,sunny,26.0,afternoon,12,1,casual,sunny_26_afternoon_casual,view,0.0
U070,D080,cloudy,14.1,evening,23,6,business,cloudy_14_evening_business,view,0.0
U480,D026,stormy,18.3,morning,8,5,casual,stormy_18_morning_casual,rate,3.3
U045,D119,snowy,-3.6,morning,8,5,social,snowy_-4_morning_social,rate,2.9
U182,D041,cloudy,10.4,afternoon,12,0,recovery,cloudy_10_afternoon_recovery,view,0.0
U038,D100,stormy,12.8,evening,22,2,casual,stormy_13_evening_casual,view,0.0
U057,D066,stormy,10.7,afternoon,12,0,casual,stormy_11_afternoon_casual,view,0.0
U266,D099,stormy,12.8,evening,22,2,casual,stormy_13_evening_casual,view,0.0
U449,D082,rainy,14.4,morning,11,1,recovery,rainy_14_morning_recovery,view,0.0
U367,D091,cloudy,10.4,afternoon,12,0,recovery,cloudy_10_afternoon_recovery,rate,1.7
U150,D106,cloudy,10.4,afternoon,12,0,recovery,cloudy_10_afternoon_recovery,view,0.0
U185,D054,sunny,26.0,afternoon,12,1,casual,sunny_26_afternoon_casual,view,0.0
U144,D101,rainy,12.0,evening,18,0,social,rainy_12_evening_social,view,0.0
U189,D095,snowy,-4.5,afternoon,13,4,social,snowy_-5_afternoon_social,view,0.0
U219,D021,rainy,7.0,afternoon,16,2,social,rainy_7_afternoon_social,view,0.0
U199,D010,rainy,14.4,morning,11,1,recovery,rainy_14_morning_recovery,view,0.0
U228,D099,cloudy,19.7,afternoon,12,3,casual,cloudy_20_afternoon_casual,view,0.0
U338,D051,rainy,8.4,evening,21,1,casual,rainy_8_evening_casual,view,0.0
U408,D096,sunny,26.1,evening,22,1,recovery,sunny_26_evening_recovery,view,0.0
U130,D010,cloudy,19.1,evening,19,6,pairing,cloudy_19_evening_pairing,view,0.0
U204,D107,stormy,10.7,afternoon,12,0,casual,stormy_11_afternoon_casual,view,0.0
U081,D079,snowy,-3.2,morning,9,1,business,snowy_-3_morning_business,view,0.0
U032,D023,cloudy,18.2,afternoon,17,1,business,cloudy_18_afternoon_business,rate,4.0
U104,D071,rainy,9.4,evening,20,2,business,rainy_9_evening_business,view,0.0
U064,D116,cloudy,14.6,morning,8,4,pairing,cloudy_15_morning_pairing,view,0.0
U369,D061,stormy,18.3,morning,8,5,casual,stormy_18_morning_casual,view,0.0
U395,D079,rainy,8.4,evening,21,1,casual,rainy_8_evening_casual,view,0.0
U226,D114,snowy,0.6,afternoon,14,0,pairing,snowy_1_afternoon_pairing,view,0.0
U284,D048,snowy,-2.5,morning,7,2,casual,snowy_-2_morning_casual,view,0.0
U406,D118,sunny,30.7,afternoon,15,3,social,sunny_31_afternoon_social,view,0.0
U214,D064,snowy,4.5,afternoon,16,4,social,snowy_5_afternoon_social,view,0.0
U025,D100,stormy,12.8,evening,22,2,casual,stormy_13_evening_casual,view,0.0
U389,D065,cloudy,19.5,morning,10,1,celebration,cloudy_19_morning_celebration,view,0.0
U054,D094,snowy,-3.2,morning,9,1,business,snowy_-3_morning_business,view,0.0
U400,D104,rainy,8.4,evening,21,1,casual,rainy_8_evening_casual,view,0.0
U048,D011,sunny,26.0,afternoon,12,1,casual,sunny_26_afternoon_casual,view,0.0
U414,D099,snowy,0.6,afternoon,14,1,social,snowy_1_afternoon_social,rate,2.0
U326,D115,rainy,9.4,evening,20,2,business,rainy_9_evening_business,view,0.0
U075,D022,stormy,12.8,evening,22,2,casual,stormy_13_evening_casual,view,0.0
U063,D026,sunny,23.4,evening,18,0,pairing,sunny_23_evening_pairing,view,0.0
U438,D038,cloudy,10.4,afternoon,12,0,recovery,cloudy_10_afternoon_recovery,view,0.0
U268,D022,snowy,0.6,afternoon,14,1,social,snowy_1_afternoon_social,view,0.0
U285,D044,sunny,21.6,afternoon,17,3,recovery,sunny_22_afternoon_recovery,view,0.0
U246,D055,stormy,10.7,afternoon,12,0,casual,stormy_11_afternoon_casual,rate,3.0
U269,D042,snowy,-4.5,afternoon,13,4,social,snowy_-5_afternoon_social,view,0.0
U306,D002,cloudy,19.1,evening,19,6,pairing,cloudy_19_evening_pairing,rate,4.2
U047,D118,cloudy,10.4,afternoon,12,0,recovery,cloudy_10_afternoon_recovery,view,0.0
U240,D106,snowy,-3.2,morning,9,1,business,snowy_-3_morning_business,view,0.0
U315,D117,cloudy,14.1,evening,23,6,business,cloudy_14_evening_business,view,0.0
U491,D115,cloudy,19.7,afternoon,12,3,casual,cloudy_20_afternoon_casual,view,0.0
U079,D045,cloudy,19.1,evening,19,6,pairing,cloudy_19_evening_pairing,view,0.0
U162,D016,cloudy,14.1,evening,23,6,business,cloudy_14_evening_business,view,0.0
U111,D032,cloudy,18.2,afternoon,17,1,business,cloudy_18_afternoon_business,rate,1.7
U273,D086,snowy,-4.2,evening,22,6,business,snowy_-4_evening_business,view,0.0
U466,D028,rainy,12.4,evening,23,1,recovery,rainy_12_evening_recovery,view,0.0
U257,D117,sunny,29.6,afternoon,16,0,recovery,sunny_30_afternoon_recovery,view,0.0
U059,D068,cloudy,19.7,afternoon,12,3,casual,cloudy_20_afternoon_casual,view,0.0
U394,D028,sunny,26.1,evening,22,1,recovery,sunny_26_evening_recovery,rate,1.5
U339,D106,rainy,8.4,evening,21,1,casual,rainy_8_evening_casual,view,0.0
U107,D003,cloudy,19.1,evening,19,6,pairing,cloudy_19_evening_pairing,view,0.0
U154,D107,snowy,-2.1,afternoon,16,2,casual,snowy_-2_afternoon_casual,view,0.0
U302,D070,sunny,23.4,evening,18,0,pairing,sunny_23_evening_pairing,view,0.0
U374,D035,stormy,10.7,afternoon,12,0,casual,stormy_11_afternoon_casual,rate,3.3
U436,D048,sunny,30.7,afternoon,15,3,social,sunny_31_afternoon_social,view,0.0
U192,D030,sunny,21.6,afternoon,17,3,recovery,sunny_22_afternoon_recovery,view,0.0
U256,D039,cloudy,11.9,morning,7,1,social,cloudy_12_morning_social,view,0.0
U118,D114,stormy,10.7,afternoon,12,0,casual,stormy_11_afternoon_casual,view,0.0
U337,D100,stormy,12.8,evening,22,2,casual,stormy_13_evening_casual,view,0.0
U393,D045,cloudy,11.9,morning,7,1,social,cloudy_12_morning_social,view,0.0
U259,D051,stormy,14.5,evening,23,3,casual,stormy_15_evening_casual,view,0.0
U187,D116,cloudy,17.3,afternoon,15,3,recovery,cloudy_17_afternoon_recovery,view,0.0
U396,D009,sunny,22.3,morning,11,4,pairing,sunny_22_morning_pairing,view,0.0
U017,D054,snowy,0.6,afternoon,14,0,pairing,snowy_1_afternoon_pairing,view,0.0
U419,D078,cloudy,18.7,morning,8,3,business,cloudy_19_morning_business,view,0.0
U085,D012,sunny,30.7,afternoon,15,3,social,sunny_31_afternoon_social,view,0.0
U392,D108,sunny,21.0,morning,10,2,recovery,sunny_21_morning_recovery,view,0.0
U028,D080,rainy,13.9,evening,20,3,recovery,rainy_14_evening_recovery,view,0.0
U132,D090,snowy,-4.5,afternoon,13,4,social,snowy_-5_afternoon_social,view,0.0
U062,D107,cloudy,18.2,afternoon,17,1,business,cloudy_18_afternoon_business,view,0.0
U201,D099,cloudy,11.9,morning,7,1,social,cloudy_12_morning_social,view,0.0
U137,D002,snowy,-3.6,morning,8,5,social,snowy_-4_morning_social,rate,4.4
U069,D074,cloudy,11.9,morning,7,1,social,cloudy_12_morning_social,view,0.0
U046,D087,rainy,12.4,evening,23,1,recovery,rainy_12_evening_recovery,view,0.0
U424,D072,stormy,10.7,afternoon,12,0,casual,stormy_11_afternoon_casual,view,0.0
U227,D065,cloudy,18.7,morning,8,3,business,cloudy_19_morning_business,view,0.0
U304,D049,cloudy,10.4,afternoon,12,0,recovery,cloudy_10_afternoon_recovery,view,0.0
U014,D103,rainy,9.4,evening,20,2,business,rainy_9_evening_business,view,0.0
U415,D010,cloudy,17.3,afternoon,15,3,recovery,cloudy_17_afternoon_recovery,view,0.0
U358,D037,cloudy,13.9,afternoon,12,5,casual,cloudy_14_afternoon_casual,view,0.0
U216,D063,cloudy,18.7,morning,8,3,business,cloudy_19_morning_business,view,0.0
U058,D027,snowy,-4.2,evening,22,6,business,snowy_-4_evening_business,view,0.0
U487,D023,snowy,-4.2,evening,22,6,business,snowy_-4_evening_business,rate,1.1
U363,D066,snowy,-2.5,morning,7,2,casual,snowy_-2_morning_casual,rate,4.2
U185,D058,snowy,-4.5,afternoon,13,4,social,snowy_-5_afternoon_social,view,0.0
U047,D063,snowy,-3.2,morning,9,1,business,snowy_-3_morning_business,purchase,1.0
U427,D084,sunny,21.6,afternoon,17,3,recovery,sunny_22_afternoon_recovery,view,0.0
U387,D112,stormy,16.2,afternoon,17,0,casual,stormy_16_afternoon_casual,view,0.0
U087,D090,stormy,15.1,morning,10,6,social,stormy_15_morning_social,rate,2.4
U047,D076,cloudy,15.0,morning,10,0,pairing,cloudy_15_morning_pairing,view,0.0
U022,D017,sunny,33.7,afternoon,14,3,celebration,sunny_34_afternoon_celebration,view,0.0
U392,D111,sunny,26.1,evening,22,1,recovery,sunny_26_evening_recovery,view,0.0
U038,D053,cloudy,11.9,morning,7,1,social,cloudy_12_morning_social,view,0.0
U200,D011,snowy,0.3,morning,7,0,business,snowy_0_morning_business,view,0.0
U050,D089,cloudy,18.7,morning,8,3,business,cloudy_19_morning_business,rate,2.5
U127,D093,sunny,21.0,morning,10,2,recovery,sunny_21_morning_recovery,view,0.0
U189,D076,stormy,12.8,evening,22,2,casual,stormy_13_evening_casual,view,0.0
U347,D096,cloudy,15.0,morning,10,0,pairing,cloudy_15_morning_pairing,view,0.0
U075,D110,snowy,-2.1,afternoon,16,2,casual,snowy_-2_afternoon_casual,view,0.0
U133,D016,stormy,18.3,morning,8,5,casual,stormy_18_morning_casual,view,0.0
U112,D075,snowy,-1.7,morning,9,2,celebration,snowy_-2_morning_celebration,view,0.0
U098,D112,stormy,10.7,afternoon,12,0,casual,stormy_11_afternoon_casual,view,0.0
U236,D008,stormy,15.1,morning,10,6,social,stormy_15_morning_social,view,0.0
U116,D088,snowy,-3.6,morning,8,5,social,snowy_-4_morning_social,view,0.0
U483,D017,snowy,0.6,afternoon,14,1,social,snowy_1_afternoon_social,view,0.0
U479,D119,sunny,26.1,evening,22,1,recovery,sunny_26_evening_recovery,view,0.0
U073,D110,cloudy,19.7,afternoon,12,3,casual,cloudy_20_afternoon_casual,view,0.0
U418,D027,rainy,11.5,morning,10,0,casual,rainy_12_morning_casual,view,0.0
U068,D014,sunny,26.1,evening,22,1,recovery,sunny_26_evening_recovery,rate,1.5
U449,D115,snowy,0.6,afternoon,14,0,pairing,snowy_1_afternoon_pairing,view,0.0
U334,D105,sunny,21.0,morning,10,2,recovery,sunny_21_morning_recovery,view,0.0
U250,D071,stormy,12.8,evening,22,2,casual,stormy_13_evening_casual,view,0.0
U488,D012,snowy,-4.5,afternoon,13,4,social,snowy_-5_afternoon_social,view,0.0
U290,D108,snowy,-2.5,morning,7,2,casual,snowy_-2_morning_casual,view,0.0
U206,D055,stormy,16.2,afternoon,17,0,casual,stormy_16_afternoon_casual,view,0.0
U255,D015,snowy,-4.2,evening,22,6,business,snowy_-4_evening_business,view,0.0
U074,D055,rainy,7.0,afternoon,16,2,social,rainy_7_afternoon_social,view,0.0
U024,D092,cloudy,16.7,morning,8,4,business,cloudy_17_morning_business,view,0.0
U351,D083,sunny,21.0,morning,10,2,recovery,sunny_21_morning_recovery,view,0.0
U070,D032,rainy,7.0,afternoon,16,2,social,rainy_7_afternoon_social,rate,1.7
U219,D073,rainy,12.4,evening,23,1,recovery,rainy_12_evening_recovery,view,0.0
U270,D051,stormy,18.3,morning,8,5,casual,stormy_18_morning_casual,view,0.0
U010,D084,rainy,12.0,evening,18,0,social,rainy_12_evening_social,view,0.0
U034,D080,rainy,10.1,morning,9,5,business,rainy_10_morning_business,view,0.0
U274,D026,cloudy,18.2,afternoon,17,1,business,cloudy_18_afternoon_business,view,0.0
U098,D111,cloudy,18.7,morning,8,3,business,cloudy_19_morning_business,view,0.0
U481,D035,sunny,29.6,afternoon,16,0,recovery,sunny_30_afternoon_recovery,view,0.0
U241,D028,cloudy,15.0,morning,10,0,pairing,cloudy_15_morning_pairing,view,0.0
U312,D010,cloudy,19.1,evening,19,6,pairing,cloudy_19_evening_pairing,view,0.0
U242,D015,cloudy,19.7,afternoon,12,3,casual,cloudy_20_afternoon_casual,view,0.0
U161,D062,snowy,-4.2,evening,22,6,business,snowy_-4_evening_business,view,0.0
U484,D031,rainy,13.9,evening,20,3,recovery,rainy_14_evening_recovery,view,0.0
U169,D010,stormy,18.3,morning,8,5,casual,stormy_18_morning_casual,rate,4.2
U161,D007,rainy,14.4,morning,11,1,recovery,rainy_14_morning_recovery,view,0.0
U254,D074,snowy,-4.5,afternoon,13,4,social,snowy_-5_afternoon_social,view,0.0
U260,D004,stormy,12.8,evening,22,2,casual,stormy_13_evening_casual,view,0.0
U470,D017,cloudy,14.1,evening,23,6,business,cloudy_14_evening_business,view,0.0
U500,D070,rainy,9.4,evening,20,2,business,rainy_9_evening_business,view,0.0
U181,D100,stormy,16.2,afternoon,17,0,casual,stormy_16_afternoon_casual,view,0.0
U458,D040,cloudy,14.6,morning,8,4,pairing,cloudy_15_morning_pairing,view,0.0
U153,D028,cloudy,19.7,afternoon,12,3,casual,cloudy_20_afternoon_casual,view,0.0
U049,D086,snowy,-2.1,afternoon,16,2,casual,snowy_-2_afternoon_casual,view,0.0
U390,D075,sunny,21.6,afternoon,17,3,recovery,sunny_22_afternoon_recovery,view,0.0
U069,D071,cloudy,16.7,morning,8,4,business,cloudy_17_morning_business,view,0.0
U373,D118,rainy,14.4,morning,11,1,recovery,rainy_14_morning_recovery,view,0.0
U109,D097,snowy,4.5,afternoon,16,4,social,snowy_5_afternoon_social,rate,3.1
U108,D114,sunny,22.3,morning,11,4,pairing,sunny_22_morning_pairing,view,0.0
U030,D046,cloudy,11.9,morning,7,1,social,cloudy_12_morning_social,view,0.0
U352,D089,sunny,26.1,evening,22,1,recovery,sunny_26_evening_recovery,view,0.0
U397,D089,snowy,-1.7,morning,9,2,celebration,snowy_-2_morning_celebration,view,0.0
U126,D061,sunny,26.0,afternoon,12,1,casual,sunny_26_afternoon_casual,view,0.0
U121,D044,snowy,0.6,afternoon,14,0,pairing,snowy_1_afternoon_pairing,rate,1.0
U492,D011,cloudy,10.4,afternoon,12,0,recovery,cloudy_10_afternoon_recovery,rate,4.0
U500,D109,sunny,26.1,evening,22,1,recovery,sunny_26_evening_recovery,view,0.0
U135,D097,snowy,-2.5,morning,7,2,casual,snowy_-2_morning_casual,view,0.0
U116,D076,stormy,16.2,afternoon,17,0,casual,stormy_16_afternoon_casual,view,0.0
U419,D084,rainy,11.5,morning,10,0,casual,rainy_12_morning_casual,rate,2.8
U457,D042,rainy,13.9,evening,20,3,recovery,rainy_14_evening_recovery,rate,3.3
U349,D064,rainy,14.4,morning,11,1,recovery,rainy_14_morning_recovery,view,0.0
U028,D101,rainy,12.4,evening,23,1,recovery,rainy_12_evening_recovery,view,0.0
U037,D048,cloudy,19.5,morning,10,1,celebration,cloudy_19_morning_celebration,rate,2.2
U466,D087,stormy,16.3,morning,11,5,pairing,stormy_16_morning_pairing,view,0.0
U285,D051,snowy,-1.7,morning,9,2,celebration,snowy_-2_morning_celebration,view,0.0
U124,D017,cloudy,14.1,evening,23,6,business,cloudy_14_evening_business,view,0.0
U491,D112,snowy,-4.2,evening,22,6,business,snowy_-4_evening_business,view,0.0
U227,D112,sunny,33.7,afternoon,14,3,celebration,sunny_34_afternoon_celebration,view,0.0
U014,D090,sunny,33.7,afternoon,14,3,celebration,sunny_34_afternoon_celebration,view,0.0
U280,D107,snowy,-2.1,afternoon,16,2,casual,snowy_-2_afternoon_casual,rate,3.6
U340,D061,snowy,-1.7,morning,9,2,celebration,snowy_-2_morning_celebration,view,0.0
U154,D095,snowy,-2.5,morning,7,2,casual,snowy_-2_morning_casual,view,0.0
U296,D029,cloudy,17.3,afternoon,15,3,recovery,cloudy_17_afternoon_recovery,purchase,1.0
U436,D024,cloudy,18.2,afternoon,17,1,business,cloudy_18_afternoon_business,view,0.0
U252,D007,stormy,18.3,morning,8,5,casual,stormy_18_morning_casual,view,0.0
U148,D063,rainy,12.0,evening,18,0,social,rainy_12_evening_social,view,0.0
U344,D030,cloudy,13.9,afternoon,12,5,casual,cloudy_14_afternoon_casual,view,0.0
U368,D111,rainy,11.5,morning,10,0,casual,rainy_12_morning_casual,rate,3.3
U361,D061,sunny,21.0,morning,10,2,recovery,sunny_21_morning_recovery,view,0.0
U283,D102,snowy,-2.5,morning,7,2,casual,snowy_-2_morning_casual,view,0.0
U316,D070,cloudy,15.0,morning,10,0,pairing,cloudy_15_morning_pairing,view,0.0
U464,D027,snowy,-3.6,morning,8,5,social,snowy_-4_morning_social,view,0.0
U358,D102,cloudy,13.9,afternoon,12,5,casual,cloudy_14_afternoon_casual,view,0.0
U287,D020,snowy,0.3,morning,7,0,business,snowy_0_morning_business,view,0.0
U040,D039,cloudy,12.4,evening,18,6,pairing,cloudy_12_evening_pairing,view,0.0
U438,D027,snowy,-4.5,afternoon,13,4,social,snowy_-5_afternoon_social,view,0.0
U078,D071,stormy,10.7,afternoon,12,0,casual,stormy_11_afternoon_casual,view,0.0
U340,D010,cloudy,19.5,morning,10,1,celebration,cloudy_19_morning_celebration,rate,3.5
U344,D074,rainy,7.0,afternoon,16,2,social,rainy_7_afternoon_social,view,0.0
U163,D051,rainy,11.5,morning,10,0,casual,rainy_12_morning_casual,view,0.0
U155,D010,rainy,9.4,evening,20,2,business,rainy_9_evening_business,rate,2.6
U006,D077,snowy,0.6,afternoon,14,0,pairing,snowy_1_afternoon_pairing,view,0.0
U211,D051,cloudy,19.5,morning,10,1,celebration,cloudy_19_morning_celebration,view,0.0
U128,D102,rainy,7.0,afternoon,16,2,social,rainy_7_afternoon_social,view,0.0
U070,D020,cloudy,19.1,evening,19,6,pairing,cloudy_19_evening_pairing,view,0.0
U134,D092,snowy,-2.5,morning,7,2,casual,snowy_-2_morning_casual,view,0.0
U057,D118,sunny,29.6,afternoon,16,0,recovery,sunny_30_afternoon_recovery,view,0.0
U499,D088,sunny,21.0,morning,10,2,recovery,sunny_21_morning_recovery,view,0.0
U292,D071,stormy,16.2,afternoon,17,0,casual,stormy_16_afternoon_casual,view,0.0
U221,D016,cloudy,17.3,afternoon,15,3,recovery,cloudy_17_afternoon_recovery,view,0.0
U436,D002,cloudy,10.4,afternoon,12,0,recovery,cloudy_10_afternoon_recovery,view,0.0
U370,D077,snowy,-2.1,afternoon,16,2,casual,snowy_-2_afternoon_casual,view,0.0
U476,D076,snowy,-2.5,morning,7,2,casual,snowy_-2_morning_casual,rate,2.5
U165,D021,snowy,4.5,afternoon,16,4,social,snowy_5_afternoon_social,view,0.0
U058,D001,rainy,12.4,evening,23,1,recovery,rainy_12_evening_recovery,view,0.0
U209,D076,cloudy,14.6,morning,8,4,pairing,cloudy_15_morning_pairing,view,0.0
U259,D050,stormy,15.1,morning,10,6,social,stormy_15_morning_social,view,0.0
U318,D026,snowy,-3.6,morning,8,5,social,snowy_-4_morning_social,view,0.0
U156,D044,stormy,10.7,afternoon,12,0,casual,stormy_11_afternoon_casual,view,0.0
U030,D066,stormy,14.5,evening,23,3,casual,stormy_15_evening_casual,rate,1.5
U359,D062,stormy,18.3,morning,8,5,casual,stormy_18_morning_casual,view,0.0
U194,D101,cloudy,19.7,afternoon,12,3,casual,cloudy_20_afternoon_casual,view,0.0
U256,D013,cloudy,19.7,afternoon,12,3,casual,cloudy_20_afternoon_casual,view,0.0
U417,D115,rainy,12.0,evening,18,0,social,rainy_12_evening_social,view,0.0
U247,D086,cloudy,19.1,evening,19,6,pairing,cloudy_19_evening_pairing,view,0.0
U434,D114,rainy,13.9,evening,20,3,recovery,rainy_14_evening_recovery,view,0.0
U141,D030,rainy,8.4,evening,21,1,casual,rainy_8_evening_casual,view,0.0
U266,D099,rainy,7.0,afternoon,16,2,social,rainy_7_afternoon_social,view,0.0
U295,D037,snowy,-3.6,morning,8,5,social,snowy_-4_morning_social,view,0.0
U255,D086,cloudy,18.2,afternoon,17,1,business,cloudy_18_afternoon_business,view,0.0
U295,D054,rainy,7.0,afternoon,16,2,social,rainy_7_afternoon_social,view,0.0
U181,D003,sunny,22.3,morning,11,4,pairing,sunny_22_morning_pairing,rate,4.2
U498,D063,snowy,4.5,afternoon,16,4,social,snowy_5_afternoon_social,view,0.0
U068,D092,rainy,13.9,evening,20,3,recovery,rainy_14_evening_recovery,view,0.0
U151,D061,snowy,0.3,morning,7,0,business,snowy_0_morning_business,view,0.0
U103,D017,cloudy,16.7,morning,8,4,business,cloudy_17_morning_business,view,0.0
U400,D080,stormy,16.3,morning,11,5,pairing,stormy_16_morning_pairing,view,0.0
U367,D033,snowy,-1.7,morning,9,2,celebration,snowy_-2_morning_celebration,view,0.0
U302,D048,cloudy,12.4,evening,18,6,pairing,cloudy_12_evening_pairing,view,0.0
U263,D109,snowy,-1.7,morning,9,2,celebration,snowy_-2_morning_celebration,view,0.0
U134,D120,snowy,-3.2,morning,9,1,business,snowy_-3_morning_business,view,0.0
U340,D084,rainy,8.4,evening,21,1,casual,rainy_8_evening_casual,view,0.0
U443,D007,stormy,16.3,morning,11,5,pairing,stormy_16_morning_pairing,purchase,1.0
U328,D002,rainy,10.1,morning,9,5,business,rainy_10_morning_business,view,0.0
U146,D018,rainy,12.0,evening,18,0,social,rainy_12_evening_social,view,0.0
U436,D031,rainy,11.5,morning,10,0,casual,rainy_12_morning_casual,view,0.0
U352,D042,stormy,10.7,afternoon,12,0,casual,stormy_11_afternoon_casual,view,0.0
U113,D050,rainy,12.4,evening,23,1,recovery,rainy_12_evening_recovery,view,0.0
U015,D090,sunny,26.0,afternoon,12,1,casual,sunny_26_afternoon_casual,view,0.0
U045,D094,cloudy,19.7,afternoon,12,3,casual,cloudy_20_afternoon_casual,view,0.0
U128,D074,stormy,18.3,morning,8,5,casual,stormy_18_morning_casual,view,0.0
U198,D064,rainy,11.5,morning,10,0,casual,rainy_12_morning_casual,view,0.0
U044,D076,cloudy,14.6,morning,8,4,pairing,cloudy_15_morning_pairing,view,0.0
U001,D062,cloudy,19.1,evening,19,6,pairing,cloudy_19_evening_pairing,view,0.0
U108,D007,snowy,-3.6,morning,8,5,social,snowy_-4_morning_social,view,0.0
U189,D059,cloudy,19.7,afternoon,12,3,casual,cloudy_20_afternoon_casual,view,0.0
U098,D008,rainy,10.1,morning,9,5,business,rainy_10_morning_business,view,0.0
U134,D001,rainy,9.4,evening,20,2,business,rainy_9_evening_business,view,0.0
U114,D088,rainy,13.9,evening,20,3,recovery,rainy_14_evening_recovery,view,0.0
U023,D016,rainy,11.5,morning,10,0,casual,rainy_12_morning_casual,rate,1.8
U006,D030,rainy,11.5,morning,10,0,casual,rainy_12_morning_casual,view,0.0
U362,D089,rainy,8.4,evening,21,1,casual,rainy_8_evening_casual,view,0.0
U099,D038,stormy,16.2,afternoon,17,0,casual,stormy_16_afternoon_casual,view,0.0
U050,D012,stormy,16.2,afternoon,17,0,casual,stormy_16_afternoon_casual,view,0.0
U300,D052,snowy,0.6,afternoon,14,1,social,snowy_1_afternoon_social,view,0.0
U374,D111,rainy,13.9,evening,20,3,recovery,rainy_14_evening_recovery,view,0.0
U228,D058,rainy,11.5,morning,10,0,casual,rainy_12_morning_casual,view,0.0
U099,D081,rainy,12.4,evening,23,1,recovery,rainy_12_evening_recovery,view,0.0
U442,D101,snowy,0.6,afternoon,14,0,pairing,snowy_1_afternoon_pairing,view,0.0
U081,D005,cloudy,17.3,afternoon,15,3,recovery,cloudy_17_afternoon_recovery,view,0.0
U481,D094,sunny,21.0,morning,10,2,recovery,sunny_21_morning_recovery,view,0.0
U411,D003,sunny,21.6,afternoon,17,3,recovery,sunny_22_afternoon_recovery,view,0.0
U049,D100,sunny,26.1,evening,22,1,recovery,sunny_26_evening_recovery,view,0.0
U193,D060,stormy,15.1,morning,10,6,social,stormy_15_morning_social,view,0.0
U388,D103,rainy,10.1,morning,9,5,business,rainy_10_morning_business,view,0.0
U290,D001,cloudy,16.7,morning,8,4,business,cloudy_17_morning_business,view,0.0
U406,D050,rainy,12.0,evening,18,0,social,rainy_12_evening_social,view,0.0
U375,D086,cloudy,17.3,afternoon,15,3,recovery,cloudy_17_afternoon_recovery,view,0.0
U194,D071,stormy,10.7,afternoon,12,0,casual,stormy_11_afternoon_casual,view,0.0
U364,D002,cloudy,14.6,morning,8,4,pairing,cloudy_15_morning_pairing,view,0.0
U467,D076,snowy,0.6,afternoon,14,1,social,snowy_1_afternoon_social,view,0.0
U386,D085,rainy,14.4,morning,11,1,recovery,rainy_14_morning_recovery,view,0.0
U469,D112,cloudy,16.7,morning,8,4,business,cloudy_17_morning_business,view,0.0
U145,D083,stormy,16.3,morning,11,5,pairing,stormy_16_morning_pairing,view,0.0
U230,D076,cloudy,10.4,afternoon,12,0,recovery,cloudy_10_afternoon_recovery,rate,2.8
U354,D032,sunny,30.7,afternoon,15,3,social,sunny_31_afternoon_social,view,0.0
U089,D061,snowy,-3.6,morning,8,5,social,snowy_-4_morning_social,view,0.0
U332,D026,snowy,0.6,afternoon,14,0,pairing,snowy_1_afternoon_pairing,view,0.0
U389,D011,snowy,-1.7,morning,9,2,celebration,snowy_-2_morning_celebration,view,0.0
U119,D041,sunny,26.0,afternoon,12,1,casual,sunny_26_afternoon_casual,rate,3.1
U439,D120,cloudy,15.0,morning,10,0,pairing,cloudy_15_morning_pairing,view,0.0
U420,D018,rainy,13.9,evening,20,3,recovery,rainy_14_evening_recovery,view,0.0
U140,D115,stormy,14.5,evening,23,3,casual,stormy_15_evening_casual,view,0.0
U439,D038,rainy,10.1,morning,9,5,business,rainy_10_morning_business,view,0.0
U253,D108,stormy,16.2,afternoon,17,0,casual,stormy_16_afternoon_casual,view,0.0
U071,D039,snowy,-1.7,morning,9,2,celebration,snowy_-2_morning_celebration,view,0.0
U090,D046,cloudy,12.4,evening,18,6,pairing,cloudy_12_evening_pairing,view,0.0
U404,D070,stormy,14.5,evening,23,3,casual,stormy_15_evening_casual,view,0.0
U032,D019,sunny,30.7,afternoon,15,3,social,sunny_31_afternoon_social,view,0.0
U209,D120,snowy,-2.1,afternoon,16,2,casual,snowy_-2_afternoon_casual,view,0.0
U343,D120,snowy,0.6,afternoon,14,0,pairing,snowy_1_afternoon_pairing,view,0.0
U400,D080,stormy,12.8,evening,22,2,casual,stormy_13_evening_casual,view,0.0
U423,D033,sunny,30.7,afternoon,15,3,social,sunny_31_afternoon_social,purchase,1.0
U189,D084,rainy,9.4,evening,20,2,business,rainy_9_evening_business,view,0.0
U186,D119,stormy,14.5,evening,23,3,casual,stormy_15_evening_casual,view,0.0
U341,D025,cloudy,15.0,morning,10,0,pairing,cloudy_15_morning_pairing,purchase,1.0
U174,D110,rainy,13.9,evening,20,3,recovery,rainy_14_evening_recovery,view,0.0
U377,D112,snowy,0.6,afternoon,14,1,social,snowy_1_afternoon_social,view,0.0
U212,D040,cloudy,14.6,morning,8,4,pairing,cloudy_15_morning_pairing,view,0.0
U230,D111,cloudy,19.5,morning,10,1,celebration,cloudy_19_morning_celebration,purchase,1.0
U070,D061,rainy,13.9,evening,20,3,recovery,rainy_14_evening_recovery,view,0.0
U336,D109,stormy,18.3,morning,8,5,casual,stormy_18_morning_casual,view,0.0
U328,D092,snowy,-3.6,morning,8,5,social,snowy_-4_morning_social,view,0.0
U206,D052,sunny,21.6,afternoon,17,3,recovery,sunny_22_afternoon_recovery,view,0.0
U303,D003,snowy,4.5,afternoon,16,4,social,snowy_5_afternoon_social,view,0.0
U214,D034,sunny,29.6,afternoon,16,0,recovery,sunny_30_afternoon_recovery,view,0.0
U259,D002,rainy,14.4,morning,11,1,recovery,rainy_14_morning_recovery,view,0.0
U033,D009,stormy,16.3,morning,11,5,pairing,stormy_16_morning_pairing,view,0.0
U210,D016,stormy,14.5,evening,23,3,casual,stormy_15_evening_casual,rate,1.2
U003,D015,cloudy,18.2,afternoon,17,1,business,cloudy_18_afternoon_business,view,0.0
U225,D082,cloudy,19.1,evening,19,6,pairing,cloudy_19_evening_pairing,view,0.0
U158,D045,stormy,10.7,afternoon,12,0,casual,stormy_11_afternoon_casual,view,0.0
U314,D096,rainy,8.4,evening,21,1,casual,rainy_8_evening_casual,view,0.0
U423,D078,snowy,-4.5,afternoon,13,4,social,snowy_-5_afternoon_social,view,0.0
U008,D080,sunny,22.3,morning,11,4,pairing,sunny_22_morning_pairing,view,0.0
U216,D120,sunny,21.6,afternoon,17,3,recovery,sunny_22_afternoon_recovery,view,0.0
U005,D116,cloudy,13.9,afternoon,12,5,casual,cloudy_14_afternoon_casual,view,0.0
U498,D005,cloudy,19.7,afternoon,12,3,casual,cloudy_20_afternoon_casual,view,0.0
U305,D089,sunny,29.6,afternoon,16,0,recovery,sunny_30_afternoon_recovery,view,0.0
U046,D090,snowy,-2.1,afternoon,16,2,casual,snowy_-2_afternoon_casual,view,0.0
U290,D071,snowy,0.3,morning,7,0,business,snowy_0_morning_business,view,0.0
U463,D081,stormy,18.3,morning,8,5,casual,stormy_18_morning_casual,rate,4.5
U434,D004,sunny,22.3,morning,11,4,pairing,sunny_22_morning_pairing,view,0.0
U369,D081,cloudy,18.7,morning,8,3,business,cloudy_19_morning_business,view,0.0
U340,D025,stormy,16.3,morning,11,5,pairing,stormy_16_morning_pairing,view,0.0
U289,D019,snowy,-4.5,afternoon,13,4,social,snowy_-5_afternoon_social,view,0.0
U208,D060,cloudy,14.1,evening,23,6,business,cloudy_14_evening_business,view,0.0
U278,D043,cloudy,15.0,morning,10,0,pairing,cloudy_15_morning_pairing,view,0.0
U282,D116,stormy,10.7,afternoon,12,0,casual,stormy_11_afternoon_casual,view,0.0
U433,D097,cloudy,12.4,evening,18,6,pairing,cloudy_12_evening_pairing,view,0.0
U071,D048,snowy,-2.1,afternoon,16,2,casual,snowy_-2_afternoon_casual,view,0.0
U066,D077,snowy,-1.7,morning,9,2,celebration,snowy_-2_morning_celebration,view,0.0
U267,D026,sunny,21.0,morning,10,2,recovery,sunny_21_morning_recovery,view,0.0
U312,D118,sunny,33.7,afternoon,14,3,celebration,sunny_34_afternoon_celebration,view,0.0
U057,D106,stormy,16.2,afternoon,17,0,casual,stormy_16_afternoon_casual,rate,3.2
U436,D048,sunny,30.7,afternoon,15,3,social,sunny_31_afternoon_social,view,0.0
U457,D003,snowy,0.6,afternoon,14,1,social,snowy_1_afternoon_social,view,0.0
U083,D024,rainy,14.4,morning,11,1,recovery,rainy_14_morning_recovery,view,0.0
U001,D116,snowy,-2.5,morning,7,2,casual,snowy_-2_morning_casual,view,0.0
U146,D078,rainy,13.9,evening,20,3,recovery,rainy_14_evening_recovery,view,0.0
U152,D001,cloudy,13.9,afternoon,12,5,casual,cloudy_14_afternoon_casual,view,0.0
U250,D099,snowy,-2.1,afternoon,16,2,casual,snowy_-2_afternoon_casual,view,0.0
U213,D015,stormy,16.2,afternoon,17,0,casual,stormy_16_afternoon_casual,view,0.0
U052,D071,snowy,0.6,afternoon,14,0,pairing,snowy_1_afternoon_pairing,rate,4.8
U112,D013,stormy,10.7,afternoon,12,0,casual,stormy_11_afternoon_casual,view,0.0
U397,D090,snowy,0.6,afternoon,14,1,social,snowy_1_afternoon_social,view,0.0
U033,D004,cloudy,11.9,morning,7,1,social,cloudy_12_morning_social,view,0.0
U016,D101,cloudy,16.7,morning,8,4,business,cloudy_17_morning_business,view,0.0
U186,D055,snowy,-2.5,morning,7,2,casual,snowy_-2_morning_casual,view,0.0
U081,D061,snowy,-2.1,afternoon,16,2,casual,snowy_-2_afternoon_casual,view,0.0
U332,D057,rainy,9.4,evening,20,2,business,rainy_9_evening_business,view,0.0
U012,D011,rainy,12.4,evening,23,1,recovery,rainy_12_evening_recovery,view,0.0
U217,D104,snowy,-3.6,morning,8,5,social,snowy_-4_morning_social,view,0.0
U045,D074,stormy,10.7,afternoon,12,0,casual,stormy_11_afternoon_casual,view,0.0
U493,D022,cloudy,18.2,afternoon,17,1,business,cloudy_18_afternoon_business,view,0.0
U042,D020,snowy,0.6,afternoon,14,0,pairing,snowy_1_afternoon_pairing,view,0.0
U077,D106,cloudy,17.3,afternoon,15,3,recovery,cloudy_17_afternoon_recovery,rate,5.0
U039,D011,snowy,0.6,afternoon,14,0,pairing,snowy_1_afternoon_pairing,view,0.0
U492,D094,sunny,33.7,afternoon,14,3,celebration,sunny_34_afternoon_celebration,view,0.0
U016,D095,sunny,21.6,afternoon,17,3,recovery,sunny_22_afternoon_recovery,view,0.0
U480,D073,rainy,11.5,morning,10,0,casual,rainy_12_morning_casual,view,0.0
U144,D018,cloudy,19.5,morning,10,1,celebration,cloudy_19_morning_celebration,view,0.0
U442,D010,snowy,-3.2,morning,9,1,business,snowy_-3_morning_business,view,0.0
U019,D038,rainy,11.5,morning,10,0,casual,rainy_12_morning_casual,view,0.0
U368,D078,cloudy,14.1,evening,23,6,business,cloudy_14_evening_business,view,0.0
U130,D044,rainy,9.4,evening,20,2,business,rainy_9_evening_business,view,0.0
U124,D027,snowy,0.6,afternoon,14,0,pairing,snowy_1_afternoon_pairing,view,0.0
U411,D085,cloudy,14.6,morning,8,4,pairing,cloudy_15_morning_pairing,view,0.0
U128,D102,snowy,-2.1,afternoon,16,2,casual,snowy_-2_afternoon_casual,view,0.0
U352,D025,rainy,10.1,morning,9,5,business,rainy_10_morning_business,view,0.0
U260,D108,snowy,-2.1,afternoon,16,2,casual,snowy_-2_afternoon_casual,view,0.0
U355,D104,cloudy,19.1,evening,19,6,pairing,cloudy_19_evening_pairing,view,0.0
U338,D079,cloudy,10.4,afternoon,12,0,recovery,cloudy_10_afternoon_recovery,view,0.0
U212,D017,stormy,18.3,morning,8,5,casual,stormy_18_morning_casual,view,0.0
U404,D025,snowy,-1.7,morning,9,2,celebration,snowy_-2_morning_celebration,view,0.0
U287,D117,snowy,4.5,afternoon,16,4,social,snowy_5_afternoon_social,view,0.0
U496,D092,sunny,21.0,morning,10,2,recovery,sunny_21_morning_recovery,view,0.0
U387,D098,cloudy,17.3,afternoon,15,3,recovery,cloudy_17_afternoon_recovery,view,0.0
U259,D058,rainy,9.4,evening,20,2,business,rainy_9_evening_business,view,0.0
U069,D114,cloudy,15.0,morning,10,0,pairing,cloudy_15_morning_pairing,view,0.0
U239,D084,snowy,-4.2,evening,22,6,business,snowy_-4_evening_business,view,0.0
U424,D092,rainy,12.4,evening,23,1,recovery,rainy_12_evening_recovery,view,0.0
U217,D074,sunny,21.6,afternoon,17,3,recovery,sunny_22_afternoon_recovery,view,0.0
U486,D084,stormy,15.1,morning,10,6,social,stormy_15_morning_social,purchase,1.0
U102,D059,cloudy,18.7,morning,8,3,business,cloudy_19_morning_business,view,0.0
U415,D104,snowy,-3.2,morning,9,1,business,snowy_-3_morning_business,view,0.0
U420,D010,cloudy,17.3,afternoon,15,3,recovery,cloudy_17_afternoon_recovery,view,0.0
U031,D091,stormy,14.5,evening,23,3,casual,stormy_15_evening_casual,view,0.0
U431,D085,snowy,4.5,afternoon,16,4,social,snowy_5_afternoon_social,view,0.0
U434,D079,cloudy,14.6,morning,8,4,pairing,cloudy_15_morning_pairing,view,0.0
U089,D067,cloudy,13.9,afternoon,12,5,casual,cloudy_14_afternoon_casual,view,0.0
U116,D068,stormy,12.8,evening,22,2,casual,stormy_13_evening_casual,view,0.0
U281,D095,stormy,18.3,morning,8,5,casual,stormy_18_morning_casual,view,0.0
U322,D028,snowy,0.6,afternoon,14,0,pairing,snowy_1_afternoon_pairing,view,0.0
U138,D050,snowy,-4.2,evening,22,6,business,snowy_-4_evening_business,view,0.0
U189,D103,sunny,21.0,morning,10,2,recovery,sunny_21_morning_recovery,view,0.0
U376,D033,stormy,18.3,morning,8,5,casual,stormy_18_morning_casual,view,0.0
U385,D053,snowy,0.3,morning,7,0,business,snowy_0_morning_business,view,0.0
U474,D015,sunny,22.3,morning,11,4,pairing,sunny_22_morning_pairing,view,0.0
U407,D054,stormy,14.5,evening,23,3,casual,stormy_15_evening_casual,view,0.0
U212,D052,cloudy,17.3,afternoon,15,3,recovery,cloudy_17_afternoon_recovery,view,0.0
U178,D038,cloudy,13.9,afternoon,12,5,casual,cloudy_14_afternoon_casual,view,0.0
U337,D073,cloudy,11.9,morning,7,1,social,cloudy_12_morning_social,rate,3.9
U401,D104,snowy,0.6,afternoon,14,0,pairing,snowy_1_afternoon_pairing,view,0.0
U316,D060,stormy,16.2,afternoon,17,0,casual,stormy_16_afternoon_casual,view,0.0
U454,D007,stormy,10.7,afternoon,12,0,casual,stormy_11_afternoon_casual,view,0.0
U223,D022,cloudy,14.1,evening,23,6,business,cloudy_14_evening_business,view,0.0
U336,D100,sunny,26.1,evening,22,1,recovery,sunny_26_evening_recovery,view,0.0
U339,D012,stormy,12.8,evening,22,2,casual,stormy_13_evening_casual,view,0.0
U092,D120,cloudy,19.5,morning,10,1,celebration,cloudy_19_morning_celebration,view,0.0
U388,D030,snowy,-4.2,evening,22,6,business,snowy_-4_evening_business,view,0.0
U283,D045,sunny,21.0,morning,10,2,recovery,sunny_21_morning_recovery,view,0.0
U061,D035,snowy,-1.7,morning,9,2,celebration,snowy_-2_morning_celebration,view,0.0
U405,D017,sunny,30.7,afternoon,15,3,social,sunny_31_afternoon_social,view,0.0
U377,D035,sunny,29.6,afternoon,16,0,recovery,sunny_30_afternoon_recovery,view,0.0
U025,D096,snowy,4.5,afternoon,16,4,social,snowy_5_afternoon_social,view,0.0
U035,D083,snowy,-3.2,morning,9,1,business,snowy_-3_morning_business,view,0.0
U303,D043,sunny,33.7,afternoon,14,3,celebration,sunny_34_afternoon_celebration,view,0.0
U144,D078,cloudy,14.6,morning,8,4,pairing,cloudy_15_morning_pairing,view,0.0
U292,D086,stormy,16.3,morning,11,5,pairing,stormy_16_morning_pairing,rate,1.1
U484,D109,sunny,26.1,evening,22,1,recovery,sunny_26_evening_recovery,view,0.0
U170,D047,cloudy,12.4,evening,18,6,pairing,cloudy_12_evening_pairing,rate,2.1
U046,D066,snowy,-1.7,morning,9,2,celebration,snowy_-2_morning_celebration,view,0.0
U058,D112,rainy,10.1,morning,9,5,business,rainy_10_morning_business,view,0.0
U289,D106,snowy,-3.2,morning,9,1,business,snowy_-3_morning_business,rate,4.3
U334,D005,stormy,16.2,afternoon,17,0,casual,stormy_16_afternoon_casual,view,0.0
U493,D049,rainy,9.4,evening,20,2,business,rainy_9_evening_business,view,0.0
U452,D094,sunny,22.3,morning,11,4,pairing,sunny_22_morning_pairing,view,0.0
U269,D108,snowy,0.6,afternoon,14,0,pairing,snowy_1_afternoon_pairing,view,0.0
U215,D099,cloudy,18.7,morning,8,3,business,cloudy_19_morning_business,view,0.0
U118,D036,stormy,10.7,afternoon,12,0,casual,stormy_11_afternoon_casual,rate,2.5
U304,D104,cloudy,12.4,evening,18,6,pairing,cloudy_12_evening_pairing,view,0.0
U141,D026,rainy,10.1,morning,9,5,business,rainy_10_morning_business,view,0.0
U422,D080,cloudy,16.7,morning,8,4,business,cloudy_17_morning_business,view,0.0
U400,D077,snowy,-3.2,morning,9,1,business,snowy_-3_morning_business,view,0.0
U210,D110,rainy,7.0,afternoon,16,2,social,rainy_7_afternoon_social,purchase,1.0
U259,D093,stormy,14.5,evening,23,3,casual,stormy_15_evening_casual,view,0.0
U160,D004,snowy,0.6,afternoon,14,1,social,snowy_1_afternoon_social,view,0.0
U184,D016,stormy,10.7,afternoon,12,0,casual,stormy_11_afternoon_casual,view,0.0
U086,D071,rainy,13.9,evening,20,3,recovery,rainy_14_evening_recovery,rate,1.9
U312,D110,rainy,10.1,morning,9,5,business,rainy_10_morning_business,view,0.0
U238,D022,sunny,29.6,afternoon,16,0,recovery,sunny_30_afternoon_recovery,rate,1.7
U499,D091,cloudy,14.1,evening,23,6,business,cloudy_14_evening_business,view,0.0
U019,D052,sunny,26.1,evening,22,1,recovery,sunny_26_evening_recovery,view,0.0
U061,D085,snowy,-2.5,morning,7,2,casual,snowy_-2_morning_casual,view,0.0
U076,D007,sunny,22.3,morning,11,4,pairing,sunny_22_morning_pairing,view,0.0
U138,D102,sunny,26.0,afternoon,12,1,casual,sunny_26_afternoon_casual,view,0.0
U163,D062,rainy,13.9,evening,20,3,recovery,rainy_14_evening_recovery,view,0.0
U020,D101,snowy,-2.5,morning,7,2,casual,snowy_-2_morning_casual,view,0.0
U328,D110,sunny,23.4,evening,18,0,pairing,sunny_23_evening_pairing,rate,1.5
U250,D080,cloudy,11.9,morning,7,1,social,cloudy_12_morning_social,view,0.0
U220,D011,snowy,-1.7,morning,9,2,celebration,snowy_-2_morning_celebration,view,0.0
U265,D092,sunny,30.7,afternoon,15,3,social,sunny_31_afternoon_social,view,0.0
U216,D079,snowy,-4.2,evening,22,6,business,snowy_-4_evening_business,rate,3.3
U406,D029,sunny,26.1,evening,22,1,recovery,sunny_26_evening_recovery,view,0.0
U303,D074,cloudy,14.1,evening,23,6,business,cloudy_14_evening_business,rate,1.1
U162,D021,rainy,12.4,evening,23,1,recovery,rainy_12_evening_recovery,view,0.0
U378,D021,snowy,4.5,afternoon,16,4,social,snowy_5_afternoon_social,view,0.0
U245,D086,cloudy,14.6,morning,8,4,pairing,cloudy_15_morning_pairing,view,0.0
U180,D023,sunny,21.0,morning,10,2,recovery,sunny_21_morning_recovery,view,0.0
U332,D040,snowy,0.6,afternoon,14,1,social,snowy_1_afternoon_social,view,0.0
U395,D116,cloudy,15.0,morning,10,0,pairing,cloudy_15_morning_pairing,view,0.0
U056,D079,sunny,22.3,morning,11,4,pairing,sunny_22_morning_pairing,view,0.0
U281,D113,snowy,-2.5,morning,7,2,casual,snowy_-2_morning_casual,view,0.0
U287,D081,sunny,29.6,afternoon,16,0,recovery,sunny_30_afternoon_recovery,view,0.0
U303,D001,rainy,13.9,evening,20,3,recovery,rainy_14_evening_recovery,view,0.0
U381,D026,sunny,26.1,evening,22,1,recovery,sunny_26_evening_recovery,view,0.0
U328,D115,snowy,4.5,afternoon,16,4,social,snowy_5_afternoon_social,view,0.0
U280,D047,sunny,33.7,afternoon,14,3,celebration,sunny_34_afternoon_celebration,rate,4.5
U416,D017,snowy,-1.7,morning,9,2,celebration,snowy_-2_morning_celebration,view,0.0
U166,D068,snowy,-4.2,evening,22,6,business,snowy_-4_evening_business,view,0.0
U238,D113,cloudy,19.1,evening,19,6,pairing,cloudy_19_evening_pairing,view,0.0
U219,D001,rainy,7.0,afternoon,16,2,social,rainy_7_afternoon_social,rate,3.4
U484,D066,rainy,14.4,morning,11,1,recovery,rainy_14_morning_recovery,view,0.0
U057,D073,cloudy,18.7,morning,8,3,business,cloudy_19_morning_business,view,0.0
U244,D117,rainy,7.0,afternoon,16,2,social,rainy_7_afternoon_social,view,0.0
U410,D111,cloudy,14.6,morning,8,4,pairing,cloudy_15_morning_pairing,view,0.0
U417,D113,stormy,12.8,evening,22,2,casual,stormy_13_evening_casual,view,0.0
U023,D025,sunny,22.3,morning,11,4,pairing,sunny_22_morning_pairing,view,0.0
U255,D092,sunny,21.0,morning,10,2,recovery,sunny_21_morning_recovery,view,0.0
U307,D115,snowy,-4.5,afternoon,13,4,social,snowy_-5_afternoon_social,view,0.0
U103,D099,stormy,16.2,afternoon,17,0,casual,stormy_16_afternoon_casual,view,0.0
U103,D112,snowy,0.6,afternoon,14,1,social,snowy_1_afternoon_social,view,0.0
U249,D104,sunny,29.6,afternoon,16,0,recovery,sunny_30_afternoon_recovery,view,0.0
U242,D024,cloudy,19.5,morning,10,1,celebration,cloudy_19_morning_celebration,view,0.0
U025,D116,sunny,23.4,evening,18,0,pairing,sunny_23_evening_pairing,view,0.0
U153,D027,cloudy,15.0,morning,10,0,pairing,cloudy_15_morning_pairing,view,0.0
U108,D033,cloudy,19.5,morning,10,1,celebration,cloudy_19_morning_celebration,view,0.0
U121,D016,snowy,-2.5,morning,7,2,casual,snowy_-2_morning_casual,view,0.0
U202,D098,stormy,16.2,afternoon,17,0,casual,stormy_16_afternoon_casual,view,0.0
U281,D093,stormy,16.3,morning,11,5,pairing,stormy_16_morning_pairing,view,0.0
U352,D034,snowy,-3.2,morning,9,1,business,snowy_-3_morning_business,view,0.0
U021,D029,cloudy,19.1,evening,19,6,pairing,cloudy_19_evening_pairing,view,0.0
U170,D077,stormy,16.2,afternoon,17,0,casual,stormy_16_afternoon_casual,rate,3.3
U270,D088,stormy,18.3,morning,8,5,casual,stormy_18_morning_casual,purchase,1.0
U067,D093,snowy,0.6,afternoon,14,0,pairing,snowy_1_afternoon_pairing,view,0.0
U113,D101,cloudy,14.6,morning,8,4,pairing,cloudy_15_morning_pairing,view,0.0
U182,D011,sunny,26.0,afternoon,12,1,casual,sunny_26_afternoon_casual,view,0.0
U472,D066,cloudy,12.4,evening,18,6,pairing,cloudy_12_evening_pairing,view,0.0
U349,D101,stormy,18.3,morning,8,5,casual,stormy_18_morning_casual,view,0.0
U348,D039,sunny,21.0,morning,10,2,recovery,sunny_21_morning_recovery,view,0.0
U454,D011,rainy,10.1,morning,9,5,business,rainy_10_morning_business,view,0.0
U252,D104,sunny,22.3,morning,11,4,pairing,sunny_22_morning_pairing,view,0.0
U363,D060,sunny,33.7,afternoon,14,3,celebration,sunny_34_afternoon_celebration,rate,2.9
U388,D056,sunny,21.6,afternoon,17,3,recovery,sunny_22_afternoon_recovery,view,0.0
U472,D065,sunny,30.7,afternoon,15,3,social,sunny_31_afternoon_social,view,0.0
U076,D019,rainy,11.5,morning,10,0,casual,rainy_12_morning_casual,view,0.0
U360,D107,rainy,14.4,morning,11,1,recovery,rainy_14_morning_recovery,view,0.0
U172,D084,sunny,21.0,morning,10,2,recovery,sunny_21_morning_recovery,view,0.0
U280,D048,stormy,16.3,morning,11,5,pairing,stormy_16_morning_pairing,view,0.0
U232,D038,snowy,-3.6,morning,8,5,social,snowy_-4_morning_social,view,0.0
U413,D119,rainy,13.9,evening,20,3,recovery,rainy_14_evening_recovery,view,0.0
U196,D049,snowy,-2.5,morning,7,2,casual,snowy_-2_morning_casual,view,0.0
U254,D120,snowy,-3.2,morning,9,1,business,snowy_-3_morning_business,view,0.0
U078,D085,snowy,0.6,afternoon,14,0,pairing,snowy_1_afternoon_pairing,view,0.0
U484,D001,snowy,4.5,afternoon,16,4,social,snowy_5_afternoon_social,view,0.0
U143,D116,sunny,33.7,afternoon,14,3,celebration,sunny_34_afternoon_celebration,view,0.0
U329,D019,stormy,16.3,morning,11,5,pairing,stormy_16_morning_pairing,view,0.0
U033,D043,rainy,11.5,morning,10,0,casual,rainy_12_morning_casual,rate,2.9
U113,D050,sunny,23.4,evening,18,0,pairing,sunny_23_evening_pairing,view,0.0
U134,D116,sunny,23.4,evening,18,0,pairing,sunny_23_evening_pairing,view,0.0
U451,D097,rainy,12.4,evening,23,1,recovery,rainy_12_evening_recovery,view,0.0
U165,D080,sunny,21.0,morning,10,2,recovery,sunny_21_morning_recovery,view,0.0
U056,D044,rainy,12.4,evening,23,1,recovery,rainy_12_evening_recovery,purchase,1.0
U201,D112,rainy,9.4,evening,20,2,business,rainy_9_evening_business,view,0.0
U357,D024,cloudy,10.4,afternoon,12,0,recovery,cloudy_10_afternoon_recovery,view,0.0
U029,D059,stormy,16.3,morning,11,5,pairing,stormy_16_morning_pairing,view,0.0
U367,D036,snowy,-4.5,afternoon,13,4,social,snowy_-5_afternoon_social,view,0.0
U146,D020,stormy,16.2,afternoon,17,0,casual,stormy_16_afternoon_casual,view,0.0
U168,D001,cloudy,19.5,morning,10,1,celebration,cloudy_19_morning_celebration,view,0.0
U497,D029,sunny,26.1,evening,22,1,recovery,sunny_26_evening_recovery,view,0.0
U048,D062,snowy,-2.1,afternoon,16,2,casual,snowy_-2_afternoon_casual,view,0.0
U283,D006,snowy,-4.2,evening,22,6,business,snowy_-4_evening_business,rate,3.9
U105,D104,cloudy,13.9,afternoon,12,5,casual,cloudy_14_afternoon_casual,view,0.0
U469,D041,sunny,26.0,afternoon,12,1,casual,sunny_26_afternoon_casual,view,0.0
U230,D023,cloudy,11.9,morning,7,1,social,cloudy_12_morning_social,view,0.0
U007,D082,sunny,33.7,afternoon,14,3,celebration,sunny_34_afternoon_celebration,view,0.0
U106,D104,rainy,9.4,evening,20,2,business,rainy_9_evening_business,view,0.0
U495,D110,snowy,4.5,afternoon,16,4,social,snowy_5_afternoon_social,view,0.0
U328,D071,sunny,22.3,morning,11,4,pairing,sunny_22_morning_pairing,view,0.0
U364,D104,stormy,16.3,morning,11,5,pairing,stormy_16_morning_pairing,purchase,1.0
U035,D066,rainy,8.4,evening,21,1,casual,rainy_8_evening_casual,view,0.0
U324,D037,sunny,21.0,morning,10,2,recovery,sunny_21_morning_recovery,view,0.0
U173,D029,sunny,22.3,morning,11,4,pairing,sunny_22_morning_pairing,view,0.0
U016,D012,rainy,7.0,afternoon,16,2,social,rainy_7_afternoon_social,view,0.0
U158,D016,sunny,30.7,afternoon,15,3,social,sunny_31_afternoon_social,view,0.0
U023,D062,cloudy,18.2,afternoon,17,1,business,cloudy_18_afternoon_business,view,0.0
U376,D017,cloudy,18.7,morning,8,3,business,cloudy_19_morning_business,view,0.0
U410,D013,sunny,26.0,afternoon,12,1,casual,sunny_26_afternoon_casual,view,0.0
U341,D029,cloudy,14.1,evening,23,6,business,cloudy_14_evening_business,view,0.0
U197,D078,snowy,-2.1,afternoon,16,2,casual,snowy_-2_afternoon_casual,view,0.0
U167,D020,rainy,12.4,evening,23,1,recovery,rainy_12_evening_recovery,view,0.0
U196,D035,stormy,14.5,evening,23,3,casual,stormy_15_evening_casual,view,0.0
U377,D113,snowy,0.3,morning,7,0,business,snowy_0_morning_business,view,0.0
U248,D086,cloudy,17.3,afternoon,15,3,recovery,cloudy_17_afternoon_recovery,view,0.0
U329,D016,snowy,-4.2,evening,22,6,business,snowy_-4_evening_business,view,0.0
U294,D097,snowy,-2.1,afternoon,16,2,casual,snowy_-2_afternoon_casual,rate,1.2
U431,D001,snowy,-4.5,afternoon,13,4,social,snowy_-5_afternoon_social,view,0.0
U464,D021,snowy,4.5,afternoon,16,4,social,snowy_5_afternoon_social,view,0.0
U396,D028,snowy,-4.2,evening,22,6,business,snowy_-4_evening_business,view,0.0
U316,D031,rainy,9.4,evening,20,2,business,rainy_9_evening_business,view,0.0
U239,D104,stormy,18.3,morning,8,5,casual,stormy_18_morning_casual,view,0.0
U089,D119,rainy,12.4,evening,23,1,recovery,rainy_12_evening_recovery,view,0.0
U438,D019,stormy,12.8,evening,22,2,casual,stormy_13_evening_casual,view,0.0
U387,D102,rainy,11.5,morning,10,0,casual,rainy_12_morning_casual,view,0.0
U425,D035,sunny,21.6,afternoon,17,3,recovery,sunny_22_afternoon_recovery,view,0.0
U076,D099,sunny,33.7,afternoon,14,3,celebration,sunny_34_afternoon_celebration,view,0.0
U076,D050,stormy,12.8,evening,22,2,casual,stormy_13_evening_casual,view,0.0
U158,D072,sunny,22.3,morning,11,4,pairing,sunny_22_morning_pairing,view,0.0
U223,D070,cloudy,14.6,morning,8,4,pairing,cloudy_15_morning_pairing,view,0.0
U358,D107,cloudy,18.7,morning,8,3,business,cloudy_19_morning_business,view,0.0
U192,D108,sunny,21.0,morning,10,2,recovery,sunny_21_morning_recovery,view,0.0
U155,D027,rainy,12.4,evening,23,1,recovery,rainy_12_evening_recovery,view,0.0
U423,D057,cloudy,11.9,morning,7,1,social,cloudy_12_morning_social,view,0.0
U064,D048,cloudy,16.7,morning,8,4,business,cloudy_17_morning_business,purchase,1.0
U156,D023,rainy,9.4,evening,20,2,business,rainy_9_evening_business,view,0.0
U256,D061,cloudy,15.0,morning,10,0,pairing,cloudy_15_morning_pairing,view,0.0
U396,D013,sunny,26.1,evening,22,1,recovery,sunny_26_evening_recovery,view,0.0
U349,D073,sunny,23.4,evening,18,0,pairing,sunny_23_evening_pairing,view,0.0
U438,D002,rainy,9.4,evening,20,2,business,rainy_9_evening_business,view,0.0
U146,D051,stormy,14.5,evening,23,3,casual,stormy_15_evening_casual,view,0.0
U299,D059,cloudy,13.9,afternoon,12,5,casual,cloudy_14_afternoon_casual,view,0.0
U476,D068,snowy,-4.2,evening,22,6,business,snowy_-4_evening_business,view,0.0
U379,D002,cloudy,19.1,evening,19,6,pairing,cloudy_19_evening_pairing,view,0.0
U278,D061,stormy,15.1,morning,10,6,social,stormy_15_morning_social,view,0.0
U265,D107,stormy,16.2,afternoon,17,0,casual,stormy_16_afternoon_casual,view,0.0
U477,D033,sunny,30.7,afternoon,15,3,social,sunny_31_afternoon_social,view,0.0
U221,D069,cloudy,18.2,afternoon,17,1,business,cloudy_18_afternoon_business,view,0.0
U160,D064,stormy,14.5,evening,23,3,casual,stormy_15_evening_casual,view,0.0
U367,D042,stormy,14.5,evening,23,3,casual,stormy_15_evening_casual,view,0.0
U335,D070,stormy,16.2,afternoon,17,0,casual,stormy_16_afternoon_casual,view,0.0
U323,D107,cloudy,19.7,afternoon,12,3,casual,cloudy_20_afternoon_casual,view,0.0
U329,D035,cloudy,19.5,morning,10,1,celebration,cloudy_19_morning_celebration,view,0.0
U482,D039,rainy,13.9,evening,20,3,recovery,rainy_14_evening_recovery,rate,2.1
U181,D046,rainy,7.0,afternoon,16,2,social,rainy_7_afternoon_social,view,0.0
U067,D100,rainy,12.4,evening,23,1,recovery,rainy_12_evening_recovery,view,0.0
U045,D022,cloudy,19.7,afternoon,12,3,casual,cloudy_20_afternoon_casual,view,0.0
U017,D005,sunny,21.0,morning,10,2,recovery,sunny_21_morning_recovery,view,0.0
U216,D095,stormy,16.3,morning,11,5,pairing,stormy_16_morning_pairing,view,0.0
U286,D042,cloudy,14.6,morning,8,4,pairing,cloudy_15_morning_pairing,view,0.0
U199,D091,sunny,30.7,afternoon,15,3,social,sunny_31_afternoon_social,view,0.0
U418,D022,cloudy,12.4,evening,18,6,pairing,cloudy_12_evening_pairing,view,0.0
U109,D095,cloudy,10.4,afternoon,12,0,recovery,cloudy_10_afternoon_recovery,view,0.0
U202,D026,stormy,16.2,afternoon,17,0,casual,stormy_16_afternoon_casual,view,0.0
U247,D098,cloudy,14.6,morning,8,4,pairing,cloudy_15_morning_pairing,view,0.0
U011,D053,sunny,29.6,afternoon,16,0,recovery,sunny_30_afternoon_recovery,view,0.0
U124,D108,rainy,9.4,evening,20,2,business,rainy_9_evening_business,view,0.0
U473,D085,snowy,-3.2,morning,9,1,business,snowy_-3_morning_business,view,0.0
U029,D102,snowy,-2.5,morning,7,2,casual,snowy_-2_morning_casual,view,0.0
U428,D109,cloudy,14.1,evening,23,6,business,cloudy_14_evening_business,view,0.0
U472,D059,snowy,-4.5,afternoon,13,4,social,snowy_-5_afternoon_social,view,0.0
U300,D098,stormy,12.8,evening,22,2,casual,stormy_13_evening_casual,view,0.0
U313,D117,snowy,-3.2,morning,9,1,business,snowy_-3_morning_business,view,0.0
U294,D120,stormy,10.7,afternoon,12,0,casual,stormy_11_afternoon_casual,view,0.0
U063,D011,snowy,-4.2,evening,22,6,business,snowy_-4_evening_business,view,0.0
U450,D054,sunny,21.6,afternoon,17,3,recovery,sunny_22_afternoon_recovery,view,0.0
U088,D080,sunny,23.4,evening,18,0,pairing,sunny_23_evening_pairing,view,0.0
U265,D027,sunny,22.3,morning,11,4,pairing,sunny_22_morning_pairing,view,0.0
U301,D089,cloudy,19.7,afternoon,12,3,casual,cloudy_20_afternoon_casual,rate,2.1
U283,D040,stormy,15.1,morning,10,6,social,stormy_15_morning_social,view,0.0
U487,D045,stormy,15.1,morning,10,6,social,stormy_15_morning_social,view,0.0
U006,D028,snowy,-3.6,morning,8,5,social,snowy_-4_morning_social,rate,1.4
U249,D077,snowy,4.5,afternoon,16,4,social,snowy_5_afternoon_social,view,0.0
U165,D031,stormy,10.7,afternoon,12,0,casual,stormy_11_afternoon_casual,view,0.0
U320,D057,rainy,12.4,evening,23,1,recovery,rainy_12_evening_recovery,view,0.0
U459,D025,sunny,23.4,evening,18,0,pairing,sunny_23_evening_pairing,view,0.0
U313,D071,sunny,30.7,afternoon,15,3,social,sunny_31_afternoon_social,view,0.0
U426,D042,snowy,0.3,morning,7,0,business,snowy_0_morning_business,rate,1.8
U239,D108,stormy,15.1,morning,10,6,social,stormy_15_morning_social,view,0.0
U385,D079,stormy,18.3,morning,8,5,casual,stormy_18_morning_casual,view,0.0
U012,D116,cloudy,18.2,afternoon,17,1,business,cloudy_18_afternoon_business,rate,3.1
U053,D090,cloudy,13.9,afternoon,12,5,casual,cloudy_14_afternoon_casual,view,0.0
U173,D051,rainy,11.5,morning,10,0,casual,rainy_12_morning_casual,view,0.0
U054,D018,snowy,4.5,afternoon,16,4,social,snowy_5_afternoon_social,rate,1.9
U016,D048,cloudy,11.9,morning,7,1,social,cloudy_12_morning_social,view,0.0
U368,D001,sunny,23.4,evening,18,0,pairing,sunny_23_evening_pairing,view,0.0
U426,D098,rainy,8.4,evening,21,1,casual,rainy_8_evening_casual,view,0.0
U092,D003,sunny,23.4,evening,18,0,pairing,sunny_23_evening_pairing,purchase,1.0
U044,D027,sunny,30.7,afternoon,15,3,social,sunny_31_afternoon_social,view,0.0
U099,D013,snowy,0.6,afternoon,14,0,pairing,snowy_1_afternoon_pairing,view,0.0
U123,D112,rainy,7.0,afternoon,16,2,social,rainy_7_afternoon_social,rate,4.8
U388,D096,stormy,10.7,afternoon,12,0,casual,stormy_11_afternoon_casual,rate,1.9
U118,D012,cloudy,18.2,afternoon,17,1,business,cloudy_18_afternoon_business,view,0.0
U249,D017,cloudy,14.1,evening,23,6,business,cloudy_14_evening_business,view,0.0
U152,D012,snowy,0.3,morning,7,0,business,snowy_0_morning_business,rate,4.6
U469,D090,cloudy,11.9,morning,7,1,social,cloudy_12_morning_social,view,0.0
U277,D114,sunny,26.1,evening,22,1,recovery,sunny_26_evening_recovery,view,0.0
U404,D113,sunny,29.6,afternoon,16,0,recovery,sunny_30_afternoon_recovery,view,0.0
U336,D063,sunny,21.6,afternoon,17,3,recovery,sunny_22_afternoon_recovery,view,0.0
U466,D059,cloudy,16.7,morning,8,4,business,cloudy_17_morning_business,view,0.0
U345,D094,sunny,26.1,evening,22,1,recovery,sunny_26_evening_recovery,view,0.0
U233,D116,stormy,18.3,morning,8,5,casual,stormy_18_morning_casual,rate,3.0
U045,D085,cloudy,11.9,morning,7,1,social,cloudy_12_morning_social,view,0.0
U166,D070,sunny,26.0,afternoon,12,1,casual,sunny_26_afternoon_casual,view,0.0
U247,D040,cloudy,17.3,afternoon,15,3,recovery,cloudy_17_afternoon_recovery,view,0.0
U387,D023,stormy,14.5,evening,23,3,casual,stormy_15_evening_casual,view,0.0
U459,D050,rainy,13.9,evening,20,3,recovery,rainy_14_evening_recovery,view,0.0
U020,D108,cloudy,11.9,morning,7,1,social,cloudy_12_morning_social,rate,2.1
U496,D085,snowy,-2.1,afternoon,16,2,casual,snowy_-2_afternoon_casual,rate,2.1
U290,D073,snowy,0.6,afternoon,14,1,social,snowy_1_afternoon_social,view,0.0
U459,D013,cloudy,18.2,afternoon,17,1,business,cloudy_18_afternoon_business,view,0.0
U260,D034,cloudy,14.6,morning,8,4,pairing,cloudy_15_morning_pairing,view,0.0
U038,D075,cloudy,15.0,morning,10,0,pairing,cloudy_15_morning_pairing,view,0.0
U052,D081,stormy,12.8,evening,22,2,casual,stormy_13_evening_casual,view,0.0
U363,D045,sunny,21.0,morning,10,2,recovery,sunny_21_morning_recovery,view,0.0
U142,D002,sunny,21.6,afternoon,17,3,recovery,sunny_22_afternoon_recovery,view,0.0
U429,D045,sunny,30.7,afternoon,15,3,social,sunny_31_afternoon_social,view,0.0
U140,D053,cloudy,14.1,evening,23,6,business,cloudy_14_evening_business,view,0.0
U269,D004,cloudy,19.1,evening,19,6,pairing,cloudy_19_evening_pairing,view,0.0
U458,D055,stormy,16.2,afternoon,17,0,casual,stormy_16_afternoon_casual,purchase,1.0
U270,D098,cloudy,11.9,morning,7,1,social,cloudy_12_morning_social,view,0.0
U351,D071,snowy,-3.6,morning,8,5,social,snowy_-4_morning_social,view,0.0
U061,D103,rainy,14.4,morning,11,1,recovery,rainy_14_morning_recovery,view,0.0
U017,D049,sunny,33.7,afternoon,14,3,celebration,sunny_34_afternoon_celebration,view,0.0
U093,D013,stormy,12.8,evening,22,2,casual,stormy_13_evening_casual,view,0.0
U017,D047,sunny,29.6,afternoon,16,0,recovery,sunny_30_afternoon_recovery,rate,4.3
U203,D106,cloudy,16.7,morning,8,4,business,cloudy_17_morning_business,view,0.0
U456,D028,cloudy,14.1,evening,23,6,business,cloudy_14_evening_business,view,0.0
U225,D097,snowy,0.3,morning,7,0,business,snowy_0_morning_business,view,0.0
U091,D084,rainy,9.4,evening,20,2,business,rainy_9_evening_business,view,0.0
U491,D019,snowy,0.3,morning,7,0,business,snowy_0_morning_business,view,0.0
U289,D120,snowy,-3.6,morning,8,5,social,snowy_-4_morning_social,view,0.0
U417,D042,cloudy,16.7,morning,8,4,business,cloudy_17_morning_business,view,0.0
U303,D035,sunny,33.7,afternoon,14,3,celebration,sunny_34_afternoon_celebration,view,0.0
U438,D076,rainy,12.0,evening,18,0,social,rainy_12_evening_social,purchase,1.0
U248,D014,snowy,-2.1,afternoon,16,2,casual,snowy_-2_afternoon_casual,view,0.0
U222,D097,sunny,26.1,evening,22,1,recovery,sunny_26_evening_recovery,view,0.0
U305,D098,cloudy,18.7,morning,8,3,business,cloudy_19_morning_business,rate,3.7
U086,D008,rainy,11.5,morning,10,0,casual,rainy_12_morning_casual,view,0.0
U039,D003,rainy,13.9,evening,20,3,recovery,rainy_14_evening_recovery,view,0.0
U302,D022,snowy,-3.6,morning,8,5,social,snowy_-4_morning_social,rate,3.2
U318,D098,sunny,23.4,evening,18,0,pairing,sunny_23_evening_pairing,view,0.0
U460,D013,rainy,12.0,evening,18,0,social,rainy_12_evening_social,view,0.0
U375,D052,sunny,33.7,afternoon,14,3,celebration,sunny_34_afternoon_celebration,view,0.0
U091,D039,rainy,12.4,evening,23,1,recovery,rainy_12_evening_recovery,view,0.0
U109,D104,sunny,26.1,evening,22,1,recovery,sunny_26_evening_recovery,view,0.0
U209,D088,sunny,21.6,afternoon,17,3,recovery,sunny_22_afternoon_recovery,view,0.0
U126,D109,snowy,0.3,morning,7,0,business,snowy_0_morning_business,view,0.0
U181,D025,sunny,22.3,morning,11,4,pairing,sunny_22_morning_pairing,view,0.0
U077,D095,rainy,12.4,evening,23,1,recovery,rainy_12_evening_recovery,view,0.0
U293,D043,sunny,26.1,evening,22,1,recovery,sunny_26_evening_recovery,view,0.0
U052,D085,stormy,12.8,evening,22,2,casual,stormy_13_evening_casual,view,0.0
U370,D120,stormy,16.3,morning,11,5,pairing,stormy_16_morning_pairing,view,0.0
U092,D011,snowy,0.6,afternoon,14,0,pairing,snowy_1_afternoon_pairing,view,0.0
U099,D108,snowy,-4.5,afternoon,13,4,social,snowy_-5_afternoon_social,view,0.0
U199,D047,snowy,-3.6,morning,8,5,social,snowy_-4_morning_social,view,0.0
U264,D089,sunny,26.0,afternoon,12,1,casual,sunny_26_afternoon_casual,view,0.0
U460,D061,sunny,21.0,morning,10,2,recovery,sunny_21_morning_recovery,view,0.0
U194,D014,rainy,8.4,evening,21,1,casual,rainy_8_evening_casual,view,0.0
U239,D112,stormy,16.2,afternoon,17,0,casual,stormy_16_afternoon_casual,view,0.0
U311,D071,cloudy,19.1,evening,19,6,pairing,cloudy_19_evening_pairing,rate,3.1
U115,D075,sunny,26.1,evening,22,1,recovery,sunny_26_evening_recovery,view,0.0
U357,D114,sunny,21.6,afternoon,17,3,recovery,sunny_22_afternoon_recovery,view,0.0
U309,D117,snowy,0.6,afternoon,14,0,pairing,snowy_1_afternoon_pairing,view,0.0
U106,D086,rainy,7.0,afternoon,16,2,social,rainy_7_afternoon_social,view,0.0
U176,D094,cloudy,14.6,morning,8,4,pairing,cloudy_15_morning_pairing,view,0.0
U076,D003,stormy,10.7,afternoon,12,0,casual,stormy_11_afternoon_casual,view,0.0
U008,D087,cloudy,18.2,afternoon,17,1,business,cloudy_18_afternoon_business,view,0.0
U074,D055,cloudy,18.2,afternoon,17,1,business,cloudy_18_afternoon_business,view,0.0
U430,D064,stormy,15.1,morning,10,6,social,stormy_15_morning_social,view,0.0
U334,D067,stormy,12.8,evening,22,2,casual,stormy_13_evening_casual,view,0.0
U462,D031,rainy,10.1,morning,9,5,business,rainy_10_morning_business,view,0.0
U330,D073,rainy,8.4,evening,21,1,casual,rainy_8_evening_casual,view,0.0
U170,D018,stormy,12.8,evening,22,2,casual,stormy_13_evening_casual,rate,1.1
U424,D003,snowy,-2.1,afternoon,16,2,casual,snowy_-2_afternoon_casual,view,0.0
U321,D095,rainy,12.4,evening,23,1,recovery,rainy_12_evening_recovery,rate,4.1
U271,D021,cloudy,19.5,morning,10,1,celebration,cloudy_19_morning_celebration,view,0.0
U237,D013,snowy,-4.5,afternoon,13,4,social,snowy_-5_afternoon_social,view,0.0
U167,D096,snowy,-3.6,morning,8,5,social,snowy_-4_morning_social,rate,2.6
U498,D025,stormy,18.3,morning,8,5,casual,stormy_18_morning_casual,view,0.0
U369,D048,rainy,13.9,evening,20,3,recovery,rainy_14_evening_recovery,purchase,1.0
U419,D114,cloudy,19.5,morning,10,1,celebration,cloudy_19_morning_celebration,view,0.0
U034,D032,snowy,-3.2,morning,9,1,business,snowy_-3_morning_business,view,0.0
U126,D081,cloudy,17.3,afternoon,15,3,recovery,cloudy_17_afternoon_recovery,view,0.0
U487,D086,stormy,18.3,morning,8,5,casual,stormy_18_morning_casual,view,0.0
U301,D045,sunny,21.0,morning,10,2,recovery,sunny_21_morning_recovery,view,0.0
U019,D115,snowy,0.3,morning,7,0,business,snowy_0_morning_business,rate,4.1
U212,D100,snowy,-4.2,evening,22,6,business,snowy_-4_evening_business,view,0.0
U223,D120,snowy,-2.5,morning,7,2,casual,snowy_-2_morning_casual,view,0.0
U237,D022,rainy,8.4,evening,21,1,casual,rainy_8_evening_casual,view,0.0
U127,D109,stormy,12.8,evening,22,2,casual,stormy_13_evening_casual,view,0.0
U128,D091,rainy,7.0,afternoon,16,2,social,rainy_7_afternoon_social,view,0.0
U186,D110,cloudy,13.9,afternoon,12,5,casual,cloudy_14_afternoon_casual,view,0.0
U481,D026,snowy,-2.5,morning,7,2,casual,snowy_-2_morning_casual,view,0.0
U199,D028,cloudy,10.4,afternoon,12,0,recovery,cloudy_10_afternoon_recovery,view,0.0
U287,D054,snowy,-3.6,morning,8,5,social,snowy_-4_morning_social,view,0.0
U314,D034,sunny,21.0,morning,10,2,recovery,sunny_21_morning_recovery,view,0.0
U064,D113,cloudy,19.5,morning,10,1,celebration,cloudy_19_morning_celebration,view,0.0
U119,D085,rainy,10.1,morning,9,5,business,rainy_10_morning_business,view,0.0
U199,D093,stormy,16.3,morning,11,5,pairing,stormy_16_morning_pairing,view,0.0
U103,D077,rainy,8.4,evening,21,1,casual,rainy_8_evening_casual,view,0.0
U130,D113,cloudy,17.3,afternoon,15,3,recovery,cloudy_17_afternoon_recovery,view,0.0
U435,D005,sunny,22.3,morning,11,4,pairing,sunny_22_morning_pairing,view,0.0
U359,D062,stormy,12.8,evening,22,2,casual,stormy_13_evening_casual,view,0.0
U466,D052,cloudy,18.7,morning,8,3,business,cloudy_19_morning_business,view,0.0
U444,D118,rainy,12.0,evening,18,0,social,rainy_12_evening_social,view,0.0
U389,D009,sunny,26.1,evening,22,1,recovery,sunny_26_evening_recovery,view,0.0
U479,D116,sunny,33.7,afternoon,14,3,celebration,sunny_34_afternoon_celebration,view,0.0
U220,D085,cloudy,19.5,morning,10,1,celebration,cloudy_19_morning_celebration,rate,2.8
U234,D070,snowy,-3.6,morning,8,5,social,snowy_-4_morning_social,view,0.0
U280,D044,snowy,4.5,afternoon,16,4,social,snowy_5_afternoon_social,rate,3.5
U292,D079,sunny,22.3,morning,11,4,pairing,sunny_22_morning_pairing,view,0.0
U338,D087,snowy,0.3,morning,7,0,business,snowy_0_morning_business,view,0.0
U041,D086,sunny,30.7,afternoon,15,3,social,sunny_31_afternoon_social,view,0.0
U461,D097,sunny,29.6,afternoon,16,0,recovery,sunny_30_afternoon_recovery,view,0.0
U017,D086,stormy,16.2,afternoon,17,0,casual,stormy_16_afternoon_casual,view,0.0
U390,D053,stormy,10.7,afternoon,12,0,casual,stormy_11_afternoon_casual,view,0.0
U315,D097,snowy,-4.2,evening,22,6,business,snowy_-4_evening_business,view,0.0
U432,D037,snowy,0.6,afternoon,14,0,pairing,snowy_1_afternoon_pairing,view,0.0
U334,D077,cloudy,12.4,evening,18,6,pairing,cloudy_12_evening_pairing,view,0.0
U072,D117,snowy,0.3,morning,7,0,business,snowy_0_morning_business,view,0.0
U277,D115,sunny,22.3,morning,11,4,pairing,sunny_22_morning_pairing,view,0.0
U219,D042,rainy,8.4,evening,21,1,casual,rainy_8_evening_casual,view,0.0
U128,D072,rainy,9.4,evening,20,2,business,rainy_9_evening_business,view,0.0
U354,D016,stormy,12.8,evening,22,2,casual,stormy_13_evening_casual,view,0.0
U219,D056,stormy,10.7,afternoon,12,0,casual,stormy_11_afternoon_casual,view,0.0
U094,D106,sunny,33.7,afternoon,14,3,celebration,sunny_34_afternoon_celebration,view,0.0
U249,D018,snowy,-2.1,afternoon,16,2,casual,snowy_-2_afternoon_casual,view,0.0
U332,D096,snowy,-1.7,morning,9,2,celebration,snowy_-2_morning_celebration,view,0.0
U138,D075,rainy,10.1,morning,9,5,business,rainy_10_morning_business,view,0.0
U030,D056,snowy,-1.7,morning,9,2,celebration,snowy_-2_morning_celebration,view,0.0
U395,D024,cloudy,16.7,morning,8,4,business,cloudy_17_morning_business,view,0.0
U386,D012,sunny,21.0,morning,10,2,recovery,sunny_21_morning_recovery,view,0.0
U448,D068,cloudy,19.7,afternoon,12,3,casual,cloudy_20_afternoon_casual,view,0.0
U100,D062,cloudy,16.7,morning,8,4,business,cloudy_17_morning_business,view,0.0
U457,D090,snowy,-3.2,morning,9,1,business,snowy_-3_morning_business,rate,2.1
U448,D116,rainy,14.4,morning,11,1,recovery,rainy_14_morning_recovery,view,0.0
U093,D014,snowy,0.6,afternoon,14,1,social,snowy_1_afternoon_social,view,0.0
U433,D111,snowy,-1.7,morning,9,2,celebration,snowy_-2_morning_celebration,view,0.0
U068,D060,rainy,8.4,evening,21,1,casual,rainy_8_evening_casual,view,0.0
U281,D021,snowy,-3.2,morning,9,1,business,snowy_-3_morning_business,view,0.0
U128,D001,cloudy,14.1,evening,23,6,business,cloudy_14_evening_business,view,0.0
U391,D010,snowy,-4.5,afternoon,13,4,social,snowy_-5_afternoon_social,view,0.0
U395,D056,rainy,8.4,evening,21,1,casual,rainy_8_evening_casual,view,0.0
U141,D027,sunny,22.3,morning,11,4,pairing,sunny_22_morning_pairing,view,0.0
U061,D115,rainy,12.4,evening,23,1,recovery,rainy_12_evening_recovery,view,0.0
U085,D084,sunny,33.7,afternoon,14,3,celebration,sunny_34_afternoon_celebration,view,0.0
U280,D075,snowy,-4.2,evening,22,6,business,snowy_-4_evening_business,view,0.0
U143,D068,snowy,4.5,afternoon,16,4,social,snowy_5_afternoon_social,view,0.0
U350,D037,cloudy,19.5,morning,10,1,celebration,cloudy_19_morning_celebration,rate,2.3
U444,D109,sunny,33.7,afternoon,14,3,celebration,sunny_34_afternoon_celebration,view,0.0
U190,D096,rainy,7.0,afternoon,16,2,social,rainy_7_afternoon_social,view,0.0
U304,D040,sunny,30.7,afternoon,15,3,social,sunny_31_afternoon_social,view,0.0
U196,D088,cloudy,19.7,afternoon,12,3,casual,cloudy_20_afternoon_casual,view,0.0
U211,D104,cloudy,18.2,afternoon,17,1,business,cloudy_18_afternoon_business,view,0.0
U367,D097,cloudy,17.3,afternoon,15,3,recovery,cloudy_17_afternoon_recovery,view,0.0
U484,D077,snowy,0.3,morning,7,0,business,snowy_0_morning_business,view,0.0
U418,D016,snowy,-2.1,afternoon,16,2,casual,snowy_-2_afternoon_casual,view,0.0
U498,D043,cloudy,15.0,morning,10,0,pairing,cloudy_15_morning_pairing,view,0.0
U471,D046,snowy,-2.1,afternoon,16,2,casual,snowy_-2_afternoon_casual,view,0.0
U296,D088,rainy,10.1,morning,9,5,business,rainy_10_morning_business,view,0.0
U494,D054,cloudy,16.7,morning,8,4,business,cloudy_17_morning_business,view,0.0
U074,D090,snowy,-4.5,afternoon,13,4,social,snowy_-5_afternoon_social,view,0.0
U234,D119,cloudy,18.7,morning,8,3,business,cloudy_19_morning_business,view,0.0
U292,D095,cloudy,11.9,morning,7,1,social,cloudy_12_morning_social,view,0.0
U444,D103,cloudy,19.1,evening,19,6,pairing,cloudy_19_evening_pairing,view,0.0
U467,D082,snowy,-4.5,afternoon,13,4,social,snowy_-5_afternoon_social,view,0.0
U449,D089,stormy,15.1,morning,10,6,social,stormy_15_morning_social,view,0.0
U463,D063,rainy,14.4,morning,11,1,recovery,rainy_14_morning_recovery,view,0.0
U486,D045,snowy,-4.2,evening,22,6,business,snowy_-4_evening_business,view,0.0
U193,D022,stormy,18.3,morning,8,5,casual,stormy_18_morning_casual,view,0.0
U165,D115,stormy,15.1,morning,10,6,social,stormy_15_morning_social,view,0.0
U058,D077,cloudy,14.6,morning,8,4,pairing,cloudy_15_morning_pairing,view,0.0
U307,D115,cloudy,19.1,evening,19,6,pairing,cloudy_19_evening_pairing,rate,3.3
U009,D046,cloudy,18.2,afternoon,17,1,business,cloudy_18_afternoon_business,view,0.0
U263,D011,rainy,13.9,evening,20,3,recovery,rainy_14_evening_recovery,view,0.0
U178,D119,snowy,-3.6,morning,8,5,social,snowy_-4_morning_social,view,0.0
U165,D119,cloudy,14.1,evening,23,6,business,cloudy_14_evening_business,view,0.0
U300,D050,cloudy,19.7,afternoon,12,3,casual,cloudy_20_afternoon_casual,view,0.0
U463,D102,cloudy,17.3,afternoon,15,3,recovery,cloudy_17_afternoon_recovery,rate,1.1
U450,D003,rainy,8.4,evening,21,1,casual,rainy_8_evening_casual,view,0.0
U484,D054,cloudy,18.7,morning,8,3,business,cloudy_19_morning_business,rate,2.7
U243,D041,stormy,12.8,evening,22,2,casual,stormy_13_evening_casual,view,0.0
U107,D118,cloudy,19.1,evening,19,6,pairing,cloudy_19_evening_pairing,view,0.0
U326,D072,snowy,-4.5,afternoon,13,4,social,snowy_-5_afternoon_social,view,0.0
U447,D092,cloudy,16.7,morning,8,4,business,cloudy_17_morning_business,view,0.0
U289,D015,cloudy,14.6,morning,8,4,pairing,cloudy_15_morning_pairing,view,0.0
U050,D010,snowy,-4.5,afternoon,13,4,social,snowy_-5_afternoon_social,view,0.0
U088,D075,stormy,16.3,morning,11,5,pairing,stormy_16_morning_pairing,view,0.0
U104,D102,snowy,-4.5,afternoon,13,4,social,snowy_-5_afternoon_social,view,0.0
U301,D014,cloudy,19.7,afternoon,12,3,casual,cloudy_20_afternoon_casual,rate,2.5
U417,D003,stormy,16.3,morning,11,5,pairing,stormy_16_morning_pairing,view,0.0
U367,D087,cloudy,12.4,evening,18,6,pairing,cloudy_12_evening_pairing,view,0.0
U096,D086,stormy,14.5,evening,23,3,casual,stormy_15_evening_casual,rate,3.0
U486,D018,cloudy,11.9,morning,7,1,social,cloudy_12_morning_social,view,0.0
U396,D064,rainy,7.0,afternoon,16,2,social,rainy_7_afternoon_social,view,0.0
U124,D004,sunny,22.3,morning,11,4,pairing,sunny_22_morning_pairing,view,0.0
U111,D034,cloudy,19.1,evening,19,6,pairing,cloudy_19_evening_pairing,view,0.0
U288,D023,cloudy,18.7,morning,8,3,business,cloudy_19_morning_business,view,0.0
U239,D047,rainy,11.5,morning,10,0,casual,rainy_12_morning_casual,view,0.0
U029,D037,cloudy,19.1,evening,19,6,pairing,cloudy_19_evening_pairing,view,0.0
U383,D044,stormy,16.2,afternoon,17,0,casual,stormy_16_afternoon_casual,view,0.0
U139,D078,cloudy,18.7,morning,8,3,business,cloudy_19_morning_business,view,0.0
U419,D045,cloudy,18.7,morning,8,3,business,cloudy_19_morning_business,view,0.0
U106,D092,stormy,14.5,evening,23,3,casual,stormy_15_evening_casual,view,0.0
U109,D071,snowy,-4.2,evening,22,6,business,snowy_-4_evening_business,view,0.0
U037,D060,stormy,10.7,afternoon,12,0,casual,stormy_11_afternoon_casual,view,0.0
U023,D014,stormy,16.2,afternoon,17,0,casual,stormy_16_afternoon_casual,purchase,1.0
U152,D018,cloudy,12.4,evening,18,6,pairing,cloudy_12_evening_pairing,view,0.0
U139,D112,snowy,-2.1,afternoon,16,2,casual,snowy_-2_afternoon_casual,view,0.0
U368,D117,rainy,14.4,morning,11,1,recovery,rainy_14_morning_recovery,view,0.0
U236,D120,snowy,-1.7,morning,9,2,celebration,snowy_-2_morning_celebration,purchase,1.0
U179,D004,sunny,33.7,afternoon,14,3,celebration,sunny_34_afternoon_celebration,view,0.0
U473,D068,snowy,0.3,morning,7,0,business,snowy_0_morning_business,view,0.0
U443,D100,cloudy,17.3,afternoon,15,3,recovery,cloudy_17_afternoon_recovery,view,0.0
U461,D023,rainy,14.4,morning,11,1,recovery,rainy_14_morning_recovery,view,0.0
U485,D044,rainy,9.4,evening,20,2,business,rainy_9_evening_business,view,0.0
U042,D029,rainy,11.5,morning,10,0,casual,rainy_12_morning_casual,rate,2.0
U300,D055,rainy,12.0,evening,18,0,social,rainy_12_evening_social,view,0.0
U430,D076,cloudy,14.1,evening,23,6,business,cloudy_14_evening_business,rate,4.8
U030,D023,stormy,16.2,afternoon,17,0,casual,stormy_16_afternoon_casual,view,0.0
U315,D094,snowy,-2.1,afternoon,16,2,casual,snowy_-2_afternoon_casual,purchase,1.0
U253,D052,snowy,4.5,afternoon,16,4,social,snowy_5_afternoon_social,view,0.0
U465,D003,snowy,-1.7,morning,9,2,celebration,snowy_-2_morning_celebration,view,0.0
U412,D108,sunny,23.4,evening,18,0,pairing,sunny_23_evening_pairing,view,0.0
U437,D112,stormy,14.5,evening,23,3,casual,stormy_15_evening_casual,view,0.0
U004,D094,cloudy,19.7,afternoon,12,3,casual,cloudy_20_afternoon_casual,view,0.0
U380,D006,stormy,12.8,evening,22,2,casual,stormy_13_evening_casual,view,0.0
U423,D080,rainy,7.0,afternoon,16,2,social,rainy_7_afternoon_social,view,0.0
U191,D091,rainy,12.0,evening,18,0,social,rainy_12_evening_social,view,0.0
U266,D007,snowy,0.6,afternoon,14,0,pairing,snowy_1_afternoon_pairing,rate,2.8
U268,D079,rainy,8.4,evening,21,1,casual,rainy_8_evening_casual,view,0.0
U160,D115,stormy,15.1,morning,10,6,social,stormy_15_morning_social,view,0.0
U126,D090,stormy,16.2,afternoon,17,0,casual,stormy_16_afternoon_casual,view,0.0
U102,D114,rainy,8.4,evening,21,1,casual,rainy_8_evening_casual,view,0.0
U183,D001,rainy,12.4,evening,23,1,recovery,rainy_12_evening_recovery,view,0.0
U305,D114,cloudy,10.4,afternoon,12,0,recovery,cloudy_10_afternoon_recovery,view,0.0
U469,D013,sunny,26.0,afternoon,12,1,casual,sunny_26_afternoon_casual,view,0.0
U300,D083,snowy,0.3,morning,7,0,business,snowy_0_morning_business,view,0.0
U076,D020,snowy,-2.1,afternoon,16,2,casual,snowy_-2_afternoon_casual,view,0.0
U112,D025,stormy,18.3,morning,8,5,casual,stormy_18_morning_casual,view,0.0
U366,D034,rainy,12.4,evening,23,1,recovery,rainy_12_evening_recovery,view,0.0
U396,D103,stormy,12.8,evening,22,2,casual,stormy_13_evening_casual,purchase,1.0
U295,D077,cloudy,19.7,afternoon,12,3,casual,cloudy_20_afternoon_casual,view,0.0
U115,D031,rainy,7.0,afternoon,16,2,social,rainy_7_afternoon_social,view,0.0
U090,D117,snowy,-1.7,morning,9,2,celebration,snowy_-2_morning_celebration,view,0.0
U358,D056,cloudy,16.7,morning,8,4,business,cloudy_17_morning_business,view,0.0
U128,D014,rainy,10.1,morning,9,5,business,rainy_10_morning_business,view,0.0
U209,D050,sunny,29.6,afternoon,16,0,recovery,sunny_30_afternoon_recovery,view,0.0
U457,D065,rainy,14.4,morning,11,1,recovery,rainy_14_morning_recovery,view,0.0
U267,D014,snowy,-1.7,morning,9,2,celebration,snowy_-2_morning_celebration,view,0.0
U387,D008,sunny,21.6,afternoon,17,3,recovery,sunny_22_afternoon_recovery,view,0.0
U244,D043,snowy,0.6,afternoon,14,1,social,snowy_1_afternoon_social,view,0.0
U155,D101,snowy,0.6,afternoon,14,0,pairing,snowy_1_afternoon_pairing,view,0.0
U045,D102,snowy,0.6,afternoon,14,0,pairing,snowy_1_afternoon_pairing,rate,3.9
U161,D103,rainy,10.1,morning,9,5,business,rainy_10_morning_business,view,0.0
U183,D033,snowy,-1.7,morning,9,2,celebration,snowy_-2_morning_celebration,rate,3.2
U164,D015,snowy,0.6,afternoon,14,0,pairing,snowy_1_afternoon_pairing,view,0.0
U399,D063,cloudy,18.7,morning,8,3,business,cloudy_19_morning_business,view,0.0
U306,D060,snowy,0.6,afternoon,14,0,pairing,snowy_1_afternoon_pairing,view,0.0
U285,D075,cloudy,14.1,evening,23,6,business,cloudy_14_evening_business,view,0.0
U287,D073,cloudy,16.7,morning,8,4,business,cloudy_17_morning_business,view,0.0
U225,D062,stormy,18.3,morning,8,5,casual,stormy_18_morning_casual,view,0.0
U051,D057,rainy,14.4,morning,11,1,recovery,rainy_14_morning_recovery,view,0.0
U280,D041,cloudy,18.7,morning,8,3,business,cloudy_19_morning_business,view,0.0
U174,D036,rainy,13.9,evening,20,3,recovery,rainy_14_evening_recovery,view,0.0
U135,D012,cloudy,16.7,morning,8,4,business,cloudy_17_morning_business,view,0.0
U176,D037,stormy,18.3,morning,8,5,casual,stormy_18_morning_casual,view,0.0
U461,D096,stormy,14.5,evening,23,3,casual,stormy_15_evening_casual,view,0.0
U171,D058,stormy,10.7,afternoon,12,0,casual,stormy_11_afternoon_casual,rate,5.0
U117,D072,cloudy,16.7,morning,8,4,business,cloudy_17_morning_business,view,0.0
U405,D015,stormy,16.2,afternoon,17,0,casual,stormy_16_afternoon_casual,view,0.0
U456,D019,stormy,16.2,afternoon,17,0,casual,stormy_16_afternoon_casual,view,0.0
U014,D010,sunny,23.4,evening,18,0,pairing,sunny_23_evening_pairing,view,0.0
U406,D037,snowy,-4.2,evening,22,6,business,snowy_-4_evening_business,view,0.0
U171,D099,rainy,12.4,evening,23,1,recovery,rainy_12_evening_recovery,view,0.0
U420,D035,snowy,0.3,morning,7,0,business,snowy_0_morning_business,view,0.0
U373,D068,snowy,0.3,morning,7,0,business,snowy_0_morning_business,view,0.0
U412,D030,cloudy,12.4,evening,18,6,pairing,cloudy_12_evening_pairing,rate,4.9
U359,D044,snowy,-4.5,afternoon,13,4,social,snowy_-5_afternoon_social,view,0.0
U486,D032,stormy,16.3,morning,11,5,pairing,stormy_16_morning_pairing,view,0.0
U006,D090,cloudy,12.4,evening,18,6,pairing,cloudy_12_evening_pairing,view,0.0
U389,D041,snowy,0.6,afternoon,14,0,pairing,snowy_1_afternoon_pairing,view,0.0
U105,D018,rainy,12.4,evening,23,1,recovery,rainy_12_evening_recovery,view,0.0
U074,D029,rainy,13.9,evening,20,3,recovery,rainy_14_evening_recovery,view,0.0
U089,D108,rainy,14.4,morning,11,1,recovery,rainy_14_morning_recovery,view,0.0
U083,D033,rainy,14.4,morning,11,1,recovery,rainy_14_morning_recovery,rate,3.4
U336,D066,cloudy,18.7,morning,8,3,business,cloudy_19_morning_business,view,0.0
U258,D036,cloudy,17.3,afternoon,15,3,recovery,cloudy_17_afternoon_recovery,view,0.0
U151,D103,snowy,0.3,morning,7,0,business,snowy_0_morning_business,view,0.0
U357,D046,rainy,12.0,evening,18,0,social,rainy_12_evening_social,rate,3.7
U344,D058,cloudy,12.4,evening,18,6,pairing,cloudy_12_evening_pairing,view,0.0
U169,D078,sunny,26.0,afternoon,12,1,casual,sunny_26_afternoon_casual,view,0.0
U309,D117,sunny,21.6,afternoon,17,3,recovery,sunny_22_afternoon_recovery,view,0.0
U073,D088,snowy,-4.2,evening,22,6,business,snowy_-4_evening_business,view,0.0
U316,D010,cloudy,18.2,afternoon,17,1,business,cloudy_18_afternoon_business,view,0.0
U399,D009,rainy,12.4,evening,23,1,recovery,rainy_12_evening_recovery,view,0.0
U393,D003,cloudy,13.9,afternoon,12,5,casual,cloudy_14_afternoon_casual,view,0.0
U153,D111,sunny,30.7,afternoon,15,3,social,sunny_31_afternoon_social,view,0.0
U420,D089,sunny,33.7,afternoon,14,3,celebration,sunny_34_afternoon_celebration,view,0.0
U228,D090,cloudy,19.5,morning,10,1,celebration,cloudy_19_morning_celebration,view,0.0
U368,D003,cloudy,19.7,afternoon,12,3,casual,cloudy_20_afternoon_casual,rate,2.1
U147,D053,rainy,8.4,evening,21,1,casual,rainy_8_evening_casual,view,0.0
U198,D101,sunny,23.4,evening,18,0,pairing,sunny_23_evening_pairing,view,0.0
U240,D034,sunny,23.4,evening,18,0,pairing,sunny_23_evening_pairing,view,0.0
U484,D006,cloudy,12.4,evening,18,6,pairing,cloudy_12_evening_pairing,view,0.0
U352,D072,rainy,9.4,evening,20,2,business,rainy_9_evening_business,view,0.0
U244,D044,snowy,-4.5,afternoon,13,4,social,snowy_-5_afternoon_social,rate,4.2
U047,D093,sunny,22.3,morning,11,4,pairing,sunny_22_morning_pairing,purchase,1.0
U258,D015,snowy,0.3,morning,7,0,business,snowy_0_morning_business,view,0.0
U027,D085,rainy,12.4,evening,23,1,recovery,rainy_12_evening_recovery,view,0.0
U075,D059,rainy,13.9,evening,20,3,recovery,rainy_14_evening_recovery,view,0.0
U462,D037,stormy,14.5,evening,23,3,casual,stormy_15_evening_casual,view,0.0
U418,D071,cloudy,14.6,morning,8,4,pairing,cloudy_15_morning_pairing,view,0.0
U484,D055,cloudy,14.6,morning,8,4,pairing,cloudy_15_morning_pairing,rate,4.7
U489,D078,stormy,16.3,morning,11,5,pairing,stormy_16_morning_pairing,view,0.0
U149,D113,cloudy,12.4,evening,18,6,pairing,cloudy_12_evening_pairing,view,0.0
U347,D024,stormy,16.2,afternoon,17,0,casual,stormy_16_afternoon_casual,view,0.0
U476,D106,cloudy,19.7,afternoon,12,3,casual,cloudy_20_afternoon_casual,view,0.0
U032,D088,cloudy,17.3,afternoon,15,3,recovery,cloudy_17_afternoon_recovery,rate,2.6
U391,D029,sunny,26.1,evening,22,1,recovery,sunny_26_evening_recovery,view,0.0
U333,D058,sunny,21.0,morning,10,2,recovery,sunny_21_morning_recovery,view,0.0
U045,D047,rainy,12.4,evening,23,1,recovery,rainy_12_evening_recovery,view,0.0
U201,D073,stormy,16.3,morning,11,5,pairing,stormy_16_morning_pairing,view,0.0
U286,D062,cloudy,14.6,morning,8,4,pairing,cloudy_15_morning_pairing,view,0.0
U486,D005,stormy,10.7,afternoon,12,0,casual,stormy_11_afternoon_casual,view,0.0
U385,D080,stormy,10.7,afternoon,12,0,casual,stormy_11_afternoon_casual,view,0.0
U163,D109,stormy,14.5,evening,23,3,casual,stormy_15_evening_casual,view,0.0
U414,D103,sunny,21.0,morning,10,2,recovery,sunny_21_morning_recovery,view,0.0
U482,D056,cloudy,12.4,evening,18,6,pairing,cloudy_12_evening_pairing,view,0.0
U064,D005,cloudy,12.4,evening,18,6,pairing,cloudy_12_evening_pairing,rate,4.3
U337,D085,cloudy,19.1,evening,19,6,pairing,cloudy_19_evening_pairing,view,0.0
U380,D079,rainy,10.1,morning,9,5,business,rainy_10_morning_business,rate,4.6
U221,D023,sunny,26.1,evening,22,1,recovery,sunny_26_evening_recovery,view,0.0
U183,D071,snowy,0.6,afternoon,14,1,social,snowy_1_afternoon_social,view,0.0
U322,D120,cloudy,12.4,evening,18,6,pairing,cloudy_12_evening_pairing,rate,1.3
U109,D110,rainy,11.5,morning,10,0,casual,rainy_12_morning_casual,view,0.0
U067,D060,stormy,12.8,evening,22,2,casual,stormy_13_evening_casual,view,0.0
U435,D107,stormy,14.5,evening,23,3,casual,stormy_15_evening_casual,view,0.0
U242,D041,rainy,11.5,morning,10,0,casual,rainy_12_morning_casual,view,0.0
U365,D038,cloudy,16.7,morning,8,4,business,cloudy_17_morning_business,view,0.0
U311,D110,rainy,14.4,morning,11,1,recovery,rainy_14_morning_recovery,view,0.0
U064,D012,sunny,22.3,morning,11,4,pairing,sunny_22_morning_pairing,view,0.0
U444,D050,stormy,10.7,afternoon,12,0,casual,stormy_11_afternoon_casual,view,0.0
U304,D071,snowy,0.6,afternoon,14,1,social,snowy_1_afternoon_social,view,0.0
U135,D106,stormy,14.5,evening,23,3,casual,stormy_15_evening_casual,purchase,1.0
U204,D110,sunny,23.4,evening,18,0,pairing,sunny_23_evening_pairing,view,0.0
U313,D066,snowy,-3.2,morning,9,1,business,snowy_-3_morning_business,view,0.0
U135,D061,rainy,12.4,evening,23,1,recovery,rainy_12_evening_recovery,view,0.0
U449,D049,snowy,-2.5,morning,7,2,casual,snowy_-2_morning_casual,view,0.0
U145,D072,snowy,-3.6,morning,8,5,social,snowy_-4_morning_social,view,0.0
U162,D086,rainy,14.4,morning,11,1,recovery,rainy_14_morning_recovery,view,0.0
U029,D046,stormy,18.3,morning,8,5,casual,stormy_18_morning_casual,view,0.0
U059,D061,rainy,14.4,morning,11,1,recovery,rainy_14_morning_recovery,view,0.0
U107,D086,stormy,16.2,afternoon,17,0,casual,stormy_16_afternoon_casual,rate,4.8
U017,D012,cloudy,11.9,morning,7,1,social,cloudy_12_morning_social,view,0.0
U133,D060,rainy,10.1,morning,9,5,business,rainy_10_morning_business,view,0.0
U403,D105,stormy,10.7,afternoon,12,0,casual,stormy_11_afternoon_casual,view,0.0
U490,D068,snowy,-1.7,morning,9,2,celebration,snowy_-2_morning_celebration,view,0.0
U169,D013,rainy,9.4,evening,20,2,business,rainy_9_evening_business,view,0.0
U015,D031,cloudy,19.7,afternoon,12,3,casual,cloudy_20_afternoon_casual,view,0.0
U057,D071,rainy,9.4,evening,20,2,business,rainy_9_evening_business,view,0.0
U474,D119,rainy,12.0,evening,18,0,social,rainy_12_evening_social,rate,3.0
U482,D040,cloudy,11.9,morning,7,1,social,cloudy_12_morning_social,view,0.0
U312,D047,cloudy,14.6,morning,8,4,pairing,cloudy_15_morning_pairing,view,0.0
U315,D043,cloudy,11.9,morning,7,1,social,cloudy_12_morning_social,view,0.0
U265,D006,snowy,4.5,afternoon,16,4,social,snowy_5_afternoon_social,view,0.0
U458,D037,sunny,26.0,afternoon,12,1,casual,sunny_26_afternoon_casual,view,0.0
U137,D053,rainy,12.4,evening,23,1,recovery,rainy_12_evening_recovery,view,0.0
U327,D026,rainy,12.0,evening,18,0,social,rainy_12_evening_social,view,0.0
U218,D051,snowy,-4.2,evening,22,6,business,snowy_-4_evening_business,view,0.0
U164,D106,snowy,4.5,afternoon,16,4,social,snowy_5_afternoon_social,view,0.0
U461,D115,stormy,15.1,morning,10,6,social,stormy_15_morning_social,view,0.0
U037,D087,snowy,4.5,afternoon,16,4,social,snowy_5_afternoon_social,rate,1.6
U356,D031,sunny,22.3,morning,11,4,pairing,sunny_22_morning_pairing,view,0.0
U217,D008,sunny,26.1,evening,22,1,recovery,sunny_26_evening_recovery,view,0.0
U352,D058,stormy,18.3,morning,8,5,casual,stormy_18_morning_casual,view,0.0
U131,D045,sunny,29.6,afternoon,16,0,recovery,sunny_30_afternoon_recovery,purchase,1.0
U500,D099,cloudy,15.0,morning,10,0,pairing,cloudy_15_morning_pairing,view,0.0
U500,D069,cloudy,14.1,evening,23,6,business,cloudy_14_evening_business,view,0.0
U264,D027,rainy,12.0,evening,18,0,social,rainy_12_evening_social,rate,4.9
U432,D001,stormy,14.5,evening,23,3,casual,stormy_15_evening_casual,view,0.0
U098,D088,rainy,11.5,morning,10,0,casual,rainy_12_morning_casual,view,0.0
U462,D029,cloudy,13.9,afternoon,12,5,casual,cloudy_14_afternoon_casual,view,0.0
U356,D011,cloudy,15.0,morning,10,0,pairing,cloudy_15_morning_pairing,view,0.0
U140,D079,cloudy,18.2,afternoon,17,1,business,cloudy_18_afternoon_business,view,0.0
U065,D018,rainy,8.4,evening,21,1,casual,rainy_8_evening_casual,view,0.0
U191,D007,snowy,-1.7,morning,9,2,celebration,snowy_-2_morning_celebration,view,0.0
U296,D054,sunny,23.4,evening,18,0,pairing,sunny_23_evening_pairing,view,0.0
U478,D031,sunny,26.1,evening,22,1,recovery,sunny_26_evening_recovery,view,0.0
U400,D022,stormy,12.8,evening,22,2,casual,stormy_13_evening_casual,view,0.0
U017,D004,snowy,-2.5,morning,7,2,casual,snowy_-2_morning_casual,view,0.0
U239,D052,snowy,-2.5,morning,7,2,casual,snowy_-2_morning_casual,view,0.0
U317,D116,stormy,16.3,morning,11,5,pairing,stormy_16_morning_pairing,view,0.0
U077,D047,stormy,18.3,morning,8,5,casual,stormy_18_morning_casual,rate,3.2
U287,D044,cloudy,15.0,morning,10,0,pairing,cloudy_15_morning_pairing,view,0.0
U018,D063,rainy,12.0,evening,18,0,social,rainy_12_evening_social,view,0.0
U251,D009,snowy,-4.2,evening,22,6,business,snowy_-4_evening_business,view,0.0
U371,D010,snowy,-3.2,morning,9,1,business,snowy_-3_morning_business,view,0.0
U387,D083,stormy,18.3,morning,8,5,casual,stormy_18_morning_casual,purchase,1.0
U109,D023,rainy,13.9,evening,20,3,recovery,rainy_14_evening_recovery,view,0.0
U423,D026,stormy,18.3,morning,8,5,casual,stormy_18_morning_casual,view,0.0
U062,D071,rainy,14.4,morning,11,1,recovery,rainy_14_morning_recovery,view,0.0
U392,D102,rainy,12.4,evening,23,1,recovery,rainy_12_evening_recovery,view,0.0
U486,D054,cloudy,19.7,afternoon,12,3,casual,cloudy_20_afternoon_casual,rate,2.6
U177,D034,snowy,-4.2,evening,22,6,business,snowy_-4_evening_business,view,0.0
U453,D048,cloudy,10.4,afternoon,12,0,recovery,cloudy_10_afternoon_recovery,view,0.0
U367,D004,sunny,26.1,evening,22,1,recovery,sunny_26_evening_recovery,view,0.0
U170,D118,sunny,21.6,afternoon,17,3,recovery,sunny_22_afternoon_recovery,view,0.0
U445,D004,snowy,4.5,afternoon,16,4,social,snowy_5_afternoon_social,view,0.0
U326,D020,sunny,33.7,afternoon,14,3,celebration,sunny_34_afternoon_celebration,view,0.0
U026,D032,rainy,13.9,evening,20,3,recovery,rainy_14_evening_recovery,view,0.0
U105,D012,rainy,13.9,evening,20,3,recovery,rainy_14_evening_recovery,view,0.0
U373,D051,cloudy,18.2,afternoon,17,1,business,cloudy_18_afternoon_business,view,0.0
U392,D055,rainy,10.1,morning,9,5,business,rainy_10_morning_business,view,0.0
U344,D016,sunny,33.7,afternoon,14,3,celebration,sunny_34_afternoon_celebration,view,0.0
U015,D078,snowy,-3.2,morning,9,1,business,snowy_-3_morning_business,view,0.0
U275,D110,stormy,16.2,afternoon,17,0,casual,stormy_16_afternoon_casual,view,0.0
U063,D105,rainy,12.4,evening,23,1,recovery,rainy_12_evening_recovery,view,0.0
U233,D110,rainy,11.5,morning,10,0,casual,rainy_12_morning_casual,view,0.0
U432,D011,stormy,18.3,morning,8,5,casual,stormy_18_morning_casual,view,0.0
U428,D045,stormy,14.5,evening,23,3,casual,stormy_15_evening_casual,view,0.0
U496,D021,sunny,23.4,evening,18,0,pairing,sunny_23_evening_pairing,view,0.0
U139,D093,rainy,14.4,morning,11,1,recovery,rainy_14_morning_recovery,view,0.0
U187,D067,sunny,21.6,afternoon,17,3,recovery,sunny_22_afternoon_recovery,view,0.0
U262,D031,sunny,30.7,afternoon,15,3,social,sunny_31_afternoon_social,view,0.0
U261,D002,snowy,-3.2,morning,9,1,business,snowy_-3_morning_business,view,0.0
U444,D041,sunny,33.7,afternoon,14,3,celebration,sunny_34_afternoon_celebration,view,0.0
U312,D070,stormy,18.3,morning,8,5,casual,stormy_18_morning_casual,view,0.0
U028,D111,cloudy,19.7,afternoon,12,3,casual,cloudy_20_afternoon_casual,view,0.0
U380,D090,rainy,12.0,evening,18,0,social,rainy_12_evening_social,view,0.0
U284,D007,cloudy,18.2,afternoon,17,1,business,cloudy_18_afternoon_business,view,0.0
U227,D043,cloudy,12.4,evening,18,6,pairing,cloudy_12_evening_pairing,view,0.0
U089,D107,sunny,21.6,afternoon,17,3,recovery,sunny_22_afternoon_recovery,view,0.0
U382,D098,rainy,9.4,evening,20,2,business,rainy_9_evening_business,view,0.0
U376,D002,rainy,10.1,morning,9,5,business,rainy_10_morning_business,view,0.0
U325,D034,cloudy,19.1,evening,19,6,pairing,cloudy_19_evening_pairing,view,0.0
U049,D043,rainy,12.0,evening,18,0,social,rainy_12_evening_social,view,0.0
U372,D104,sunny,26.1,evening,22,1,recovery,sunny_26_evening_recovery,view,0.0
U078,D112,snowy,0.3,morning,7,0,business,snowy_0_morning_business,view,0.0
U250,D071,sunny,21.6,afternoon,17,3,recovery,sunny_22_afternoon_recovery,view,0.0
U470,D023,sunny,30.7,afternoon,15,3,social,sunny_31_afternoon_social,view,0.0
U010,D061,stormy,14.5,evening,23,3,casual,stormy_15_evening_casual,view,0.0
U204,D093,sunny,21.6,afternoon,17,3,recovery,sunny_22_afternoon_recovery,view,0.0
U421,D096,cloudy,18.2,afternoon,17,1,business,cloudy_18_afternoon_business,view,0.0
U264,D017,snowy,-3.2,morning,9,1,business,snowy_-3_morning_business,view,0.0
U254,D078,sunny,26.1,evening,22,1,recovery,sunny_26_evening_recovery,view,0.0
U338,D100,rainy,11.5,morning,10,0,casual,rainy_12_morning_casual,view,0.0
U358,D040,snowy,0.6,afternoon,14,1,social,snowy_1_afternoon_social,view,0.0
U198,D118,rainy,7.0,afternoon,16,2,social,rainy_7_afternoon_social,view,0.0
U129,D030,snowy,0.6,afternoon,14,0,pairing,snowy_1_afternoon_pairing,view,0.0
U167,D016,stormy,10.7,afternoon,12,0,casual,stormy_11_afternoon_casual,view,0.0
U102,D082,cloudy,16.7,morning,8,4,business,cloudy_17_morning_business,view,0.0
U099,D031,stormy,16.3,morning,11,5,pairing,stormy_16_morning_pairing,view,0.0
U381,D119,rainy,14.4,morning,11,1,recovery,rainy_14_morning_recovery,view,0.0
U453,D025,sunny,23.4,evening,18,0,pairing,sunny_23_evening_pairing,view,0.0
U431,D012,cloudy,12.4,evening,18,6,pairing,cloudy_12_evening_pairing,view,0.0
U319,D055,cloudy,13.9,afternoon,12,5,casual,cloudy_14_afternoon_casual,view,0.0
U056,D019,cloudy,16.7,morning,8,4,business,cloudy_17_morning_business,view,0.0
U348,D038,stormy,16.2,afternoon,17,0,casual,stormy_16_afternoon_casual,view,0.0
U441,D078,snowy,0.6,afternoon,14,0,pairing,snowy_1_afternoon_pairing,view,0.0
U116,D014,cloudy,15.0,morning,10,0,pairing,cloudy_15_morning_pairing,view,0.0
U028,D043,snowy,-3.2,morning,9,1,business,snowy_-3_morning_business,view,0.0
U479,D077,sunny,33.7,afternoon,14,3,celebration,sunny_34_afternoon_celebration,view,0.0
U292,D119,cloudy,14.6,morning,8,4,pairing,cloudy_15_morning_pairing,rate,1.8
U370,D096,sunny,21.0,morning,10,2,recovery,sunny_21_morning_recovery,view,0.0
U464,D099,snowy,0.3,morning,7,0,business,snowy_0_morning_business,view,0.0
U362,D041,stormy,18.3,morning,8,5,casual,stormy_18_morning_casual,view,0.0
U142,D088,sunny,26.0,afternoon,12,1,casual,sunny_26_afternoon_casual,view,0.0
U479,D017,cloudy,10.4,afternoon,12,0,recovery,cloudy_10_afternoon_recovery,view,0.0
U342,D119,cloudy,14.1,evening,23,6,business,cloudy_14_evening_business,view,0.0
U293,D055,stormy,10.7,afternoon,12,0,casual,stormy_11_afternoon_casual,view,0.0
U053,D073,cloudy,18.7,morning,8,3,business,cloudy_19_morning_business,view,0.0
U047,D064,cloudy,15.0,morning,10,0,pairing,cloudy_15_morning_pairing,view,0.0
U287,D008,stormy,14.5,evening,23,3,casual,stormy_15_evening_casual,view,0.0
U087,D074,rainy,11.5,morning,10,0,casual,rainy_12_morning_casual,view,0.0
U371,D033,cloudy,14.1,evening,23,6,business,cloudy_14_evening_business,rate,1.6
U368,D046,cloudy,15.0,morning,10,0,pairing,cloudy_15_morning_pairing,view,0.0
U121,D110,stormy,10.7,afternoon,12,0,casual,stormy_11_afternoon_casual,view,0.0
U396,D062,snowy,-2.5,morning,7,2,casual,snowy_-2_morning_casual,view,0.0
U085,D066,sunny,21.0,morning,10,2,recovery,sunny_21_morning_recovery,view,0.0
U202,D082,cloudy,19.1,evening,19,6,pairing,cloudy_19_evening_pairing,view,0.0
U310,D055,stormy,15.1,morning,10,6,social,stormy_15_morning_social,view,0.0
U423,D007,sunny,30.7,afternoon,15,3,social,sunny_31_afternoon_social,view,0.0
U154,D087,rainy,10.1,morning,9,5,business,rainy_10_morning_business,purchase,1.0
U184,D031,rainy,7.0,afternoon,16,2,social,rainy_7_afternoon_social,view,0.0
U175,D075,sunny,21.6,afternoon,17,3,recovery,sunny_22_afternoon_recovery,rate,3.4
U457,D032,cloudy,13.9,afternoon,12,5,casual,cloudy_14_afternoon_casual,view,0.0
U334,D115,stormy,10.7,afternoon,12,0,casual,stormy_11_afternoon_casual,view,0.0
U414,D081,rainy,12.0,evening,18,0,social,rainy_12_evening_social,view,0.0
U448,D039,sunny,23.4,evening,18,0,pairing,sunny_23_evening_pairing,view,0.0
U186,D012,cloudy,10.4,afternoon,12,0,recovery,cloudy_10_afternoon_recovery,view,0.0
U466,D083,snowy,-3.6,morning,8,5,social,snowy_-4_morning_social,view,0.0
U325,D035,cloudy,12.4,evening,18,6,pairing,cloudy_12_evening_pairing,view,0.0
U469,D016,cloudy,11.9,morning,7,1,social,cloudy_12_morning_social,view,0.0
U062,D017,cloudy,19.7,afternoon,12,3,casual,cloudy_20_afternoon_casual,view,0.0
U117,D004,rainy,7.0,afternoon,16,2,social,rainy_7_afternoon_social,view,0.0
U287,D089,rainy,11.5,morning,10,0,casual,rainy_12_morning_casual,view,0.0
U069,D024,sunny,30.7,afternoon,15,3,social,sunny_31_afternoon_social,view,0.0
U429,D095,rainy,11.5,morning,10,0,casual,rainy_12_morning_casual,view,0.0
U211,D023,snowy,-2.5,morning,7,2,casual,snowy_-2_morning_casual,view,0.0
U370,D006,cloudy,17.3,afternoon,15,3,recovery,cloudy_17_afternoon_recovery,view,0.0
U286,D001,stormy,14.5,evening,23,3,casual,stormy_15_evening_casual,rate,3.0
U252,D038,rainy,10.1,morning,9,5,business,rainy_10_morning_business,view,0.0
U053,D094,cloudy,13.9,afternoon,12,5,casual,cloudy_14_afternoon_casual,view,0.0
U263,D102,snowy,-3.6,morning,8,5,social,snowy_-4_morning_social,view,0.0
U372,D063,stormy,18.3,morning,8,5,casual,stormy_18_morning_casual,view,0.0
U147,D008,cloudy,14.6,morning,8,4,pairing,cloudy_15_morning_pairing,view,0.0
U447,D007,snowy,-3.6,morning,8,5,social,snowy_-4_morning_social,view,0.0
U301,D097,rainy,11.5,morning,10,0,casual,rainy_12_morning_casual,view,0.0
U144,D079,sunny,21.6,afternoon,17,3,recovery,sunny_22_afternoon_recovery,view,0.0
U433,D110,rainy,8.4,evening,21,1,casual,rainy_8_evening_casual,view,0.0
U454,D109,sunny,29.6,afternoon,16,0,recovery,sunny_30_afternoon_recovery,view,0.0
U253,D055,cloudy,12.4,evening,18,6,pairing,cloudy_12_evening_pairing,view,0.0
U339,D081,sunny,22.3,morning,11,4,pairing,sunny_22_morning_pairing,view,0.0
U066,D111,snowy,-3.2,morning,9,1,business,snowy_-3_morning_business,view,0.0
U244,D075,rainy,13.9,evening,20,3,recovery,rainy_14_evening_recovery,view,0.0
U398,D077,stormy,16.2,afternoon,17,0,casual,stormy_16_afternoon_casual,view,0.0
U426,D008,sunny,29.6,afternoon,16,0,recovery,sunny_30_afternoon_recovery,view,0.0
U267,D116,cloudy,19.7,afternoon,12,3,casual,cloudy_20_afternoon_casual,view,0.0
U399,D103,snowy,0.3,morning,7,0,business,snowy_0_morning_business,view,0.0
U368,D006,stormy,18.3,morning,8,5,casual,stormy_18_morning_casual,view,0.0
U272,D056,rainy,7.0,afternoon,16,2,social,rainy_7_afternoon_social,view,0.0
U422,D114,sunny,21.0,morning,10,2,recovery,sunny_21_morning_recovery,view,0.0
U489,D003,sunny,26.1,evening,22,1,recovery,sunny_26_evening_recovery,view,0.0
U089,D054,sunny,29.6,afternoon,16,0,recovery,sunny_30_afternoon_recovery,view,0.0
U350,D017,snowy,-2.1,afternoon,16,2,casual,snowy_-2_afternoon_casual,view,0.0
U363,D082,snowy,-2.5,morning,7,2,casual,snowy_-2_morning_casual,view,0.0
U270,D059,stormy,12.8,evening,22,2,casual,stormy_13_evening_casual,view,0.0
U014,D025,sunny,26.0,afternoon,12,1,casual,sunny_26_afternoon_casual,view,0.0
U396,D104,cloudy,11.9,morning,7,1,social,cloudy_12_morning_social,view,0.0
U321,D003,cloudy,19.7,afternoon,12,3,casual,cloudy_20_afternoon_casual,view,0.0
U393,D036,cloudy,19.1,evening,19,6,pairing,cloudy_19_evening_pairing,rate,2.6
U496,D012,cloudy,19.5,morning,10,1,celebration,cloudy_19_morning_celebration,view,0.0
U086,D067,stormy,16.3,morning,11,5,pairing,stormy_16_morning_pairing,view,0.0
U275,D073,cloudy,18.7,morning,8,3,business,cloudy_19_morning_business,view,0.0
U420,D093,stormy,18.3,morning,8,5,casual,stormy_18_morning_casual,view,0.0
U452,D116,snowy,4.5,afternoon,16,4,social,snowy_5_afternoon_social,view,0.0
U139,D087,rainy,7.0,afternoon,16,2,social,rainy_7_afternoon_social,view,0.0
U168,D119,rainy,14.4,morning,11,1,recovery,rainy_14_morning_recovery,view,0.0
U111,D037,cloudy,12.4,evening,18,6,pairing,cloudy_12_evening_pairing,view,0.0
U215,D113,snowy,-3.6,morning,8,5,social,snowy_-4_morning_social,view,0.0
U282,D006,sunny,26.0,afternoon,12,1,casual,sunny_26_afternoon_casual,view,0.0
U337,D046,cloudy,18.2,afternoon,17,1,business,cloudy_18_afternoon_business,view,0.0
U370,D027,sunny,33.7,afternoon,14,3,celebration,sunny_34_afternoon_celebration,purchase,1.0
U163,D076,snowy,0.6,afternoon,14,0,pairing,snowy_1_afternoon_pairing,view,0.0
U196,D052,cloudy,14.1,evening,23,6,business,cloudy_14_evening_business,view,0.0
U423,D021,sunny,26.0,afternoon,12,1,casual,sunny_26_afternoon_casual,view,0.0
U391,D083,cloudy,19.7,afternoon,12,3,casual,cloudy_20_afternoon_casual,view,0.0
U229,D017,cloudy,12.4,evening,18,6,pairing,cloudy_12_evening_pairing,purchase,1.0
U140,D057,cloudy,14.1,evening,23,6,business,cloudy_14_evening_business,view,0.0
U397,D031,rainy,12.4,evening,23,1,recovery,rainy_12_evening_recovery,view,0.0
U319,D031,cloudy,16.7,morning,8,4,business,cloudy_17_morning_business,rate,1.7
U083,D035,stormy,15.1,morning,10,6,social,stormy_15_morning_social,view,0.0
U392,D005,sunny,26.0,afternoon,12,1,casual,sunny_26_afternoon_casual,view,0.0
U115,D092,sunny,29.6,afternoon,16,0,recovery,sunny_30_afternoon_recovery,view,0.0
U200,D079,cloudy,12.4,evening,18,6,pairing,cloudy_12_evening_pairing,view,0.0
U292,D080,stormy,15.1,morning,10,6,social,stormy_15_morning_social,view,0.0
U172,D004,snowy,-3.2,morning,9,1,business,snowy_-3_morning_business,view,0.0
U105,D108,stormy,15.1,morning,10,6,social,stormy_15_morning_social,view,0.0
U500,D098,sunny,21.6,afternoon,17,3,recovery,sunny_22_afternoon_recovery,view,0.0
U036,D004,cloudy,18.2,afternoon,17,1,business,cloudy_18_afternoon_business,view,0.0
U124,D088,stormy,10.7,afternoon,12,0,casual,stormy_11_afternoon_casual,view,0.0
U273,D051,cloudy,12.4,evening,18,6,pairing,cloudy_12_evening_pairing,view,0.0
U405,D081,cloudy,16.7,morning,8,4,business,cloudy_17_morning_business,view,0.0
U219,D091,rainy,8.4,evening,21,1,casual,rainy_8_evening_casual,view,0.0
U486,D084,cloudy,16.7,morning,8,4,business,cloudy_17_morning_business,view,0.0
U045,D013,cloudy,15.0,morning,10,0,pairing,cloudy_15_morning_pairing,view,0.0
U345,D091,stormy,10.7,afternoon,12,0,casual,stormy_11_afternoon_casual,view,0.0
U179,D080,stormy,14.5,evening,23,3,casual,stormy_15_evening_casual,view,0.0
U394,D098,cloudy,19.5,morning,10,1,celebration,cloudy_19_morning_celebration,view,0.0
U323,D055,sunny,22.3,morning,11,4,pairing,sunny_22_morning_pairing,view,0.0
U139,D047,cloudy,17.3,afternoon,15,3,recovery,cloudy_17_afternoon_recovery,view,0.0
U355,D089,sunny,21.6,afternoon,17,3,recovery,sunny_22_afternoon_recovery,view,0.0
U462,D081,rainy,7.0,afternoon,16,2,social,rainy_7_afternoon_social,view,0.0
U480,D062,cloudy,11.9,morning,7,1,social,cloudy_12_morning_social,view,0.0
U426,D041,stormy,16.3,morning,11,5,pairing,stormy_16_morning_pairing,view,0.0
U152,D038,rainy,7.0,afternoon,16,2,social,rainy_7_afternoon_social,view,0.0
U489,D019,sunny,22.3,morning,11,4,pairing,sunny_22_morning_pairing,view,0.0
U352,D062,cloudy,19.5,morning,10,1,celebration,cloudy_19_morning_celebration,view,0.0
U150,D014,snowy,4.5,afternoon,16,4,social,snowy_5_afternoon_social,view,0.0
U194,D086,rainy,8.4,evening,21,1,casual,rainy_8_evening_casual,view,0.0
U463,D050,sunny,22.3,morning,11,4,pairing,sunny_22_morning_pairing,view,0.0
U039,D105,sunny,22.3,morning,11,4,pairing,sunny_22_morning_pairing,view,0.0
U007,D085,cloudy,14.6,morning,8,4,pairing,cloudy_15_morning_pairing,view,0.0
U250,D091,stormy,10.7,afternoon,12,0,casual,stormy_11_afternoon_casual,view,0.0
U253,D026,sunny,23.4,evening,18,0,pairing,sunny_23_evening_pairing,rate,4.9
U368,D072,sunny,21.0,morning,10,2,recovery,sunny_21_morning_recovery,view,0.0
U016,D018,snowy,0.3,morning,7,0,business,snowy_0_morning_business,view,0.0
U338,D078,snowy,0.6,afternoon,14,0,pairing,snowy_1_afternoon_pairing,view,0.0
U400,D085,snowy,4.5,afternoon,16,4,social,snowy_5_afternoon_social,view,0.0
U267,D075,rainy,7.0,afternoon,16,2,social,rainy_7_afternoon_social,view,0.0
U403,D056,stormy,16.2,afternoon,17,0,casual,stormy_16_afternoon_casual,view,0.0
U346,D087,cloudy,13.9,afternoon,12,5,casual,cloudy_14_afternoon_casual,view,0.0
U285,D077,cloudy,10.4,afternoon,12,0,recovery,cloudy_10_afternoon_recovery,view,0.0
U353,D101,cloudy,14.6,morning,8,4,pairing,cloudy_15_morning_pairing,view,0.0
U335,D079,stormy,16.3,morning,11,5,pairing,stormy_16_morning_pairing,view,0.0
U029,D016,sunny,21.6,afternoon,17,3,recovery,sunny_22_afternoon_recovery,view,0.0
U047,D119,rainy,14.4,morning,11,1,recovery,rainy_14_morning_recovery,rate,4.8
U084,D092,cloudy,11.9,morning,7,1,social,cloudy_12_morning_social,view,0.0
U247,D035,snowy,0.3,morning,7,0,business,snowy_0_morning_business,view,0.0
U147,D057,snowy,4.5,afternoon,16,4,social,snowy_5_afternoon_social,view,0.0
U018,D118,snowy,-2.5,morning,7,2,casual,snowy_-2_morning_casual,view,0.0
U500,D026,sunny,22.3,morning,11,4,pairing,sunny_22_morning_pairing,view,0.0
U322,D026,stormy,12.8,evening,22,2,casual,stormy_13_evening_casual,view,0.0
U466,D007,cloudy,12.4,evening,18,6,pairing,cloudy_12_evening_pairing,view,0.0
U392,D011,sunny,30.7,afternoon,15,3,social,sunny_31_afternoon_social,rate,1.5
U500,D015,snowy,-2.5,morning,7,2,casual,snowy_-2_morning_casual,view,0.0
U264,D043,snowy,-1.7,morning,9,2,celebration,snowy_-2_morning_celebration,view,0.0
U303,D026,sunny,30.7,afternoon,15,3,social,sunny_31_afternoon_social,view,0.0
U143,D036,rainy,11.5,morning,10,0,casual,rainy_12_morning_casual,view,0.0
U207,D091,cloudy,18.7,morning,8,3,business,cloudy_19_morning_business,view,0.0
U060,D057,sunny,21.6,afternoon,17,3,recovery,sunny_22_afternoon_recovery,view,0.0
U073,D010,rainy,11.5,morning,10,0,casual,rainy_12_morning_casual,view,0.0
U481,D089,rainy,14.4,morning,11,1,recovery,rainy_14_morning_recovery,view,0.0
U087,D103,stormy,16.2,afternoon,17,0,casual,stormy_16_afternoon_casual,view,0.0
U465,D001,sunny,29.6,afternoon,16,0,recovery,sunny_30_afternoon_recovery,view,0.0
U372,D078,snowy,0.6,afternoon,14,0,pairing,snowy_1_afternoon_pairing,view,0.0
U247,D079,snowy,-1.7,morning,9,2,celebration,snowy_-2_morning_celebration,view,0.0
U482,D109,cloudy,10.4,afternoon,12,0,recovery,cloudy_10_afternoon_recovery,view,0.0
U035,D085,cloudy,19.5,morning,10,1,celebration,cloudy_19_morning_celebration,view,0.0
U189,D044,stormy,18.3,morning,8,5,casual,stormy_18_morning_casual,rate,2.5
U219,D082,snowy,-1.7,morning,9,2,celebration,snowy_-2_morning_celebration,rate,4.5
U063,D051,cloudy,14.1,evening,23,6,business,cloudy_14_evening_business,view,0.0
U033,D085,rainy,7.0,afternoon,16,2,social,rainy_7_afternoon_social,view,0.0
U057,D043,cloudy,14.1,evening,23,6,business,cloudy_14_evening_business,view,0.0
U279,D086,snowy,0.3,morning,7,0,business,snowy_0_morning_business,view,0.0
U031,D078,rainy,13.9,evening,20,3,recovery,rainy_14_evening_recovery,view,0.0
U359,D047,snowy,-3.6,morning,8,5,social,snowy_-4_morning_social,view,0.0
U072,D031,stormy,14.5,evening,23,3,casual,stormy_15_evening_casual,view,0.0
U130,D022,stormy,16.2,afternoon,17,0,casual,stormy_16_afternoon_casual,rate,4.9
U130,D032,stormy,15.1,morning,10,6,social,stormy_15_morning_social,view,0.0
U298,D120,rainy,12.4,evening,23,1,recovery,rainy_12_evening_recovery,view,0.0
U173,D101,cloudy,19.1,evening,19,6,pairing,cloudy_19_evening_pairing,view,0.0
U476,D047,cloudy,13.9,afternoon,12,5,casual,cloudy_14_afternoon_casual,view,0.0
U455,D034,sunny,29.6,afternoon,16,0,recovery,sunny_30_afternoon_recovery,view,0.0
U123,D027,rainy,10.1,morning,9,5,business,rainy_10_morning_business,view,0.0
U496,D115,cloudy,18.2,afternoon,17,1,business,cloudy_18_afternoon_business,rate,3.5
U376,D099,cloudy,10.4,afternoon,12,0,recovery,cloudy_10_afternoon_recovery,view,0.0
U339,D060,cloudy,19.5,morning,10,1,celebration,cloudy_19_morning_celebration,view,0.0
U187,D085,sunny,26.1,evening,22,1,recovery,sunny_26_evening_recovery,view,0.0
U007,D106,sunny,26.0,afternoon,12,1,casual,sunny_26_afternoon_casual,view,0.0
U475,D064,sunny,29.6,afternoon,16,0,recovery,sunny_30_afternoon_recovery,view,0.0
U314,D020,cloudy,12.4,evening,18,6,pairing,cloudy_12_evening_pairing,view,0.0
U136,D101,snowy,-3.6,morning,8,5,social,snowy_-4_morning_social,view,0.0
U070,D103,stormy,16.3,morning,11,5,pairing,stormy_16_morning_pairing,view,0.0
U024,D012,stormy,10.7,afternoon,12,0,casual,stormy_11_afternoon_casual,view,0.0
U339,D073,snowy,-3.2,morning,9,1,business,snowy_-3_morning_business,view,0.0
U223,D081,cloudy,19.1,evening,19,6,pairing,cloudy_19_evening_pairing,view,0.0
U286,D019,stormy,15.1,morning,10,6,social,stormy_15_morning_social,view,0.0
U011,D020,cloudy,14.1,evening,23,6,business,cloudy_14_evening_business,rate,2.5
U248,D058,rainy,13.9,evening,20,3,recovery,rainy_14_evening_recovery,rate,4.1
U096,D085,cloudy,14.6,morning,8,4,pairing,cloudy_15_morning_pairing,view,0.0
U243,D038,sunny,21.0,morning,10,2,recovery,sunny_21_morning_recovery,view,0.0
U089,D028,cloudy,11.9,morning,7,1,social,cloudy_12_morning_social,view,0.0
U372,D100,cloudy,10.4,afternoon,12,0,recovery,cloudy_10_afternoon_recovery,view,0.0
U041,D037,cloudy,18.2,afternoon,17,1,business,cloudy_18_afternoon_business,rate,3.3
U031,D062,snowy,-2.1,afternoon,16,2,casual,snowy_-2_afternoon_casual,view,0.0
U393,D011,sunny,23.4,evening,18,0,pairing,sunny_23_evening_pairing,view,0.0
U120,D002,sunny,21.6,afternoon,17,3,recovery,sunny_22_afternoon_recovery,view,0.0
U179,D106,stormy,16.2,afternoon,17,0,casual,stormy_16_afternoon_casual,view,0.0
U484,D007,rainy,12.4,evening,23,1,recovery,rainy_12_evening_recovery,purchase,1.0
U074,D100,rainy,12.0,evening,18,0,social,rainy_12_evening_social,view,0.0
U427,D083,sunny,21.0,morning,10,2,recovery,sunny_21_morning_recovery,view,0.0
U207,D112,rainy,10.1,morning,9,5,business,rainy_10_morning_business,view,0.0
U378,D049,snowy,-2.1,afternoon,16,2,casual,snowy_-2_afternoon_casual,view,0.0
U125,D027,cloudy,12.4,evening,18,6,pairing,cloudy_12_evening_pairing,view,0.0
U149,D014,sunny,33.7,afternoon,14,3,celebration,sunny_34_afternoon_celebration,view,0.0
U087,D011,rainy,7.0,afternoon,16,2,social,rainy_7_afternoon_social,rate,2.3
U037,D086,sunny,30.7,afternoon,15,3,social,sunny_31_afternoon_social,view,0.0
U494,D095,cloudy,19.7,afternoon,12,3,casual,cloudy_20_afternoon_casual,view,0.0
U437,D094,sunny,22.3,morning,11,4,pairing,sunny_22_morning_pairing,view,0.0
U300,D030,snowy,-2.5,morning,7,2,casual,snowy_-2_morning_casual,view,0.0
U488,D063,cloudy,11.9,morning,7,1,social,cloudy_12_morning_social,view,0.0
U012,D116,sunny,29.6,afternoon,16,0,recovery,sunny_30_afternoon_recovery,view,0.0
U239,D119,cloudy,11.9,morning,7,1,social,cloudy_12_morning_social,rate,2.4
U272,D022,cloudy,18.7,morning,8,3,business,cloudy_19_morning_business,view,0.0
U415,D001,stormy,18.3,morning,8,5,casual,stormy_18_morning_casual,view,0.0
U393,D052,rainy,12.0,evening,18,0,social,rainy_12_evening_social,view,0.0
U230,D108,cloudy,19.5,morning,10,1,celebration,cloudy_19_morning_celebration,view,0.0
U379,D032,stormy,12.8,evening,22,2,casual,stormy_13_evening_casual,view,0.0
U238,D049,rainy,11.5,morning,10,0,casual,rainy_12_morning_casual,view,0.0
U059,D055,cloudy,19.5,morning,10,1,celebration,cloudy_19_morning_celebration,view,0.0
U301,D096,cloudy,19.7,afternoon,12,3,casual,cloudy_20_afternoon_casual,view,0.0
U213,D061,snowy,-3.6,morning,8,5,social,snowy_-4_morning_social,view,0.0
U391,D033,snowy,0.6,afternoon,14,1,social,snowy_1_afternoon_social,view,0.0
U312,D090,sunny,33.7,afternoon,14,3,celebration,sunny_34_afternoon_celebration,view,0.0
U287,D072,cloudy,19.1,evening,19,6,pairing,cloudy_19_evening_pairing,view,0.0
U239,D001,rainy,8.4,evening,21,1,casual,rainy_8_evening_casual,rate,3.1
U234,D064,cloudy,17.3,afternoon,15,3,recovery,cloudy_17_afternoon_recovery,view,0.0
U493,D072,snowy,-1.7,morning,9,2,celebration,snowy_-2_morning_celebration,view,0.0
U439,D091,stormy,12.8,evening,22,2,casual,stormy_13_evening_casual,view,0.0
U365,D068,cloudy,16.7,morning,8,4,business,cloudy_17_morning_business,view,0.0
U485,D066,snowy,0.6,afternoon,14,1,social,snowy_1_afternoon_social,purchase,1.0
U116,D043,snowy,-4.2,evening,22,6,business,snowy_-4_evening_business,rate,2.1
U094,D036,cloudy,18.2,afternoon,17,1,business,cloudy_18_afternoon_business,view,0.0
U262,D003,snowy,4.5,afternoon,16,4,social,snowy_5_afternoon_social,view,0.0
U186,D117,snowy,-2.1,afternoon,16,2,casual,snowy_-2_afternoon_casual,view,0.0
U413,D023,stormy,12.8,evening,22,2,casual,stormy_13_evening_casual,view,0.0
U466,D095,cloudy,17.3,afternoon,15,3,recovery,cloudy_17_afternoon_recovery,view,0.0
U300,D027,stormy,12.8,evening,22,2,casual,stormy_13_evening_casual,view,0.0
U426,D025,rainy,13.9,evening,20,3,recovery,rainy_14_evening_recovery,view,0.0
U167,D012,stormy,18.3,morning,8,5,casual,stormy_18_morning_casual,rate,1.2
U256,D115,cloudy,16.7,morning,8,4,business,cloudy_17_morning_business,view,0.0
U270,D084,sunny,30.7,afternoon,15,3,social,sunny_31_afternoon_social,view,0.0
U016,D032,snowy,0.3,morning,7,0,business,snowy_0_morning_business,view,0.0
U052,D019,stormy,16.2,afternoon,17,0,casual,stormy_16_afternoon_casual,view,0.0
U261,D042,stormy,10.7,afternoon,12,0,casual,stormy_11_afternoon_casual,rate,4.1
U094,D010,sunny,33.7,afternoon,14,3,celebration,sunny_34_afternoon_celebration,rate,3.3
U144,D042,snowy,-3.6,morning,8,5,social,snowy_-4_morning_social,view,0.0
U377,D028,rainy,8.4,evening,21,1,casual,rainy_8_evening_casual,view,0.0
U452,D102,sunny,30.7,afternoon,15,3,social,sunny_31_afternoon_social,view,0.0
U040,D046,stormy,16.3,morning,11,5,pairing,stormy_16_morning_pairing,rate,4.6
U245,D018,snowy,-3.2,morning,9,1,business,snowy_-3_morning_business,view,0.0
U082,D061,sunny,26.0,afternoon,12,1,casual,sunny_26_afternoon_casual,view,0.0
U104,D027,cloudy,17.3,afternoon,15,3,recovery,cloudy_17_afternoon_recovery,view,0.0
U033,D109,rainy,12.0,evening,18,0,social,rainy_12_evening_social,view,0.0
U351,D057,rainy,11.5,morning,10,0,casual,rainy_12_morning_casual,view,0.0
U378,D072,cloudy,18.2,afternoon,17,1,business,cloudy_18_afternoon_business,view,0.0
U448,D084,rainy,14.4,morning,11,1,recovery,rainy_14_morning_recovery,view,0.0
U322,D115,stormy,12.8,evening,22,2,casual,stormy_13_evening_casual,view,0.0
U275,D040,stormy,14.5,evening,23,3,casual,stormy_15_evening_casual,view,0.0
U363,D018,stormy,12.8,evening,22,2,casual,stormy_13_evening_casual,view,0.0
U001,D064,rainy,8.4,evening,21,1,casual,rainy_8_evening_casual,view,0.0
U146,D016,stormy,10.7,afternoon,12,0,casual,stormy_11_afternoon_casual,view,0.0
U452,D099,snowy,-4.5,afternoon,13,4,social,snowy_-5_afternoon_social,view,0.0
U243,D095,snowy,0.6,afternoon,14,1,social,snowy_1_afternoon_social,view,0.0
U473,D051,stormy,16.2,afternoon,17,0,casual,stormy_16_afternoon_casual,view,0.0
U112,D102,stormy,16.3,morning,11,5,pairing,stormy_16_morning_pairing,view,0.0
U349,D053,sunny,33.7,afternoon,14,3,celebration,sunny_34_afternoon_celebration,view,0.0
U357,D049,snowy,0.6,afternoon,14,0,pairing,snowy_1_afternoon_pairing,view,0.0
U293,D049,rainy,14.4,morning,11,1,recovery,rainy_14_morning_recovery,view,0.0
U070,D033,cloudy,11.9,morning,7,1,social,cloudy_12_morning_social,view,0.0
U260,D066,rainy,12.4,evening,23,1,recovery,rainy_12_evening_recovery,view,0.0
U384,D011,snowy,-2.5,morning,7,2,casual,snowy_-2_morning_casual,view,0.0
U235,D074,stormy,14.5,evening,23,3,casual,stormy_15_evening_casual,view,0.0
U034,D111,cloudy,15.0,morning,10,0,pairing,cloudy_15_morning_pairing,view,0.0
U310,D028,snowy,0.6,afternoon,14,0,pairing,snowy_1_afternoon_pairing,view,0.0
U078,D076,sunny,21.0,morning,10,2,recovery,sunny_21_morning_recovery,rate,4.4
U258,D023,sunny,21.6,afternoon,17,3,recovery,sunny_22_afternoon_recovery,view,0.0
U073,D054,cloudy,14.6,morning,8,4,pairing,cloudy_15_morning_pairing,view,0.0
U381,D081,snowy,0.6,afternoon,14,1,social,snowy_1_afternoon_social,rate,3.8
U329,D012,rainy,9.4,evening,20,2,business,rainy_9_evening_business,view,0.0
U339,D033,snowy,0.6,afternoon,14,0,pairing,snowy_1_afternoon_pairing,view,0.0
U114,D023,stormy,15.1,morning,10,6,social,stormy_15_morning_social,view,0.0
U172,D105,rainy,11.5,morning,10,0,casual,rainy_12_morning_casual,view,0.0
U013,D112,snowy,-1.7,morning,9,2,celebration,snowy_-2_morning_celebration,view,0.0
U494,D002,sunny,23.4,evening,18,0,pairing,sunny_23_evening_pairing,rate,4.9
U299,D019,stormy,18.3,morning,8,5,casual,stormy_18_morning_casual,purchase,1.0
U217,D063,cloudy,14.6,morning,8,4,pairing,cloudy_15_morning_pairing,view,0.0
U123,D031,sunny,30.7,afternoon,15,3,social,sunny_31_afternoon_social,rate,3.1
U036,D050,rainy,10.1,morning,9,5,business,rainy_10_morning_business,view,0.0
U373,D050,stormy,12.8,evening,22,2,casual,stormy_13_evening_casual,view,0.0
U162,D021,cloudy,18.2,afternoon,17,1,business,cloudy_18_afternoon_business,view,0.0
U207,D076,sunny,30.7,afternoon,15,3,social,sunny_31_afternoon_social,view,0.0
U037,D075,cloudy,19.5,morning,10,1,celebration,cloudy_19_morning_celebration,rate,1.1
U311,D080,stormy,15.1,morning,10,6,social,stormy_15_morning_social,view,0.0
U315,D051,cloudy,19.7,afternoon,12,3,casual,cloudy_20_afternoon_casual,view,0.0
U094,D014,rainy,9.4,evening,20,2,business,rainy_9_evening_business,view,0.0
U274,D012,rainy,7.0,afternoon,16,2,social,rainy_7_afternoon_social,view,0.0
U405,D007,cloudy,12.4,evening,18,6,pairing,cloudy_12_evening_pairing,view,0.0
U057,D078,rainy,13.9,evening,20,3,recovery,rainy_14_evening_recovery,view,0.0
U030,D111,sunny,23.4,evening,18,0,pairing,sunny_23_evening_pairing,view,0.0
U010,D019,cloudy,19.5,morning,10,1,celebration,cloudy_19_morning_celebration,rate,2.8
U428,D105,cloudy,15.0,morning,10,0,pairing,cloudy_15_morning_pairing,view,0.0
U353,D112,snowy,4.5,afternoon,16,4,social,snowy_5_afternoon_social,view,0.0
U323,D012,sunny,21.6,afternoon,17,3,recovery,sunny_22_afternoon_recovery,rate,3.4
U420,D002,cloudy,16.7,morning,8,4,business,cloudy_17_morning_business,view,0.0
U351,D116,cloudy,14.1,evening,23,6,business,cloudy_14_evening_business,view,0.0
U291,D050,snowy,0.6,afternoon,14,1,social,snowy_1_afternoon_social,view,0.0
U352,D059,cloudy,12.4,evening,18,6,pairing,cloudy_12_evening_pairing,view,0.0
U497,D045,rainy,9.4,evening,20,2,business,rainy_9_evening_business,view,0.0
U265,D007,cloudy,14.6,morning,8,4,pairing,cloudy_15_morning_pairing,view,0.0
U276,D114,snowy,-1.7,morning,9,2,celebration,snowy_-2_morning_celebration,view,0.0
U368,D093,cloudy,12.4,evening,18,6,pairing,cloudy_12_evening_pairing,rate,2.6
U176,D004,rainy,10.1,morning,9,5,business,rainy_10_morning_business,view,0.0
U465,D021,rainy,12.0,evening,18,0,social,rainy_12_evening_social,rate,3.7
U463,D035,sunny,30.7,afternoon,15,3,social,sunny_31_afternoon_social,view,0.0
U179,D118,cloudy,18.2,afternoon,17,1,business,cloudy_18_afternoon_business,view,0.0
U293,D006,snowy,-2.1,afternoon,16,2,casual,snowy_-2_afternoon_casual,rate,4.4
U096,D017,snowy,4.5,afternoon,16,4,social,snowy_5_afternoon_social,view,0.0
U484,D101,cloudy,13.9,afternoon,12,5,casual,cloudy_14_afternoon_casual,view,0.0
U319,D114,cloudy,11.9,morning,7,1,social,cloudy_12_morning_social,view,0.0
U345,D100,stormy,15.1,morning,10,6,social,stormy_15_morning_social,view,0.0
U333,D017,stormy,16.3,morning,11,5,pairing,stormy_16_morning_pairing,view,0.0
U419,D075,snowy,-3.2,morning,9,1,business,snowy_-3_morning_business,rate,4.3
U453,D019,stormy,18.3,morning,8,5,casual,stormy_18_morning_casual,view,0.0
U498,D027,rainy,12.4,evening,23,1,recovery,rainy_12_evening_recovery,view,0.0
U140,D009,snowy,-1.7,morning,9,2,celebration,snowy_-2_morning_celebration,view,0.0
U340,D116,rainy,12.4,evening,23,1,recovery,rainy_12_evening_recovery,view,0.0
U447,D093,sunny,21.6,afternoon,17,3,recovery,sunny_22_afternoon_recovery,view,0.0
U088,D106,cloudy,19.5,morning,10,1,celebration,cloudy_19_morning_celebration,view,0.0
U253,D039,snowy,-4.5,afternoon,13,4,social,snowy_-5_afternoon_social,view,0.0
U416,D115,rainy,8.4,evening,21,1,casual,rainy_8_evening_casual,view,0.0
U174,D061,sunny,21.6,afternoon,17,3,recovery,sunny_22_afternoon_recovery,view,0.0
U162,D073,snowy,-2.5,morning,7,2,casual,snowy_-2_morning_casual,view,0.0
U334,D061,snowy,0.3,morning,7,0,business,snowy_0_morning_business,view,0.0
U009,D019,cloudy,19.1,evening,19,6,pairing,cloudy_19_evening_pairing,view,0.0
U156,D080,stormy,15.1,morning,10,6,social,stormy_15_morning_social,view,0.0
U025,D099,stormy,16.2,afternoon,17,0,casual,stormy_16_afternoon_casual,rate,3.4
U150,D064,rainy,14.4,morning,11,1,recovery,rainy_14_morning_recovery,view,0.0
U112,D078,rainy,9.4,evening,20,2,business,rainy_9_evening_business,view,0.0
U203,D103,cloudy,15.0,morning,10,0,pairing,cloudy_15_morning_pairing,view,0.0
U026,D033,stormy,10.7,afternoon,12,0,casual,stormy_11_afternoon_casual,view,0.0
U453,D071,cloudy,10.4,afternoon,12,0,recovery,cloudy_10_afternoon_recovery,view,0.0
U361,D004,snowy,-3.2,morning,9,1,business,snowy_-3_morning_business,view,0.0
U395,D101,sunny,26.0,afternoon,12,1,casual,sunny_26_afternoon_casual,view,0.0
U164,D109,cloudy,16.7,morning,8,4,business,cloudy_17_morning_business,view,0.0
U260,D100,stormy,14.5,evening,23,3,casual,stormy_15_evening_casual,view,0.0
U180,D102,stormy,12.8,evening,22,2,casual,stormy_13_evening_casual,purchase,1.0
U299,D105,rainy,8.4,evening,21,1,casual,rainy_8_evening_casual,view,0.0
U166,D045,cloudy,10.4,afternoon,12,0,recovery,cloudy_10_afternoon_recovery,view,0.0
U096,D039,snowy,4.5,afternoon,16,4,social,snowy_5_afternoon_social,view,0.0
U453,D120,cloudy,16.7,morning,8,4,business,cloudy_17_morning_business,view,0.0
U253,D077,snowy,0.6,afternoon,14,0,pairing,snowy_1_afternoon_pairing,rate,1.8
U230,D105,snowy,-2.5,morning,7,2,casual,snowy_-2_morning_casual,view,0.0
U253,D077,cloudy,14.6,morning,8,4,pairing,cloudy_15_morning_pairing,view,0.0
U413,D072,stormy,14.5,evening,23,3,casual,stormy_15_evening_casual,view,0.0
U339,D103,cloudy,19.1,evening,19,6,pairing,cloudy_19_evening_pairing,view,0.0
U032,D062,cloudy,14.1,evening,23,6,business,cloudy_14_evening_business,view,0.0
U243,D106,snowy,-4.2,evening,22,6,business,snowy_-4_evening_business,view,0.0
U022,D028,cloudy,16.7,morning,8,4,business,cloudy_17_morning_business,view,0.0
U226,D029,cloudy,19.7,afternoon,12,3,casual,cloudy_20_afternoon_casual,view,0.0
U375,D077,cloudy,14.6,morning,8,4,pairing,cloudy_15_morning_pairing,view,0.0
U452,D059,cloudy,15.0,morning,10,0,pairing,cloudy_15_morning_pairing,view,0.0
U368,D084,cloudy,17.3,afternoon,15,3,recovery,cloudy_17_afternoon_recovery,view,0.0
U077,D031,snowy,-4.2,evening,22,6,business,snowy_-4_evening_business,view,0.0
U214,D037,cloudy,14.1,evening,23,6,business,cloudy_14_evening_business,view,0.0
U271,D051,sunny,22.3,morning,11,4,pairing,sunny_22_morning_pairing,rate,3.2
U430,D093,cloudy,19.1,evening,19,6,pairing,cloudy_19_evening_pairing,view,0.0
U369,D077,cloudy,15.0,morning,10,0,pairing,cloudy_15_morning_pairing,view,0.0
U493,D041,snowy,4.5,afternoon,16,4,social,snowy_5_afternoon_social,view,0.0
U424,D018,stormy,12.8,evening,22,2,casual,stormy_13_evening_casual,view,0.0
U063,D001,snowy,0.3,morning,7,0,business,snowy_0_morning_business,view,0.0
U441,D009,cloudy,16.7,morning,8,4,business,cloudy_17_morning_business,view,0.0
U090,D116,rainy,13.9,evening,20,3,recovery,rainy_14_evening_recovery,view,0.0
U003,D002,rainy,11.5,morning,10,0,casual,rainy_12_morning_casual,rate,4.3
U491,D012,snowy,-3.6,morning,8,5,social,snowy_-4_morning_social,view,0.0
U368,D026,rainy,10.1,morning,9,5,business,rainy_10_morning_business,view,0.0
U090,D016,stormy,14.5,evening,23,3,casual,stormy_15_evening_casual,view,0.0
U348,D007,snowy,-4.5,afternoon,13,4,social,snowy_-5_afternoon_social,view,0.0
U105,D036,stormy,14.5,evening,23,3,casual,stormy_15_evening_casual,rate,2.6
U146,D046,rainy,11.5,morning,10,0,casual,rainy_12_morning_casual,view,0.0
U317,D115,cloudy,19.7,afternoon,12,3,casual,cloudy_20_afternoon_casual,view,0.0
U194,D055,cloudy,16.7,morning,8,4,business,cloudy_17_morning_business,rate,2.1
U389,D057,snowy,0.6,afternoon,14,0,pairing,snowy_1_afternoon_pairing,view,0.0
U272,D057,stormy,12.8,evening,22,2,casual,stormy_13_evening_casual,view,0.0
U227,D025,cloudy,16.7,morning,8,4,business,cloudy_17_morning_business,view,0.0
U379,D101,sunny,26.1,evening,22,1,recovery,sunny_26_evening_recovery,view,0.0
U454,D059,snowy,-4.5,afternoon,13,4,social,snowy_-5_afternoon_social,view,0.0
U397,D024,rainy,12.4,evening,23,1,recovery,rainy_12_evening_recovery,view,0.0
U292,D049,snowy,-2.1,afternoon,16,2,casual,snowy_-2_afternoon_casual,view,0.0
U358,D043,cloudy,17.3,afternoon,15,3,recovery,cloudy_17_afternoon_recovery,view,0.0
U014,D030,rainy,8.4,evening,21,1,casual,rainy_8_evening_casual,view,0.0
U438,D066,rainy,11.5,morning,10,0,casual,rainy_12_morning_casual,view,0.0
U084,D060,snowy,-2.5,morning,7,2,casual,snowy_-2_morning_casual,view,0.0
U074,D092,snowy,-4.5,afternoon,13,4,social,snowy_-5_afternoon_social,view,0.0
U406,D091,sunny,21.6,afternoon,17,3,recovery,sunny_22_afternoon_recovery,view,0.0
U468,D022,sunny,29.6,afternoon,16,0,recovery,sunny_30_afternoon_recovery,view,0.0
U329,D120,cloudy,15.0,morning,10,0,pairing,cloudy_15_morning_pairing,view,0.0
U339,D104,cloudy,12.4,evening,18,6,pairing,cloudy_12_evening_pairing,view,0.0
U482,D111,cloudy,18.7,morning,8,3,business,cloudy_19_morning_business,view,0.0
U255,D030,sunny,21.0,morning,10,2,recovery,sunny_21_morning_recovery,view,0.0
U034,D073,sunny,26.1,evening,22,1,recovery,sunny_26_evening_recovery,view,0.0
U175,D085,sunny,33.7,afternoon,14,3,celebration,sunny_34_afternoon_celebration,purchase,1.0
U365,D100,snowy,-3.2,morning,9,1,business,snowy_-3_morning_business,view,0.0
U258,D016,snowy,4.5,afternoon,16,4,social,snowy_5_afternoon_social,rate,3.7
U052,D047,snowy,-2.5,morning,7,2,casual,snowy_-2_morning_casual,rate,4.7
U479,D084,cloudy,14.6,morning,8,4,pairing,cloudy_15_morning_pairing,view,0.0
U033,D028,sunny,29.6,afternoon,16,0,recovery,sunny_30_afternoon_recovery,view,0.0
U056,D044,sunny,33.7,afternoon,14,3,celebration,sunny_34_afternoon_celebration,view,0.0
U034,D014,rainy,14.4,morning,11,1,recovery,rainy_14_morning_recovery,view,0.0
U079,D017,cloudy,19.5,morning,10,1,celebration,cloudy_19_morning_celebration,view,0.0
U027,D049,snowy,-4.5,afternoon,13,4,social,snowy_-5_afternoon_social,view,0.0
U306,D055,rainy,14.4,morning,11,1,recovery,rainy_14_morning_recovery,view,0.0
U354,D019,rainy,11.5,morning,10,0,casual,rainy_12_morning_casual,rate,2.2
U160,D045,snowy,0.6,afternoon,14,0,pairing,snowy_1_afternoon_pairing,view,0.0
U312,D080,rainy,10.1,morning,9,5,business,rainy_10_morning_business,view,0.0
U254,D065,cloudy,15.0,morning,10,0,pairing,cloudy_15_morning_pairing,rate,1.8
U127,D115,rainy,8.4,evening,21,1,casual,rainy_8_evening_casual,view,0.0
U128,D030,cloudy,13.9,afternoon,12,5,casual,cloudy_14_afternoon_casual,view,0.0
U100,D071,stormy,10.7,afternoon,12,0,casual,stormy_11_afternoon_casual,view,0.0
U367,D044,sunny,26.0,afternoon,12,1,casual,sunny_26_afternoon_casual,view,0.0
U091,D109,rainy,12.0,evening,18,0,social,rainy_12_evening_social,view,0.0
U160,D089,sunny,23.4,evening,18,0,pairing,sunny_23_evening_pairing,view,0.0
U361,D078,cloudy,10.4,afternoon,12,0,recovery,cloudy_10_afternoon_recovery,view,0.0
U248,D071,snowy,-3.2,morning,9,1,business,snowy_-3_morning_business,view,0.0
U046,D083,cloudy,19.7,afternoon,12,3,casual,cloudy_20_afternoon_casual,view,0.0
U301,D060,snowy,-1.7,morning,9,2,celebration,snowy_-2_morning_celebration,view,0.0
U336,D032,stormy,14.5,evening,23,3,casual,stormy_15_evening_casual,view,0.0
U318,D075,sunny,33.7,afternoon,14,3,celebration,sunny_34_afternoon_celebration,view,0.0
U006,D084,cloudy,15.0,morning,10,0,pairing,cloudy_15_morning_pairing,view,0.0
U413,D004,cloudy,14.6,morning,8,4,pairing,cloudy_15_morning_pairing,rate,4.5
U327,D033,snowy,-4.5,afternoon,13,4,social,snowy_-5_afternoon_social,view,0.0
U214,D120,stormy,16.3,morning,11,5,pairing,stormy_16_morning_pairing,view,0.0
U389,D078,sunny,29.6,afternoon,16,0,recovery,sunny_30_afternoon_recovery,view,0.0
U217,D054,rainy,12.0,evening,18,0,social,rainy_12_evening_social,view,0.0
U395,D049,snowy,-2.5,morning,7,2,casual,snowy_-2_morning_casual,view,0.0
U005,D064,snowy,-2.5,morning,7,2,casual,snowy_-2_morning_casual,view,0.0
U119,D069,snowy,-3.6,morning,8,5,social,snowy_-4_morning_social,view,0.0
U366,D056,rainy,7.0,afternoon,16,2,social,rainy_7_afternoon_social,purchase,1.0
U422,D056,stormy,16.2,afternoon,17,0,casual,stormy_16_afternoon_casual,view,0.0
U139,D065,rainy,13.9,evening,20,3,recovery,rainy_14_evening_recovery,purchase,1.0
U044,D090,rainy,9.4,evening,20,2,business,rainy_9_evening_business,view,0.0
U242,D012,rainy,7.0,afternoon,16,2,social,rainy_7_afternoon_social,view,0.0
U377,D033,cloudy,16.7,morning,8,4,business,cloudy_17_morning_business,view,0.0
U292,D021,sunny,33.7,afternoon,14,3,celebration,sunny_34_afternoon_celebration,rate,2.6
U129,D038,rainy,10.1,morning,9,5,business,rainy_10_morning_business,view,0.0
U298,D007,snowy,-3.2,morning,9,1,business,snowy_-3_morning_business,view,0.0
U339,D073,snowy,-2.5,morning,7,2,casual,snowy_-2_morning_casual,view,0.0
U042,D096,rainy,8.4,evening,21,1,casual,rainy_8_evening_casual,view,0.0
U126,D092,stormy,16.3,morning,11,5,pairing,stormy_16_morning_pairing,view,0.0
U298,D118,stormy,16.2,afternoon,17,0,casual,stormy_16_afternoon_casual,view,0.0
U425,D061,cloudy,11.9,morning,7,1,social,cloudy_12_morning_social,view,0.0
U009,D029,rainy,10.1,morning,9,5,business,rainy_10_morning_business,view,0.0
U054,D052,stormy,16.3,morning,11,5,pairing,stormy_16_morning_pairing,view,0.0
U165,D049,snowy,-1.7,morning,9,2,celebration,snowy_-2_morning_celebration,view,0.0
U289,D118,sunny,26.1,evening,22,1,recovery,sunny_26_evening_recovery,view,0.0
U493,D112,rainy,11.5,morning,10,0,casual,rainy_12_morning_casual,view,0.0
U401,D075,cloudy,15.0,morning,10,0,pairing,cloudy_15_morning_pairing,view,0.0
U452,D039,cloudy,13.9,afternoon,12,5,casual,cloudy_14_afternoon_casual,view,0.0
U408,D100,stormy,16.2,afternoon,17,0,casual,stormy_16_afternoon_casual,view,0.0
U320,D019,rainy,11.5,morning,10,0,casual,rainy_12_morning_casual,view,0.0
U327,D040,rainy,12.4,evening,23,1,recovery,rainy_12_evening_recovery,view,0.0
U155,D082,sunny,30.7,afternoon,15,3,social,sunny_31_afternoon_social,view,0.0
U272,D014,stormy,10.7,afternoon,12,0,casual,stormy_11_afternoon_casual,view,0.0
U227,D017,cloudy,14.1,evening,23,6,business,cloudy_14_evening_business,view,0.0
U360,D064,cloudy,17.3,afternoon,15,3,recovery,cloudy_17_afternoon_recovery,rate,1.2
U277,D099,cloudy,19.1,evening,19,6,pairing,cloudy_19_evening_pairing,view,0.0
U064,D029,cloudy,12.4,evening,18,6,pairing,cloudy_12_evening_pairing,view,0.0
U327,D107,sunny,22.3,morning,11,4,pairing,sunny_22_morning_pairing,view,0.0
U399,D021,rainy,14.4,morning,11,1,recovery,rainy_14_morning_recovery,view,0.0
U035,D036,snowy,-4.5,afternoon,13,4,social,snowy_-5_afternoon_social,view,0.0
U376,D057,stormy,16.2,afternoon,17,0,casual,stormy_16_afternoon_casual,purchase,1.0
U241,D095,cloudy,15.0,morning,10,0,pairing,cloudy_15_morning_pairing,view,0.0
U426,D075,snowy,4.5,afternoon,16,4,social,snowy_5_afternoon_social,rate,2.4
U294,D042,rainy,11.5,morning,10,0,casual,rainy_12_morning_casual,view,0.0
U231,D055,cloudy,10.4,afternoon,12,0,recovery,cloudy_10_afternoon_recovery,view,0.0
U283,D105,snowy,0.3,morning,7,0,business,snowy_0_morning_business,view,0.0
U039,D015,rainy,7.0,afternoon,16,2,social,rainy_7_afternoon_social,view,0.0
U392,D044,cloudy,19.7,afternoon,12,3,casual,cloudy_20_afternoon_casual,view,0.0
U155,D045,cloudy,19.1,evening,19,6,pairing,cloudy_19_evening_pairing,view,0.0
U209,D013,rainy,14.4,morning,11,1,recovery,rainy_14_morning_recovery,view,0.0
U320,D025,cloudy,16.7,morning,8,4,business,cloudy_17_morning_business,view,0.0
U317,D017,stormy,16.3,morning,11,5,pairing,stormy_16_morning_pairing,view,0.0
U069,D085,stormy,15.1,morning,10,6,social,stormy_15_morning_social,view,0.0
U040,D085,snowy,0.6,afternoon,14,0,pairing,snowy_1_afternoon_pairing,view,0.0
U486,D117,stormy,14.5,evening,23,3,casual,stormy_15_evening_casual,view,0.0
U273,D041,rainy,12.4,evening,23,1,recovery,rainy_12_evening_recovery,view,0.0
U347,D106,rainy,11.5,morning,10,0,casual,rainy_12_morning_casual,rate,3.4
U377,D106,stormy,18.3,morning,8,5,casual,stormy_18_morning_casual,view,0.0
U392,D017,cloudy,14.6,morning,8,4,pairing,cloudy_15_morning_pairing,rate,3.3
U093,D109,sunny,29.6,afternoon,16,0,recovery,sunny_30_afternoon_recovery,view,0.0
U293,D078,stormy,18.3,morning,8,5,casual,stormy_18_morning_casual,rate,1.0
U027,D108,snowy,-3.6,morning,8,5,social,snowy_-4_morning_social,view,0.0
U002,D068,snowy,-2.1,afternoon,16,2,casual,snowy_-2_afternoon_casual,view,0.0
U319,D078,stormy,14.5,evening,23,3,casual,stormy_15_evening_casual,view,0.0
U083,D042,cloudy,11.9,morning,7,1,social,cloudy_12_morning_social,view,0.0
U107,D028,sunny,22.3,morning,11,4,pairing,sunny_22_morning_pairing,view,0.0
U133,D015,rainy,8.4,evening,21,1,casual,rainy_8_evening_casual,view,0.0
U436,D090,rainy,11.5,morning,10,0,casual,rainy_12_morning_casual,purchase,1.0
U260,D117,stormy,12.8,evening,22,2,casual,stormy_13_evening_casual,view,0.0
U149,D060,cloudy,16.7,morning,8,4,business,cloudy_17_morning_business,view,0.0
U431,D054,sunny,23.4,evening,18,0,pairing,sunny_23_evening_pairing,view,0.0
U434,D007,cloudy,19.5,morning,10,1,celebration,cloudy_19_morning_celebration,view,0.0
U283,D013,rainy,7.0,afternoon,16,2,social,rainy_7_afternoon_social,view,0.0
U468,D060,cloudy,19.7,afternoon,12,3,casual,cloudy_20_afternoon_casual,rate,1.1
U193,D099,snowy,-3.6,morning,8,5,social,snowy_-4_morning_social,view,0.0
U327,D093,snowy,-4.5,afternoon,13,4,social,snowy_-5_afternoon_social,rate,3.5
U472,D011,cloudy,17.3,afternoon,15,3,recovery,cloudy_17_afternoon_recovery,view,0.0
U186,D060,snowy,-2.1,afternoon,16,2,casual,snowy_-2_afternoon_casual,view,0.0
U401,D097,sunny,26.1,evening,22,1,recovery,sunny_26_evening_recovery,view,0.0
U393,D040,sunny,26.0,afternoon,12,1,casual,sunny_26_afternoon_casual,view,0.0
U347,D111,cloudy,10.4,afternoon,12,0,recovery,cloudy_10_afternoon_recovery,view,0.0
U309,D048,cloudy,14.6,morning,8,4,pairing,cloudy_15_morning_pairing,view,0.0
U108,D049,cloudy,19.7,afternoon,12,3,casual,cloudy_20_afternoon_casual,view,0.0
U322,D034,stormy,10.7,afternoon,12,0,casual,stormy_11_afternoon_casual,purchase,1.0
U438,D001,snowy,-1.7,morning,9,2,celebration,snowy_-2_morning_celebration,view,0.0
U271,D085,snowy,-4.5,afternoon,13,4,social,snowy_-5_afternoon_social,view,0.0
U245,D066,rainy,8.4,evening,21,1,casual,rainy_8_evening_casual,view,0.0
U137,D066,rainy,7.0,afternoon,16,2,social,rainy_7_afternoon_social,view,0.0
U489,D072,sunny,26.1,evening,22,1,recovery,sunny_26_evening_recovery,view,0.0
U192,D044,sunny,21.6,afternoon,17,3,recovery,sunny_22_afternoon_recovery,purchase,1.0
U016,D078,rainy,7.0,afternoon,16,2,social,rainy_7_afternoon_social,view,0.0
U061,D004,sunny,22.3,morning,11,4,pairing,sunny_22_morning_pairing,view,0.0
U410,D027,sunny,26.1,evening,22,1,recovery,sunny_26_evening_recovery,rate,3.5
U012,D099,cloudy,14.1,evening,23,6,business,cloudy_14_evening_business,view,0.0
U219,D072,snowy,0.3,morning,7,0,business,snowy_0_morning_business,view,0.0
U021,D041,stormy,18.3,morning,8,5,casual,stormy_18_morning_casual,view,0.0
U412,D067,cloudy,14.6,morning,8,4,pairing,cloudy_15_morning_pairing,view,0.0
U073,D052,cloudy,19.7,afternoon,12,3,casual,cloudy_20_afternoon_casual,view,0.0
U275,D027,snowy,-2.1,afternoon,16,2,casual,snowy_-2_afternoon_casual,view,0.0
U129,D102,sunny,21.0,morning,10,2,recovery,sunny_21_morning_recovery,view,0.0
U365,D115,sunny,22.3,morning,11,4,pairing,sunny_22_morning_pairing,view,0.0
U001,D087,cloudy,11.9,morning,7,1,social,cloudy_12_morning_social,view,0.0
U200,D055,stormy,15.1,morning,10,6,social,stormy_15_morning_social,view,0.0
U240,D093,rainy,14.4,morning,11,1,recovery,rainy_14_morning_recovery,rate,2.4
U411,D041,snowy,0.3,morning,7,0,business,snowy_0_morning_business,purchase,1.0
U059,D100,cloudy,19.1,evening,19,6,pairing,cloudy_19_evening_pairing,view,0.0
U239,D104,rainy,13.9,evening,20,3,recovery,rainy_14_evening_recovery,view,0.0
U169,D008,cloudy,15.0,morning,10,0,pairing,cloudy_15_morning_pairing,view,0.0
U429,D078,rainy,11.5,morning,10,0,casual,rainy_12_morning_casual,view,0.0
U346,D048,sunny,30.7,afternoon,15,3,social,sunny_31_afternoon_social,view,0.0
U231,D044,rainy,7.0,afternoon,16,2,social,rainy_7_afternoon_social,view,0.0
U464,D029,stormy,18.3,morning,8,5,casual,stormy_18_morning_casual,view,0.0
U324,D103,sunny,26.1,evening,22,1,recovery,sunny_26_evening_recovery,view,0.0
U167,D073,stormy,16.3,morning,11,5,pairing,stormy_16_morning_pairing,view,0.0
U371,D081,cloudy,19.1,evening,19,6,pairing,cloudy_19_evening_pairing,view,0.0
U022,D082,cloudy,18.7,morning,8,3,business,cloudy_19_morning_business,view,0.0
U490,D068,stormy,12.8,evening,22,2,casual,stormy_13_evening_casual,view,0.0
U341,D104,sunny,22.3,morning,11,4,pairing,sunny_22_morning_pairing,view,0.0
U055,D073,snowy,-2.5,morning,7,2,casual,snowy_-2_morning_casual,view,0.0
U329,D077,cloudy,17.3,afternoon,15,3,recovery,cloudy_17_afternoon_recovery,rate,1.5
U125,D011,sunny,26.1,evening,22,1,recovery,sunny_26_evening_recovery,view,0.0
U035,D069,snowy,-4.2,evening,22,6,business,snowy_-4_evening_business,view,0.0
U125,D043,cloudy,19.5,morning,10,1,celebration,cloudy_19_morning_celebration,rate,3.1
U059,D002,stormy,14.5,evening,23,3,casual,stormy_15_evening_casual,view,0.0
U461,D021,sunny,21.0,morning,10,2,recovery,sunny_21_morning_recovery,view,0.0
U413,D101,cloudy,16.7,morning,8,4,business,cloudy_17_morning_business,view,0.0
U075,D075,cloudy,14.1,evening,23,6,business,cloudy_14_evening_business,view,0.0
U240,D037,rainy,10.1,morning,9,5,business,rainy_10_morning_business,view,0.0
U421,D021,sunny,30.7,afternoon,15,3,social,sunny_31_afternoon_social,view,0.0
U376,D012,snowy,0.6,afternoon,14,0,pairing,snowy_1_afternoon_pairing,view,0.0
U113,D094,snowy,-4.5,afternoon,13,4,social,snowy_-5_afternoon_social,view,0.0
U141,D059,snowy,0.6,afternoon,14,1,social,snowy_1_afternoon_social,view,0.0
U208,D115,rainy,10.1,morning,9,5,business,rainy_10_morning_business,view,0.0
U403,D057,cloudy,15.0,morning,10,0,pairing,cloudy_15_morning_pairing,view,0.0
U149,D082,snowy,0.6,afternoon,14,0,pairing,snowy_1_afternoon_pairing,view,0.0
U024,D049,cloudy,15.0,morning,10,0,pairing,cloudy_15_morning_pairing,view,0.0
U011,D060,rainy,14.4,morning,11,1,recovery,rainy_14_morning_recovery,view,0.0
U110,D005,stormy,12.8,evening,22,2,casual,stormy_13_evening_casual,view,0.0
U206,D032,cloudy,14.6,morning,8,4,pairing,cloudy_15_morning_pairing,purchase,1.0
U450,D010,snowy,-2.5,morning,7,2,casual,snowy_-2_morning_casual,view,0.0
U298,D072,rainy,8.4,evening,21,1,casual,rainy_8_evening_casual,view,0.0
U073,D118,sunny,22.3,morning,11,4,pairing,sunny_22_morning_pairing,rate,2.4
U398,D053,snowy,0.6,afternoon,14,0,pairing,snowy_1_afternoon_pairing,rate,3.8
U279,D120,snowy,0.3,morning,7,0,business,snowy_0_morning_business,view,0.0
U352,D105,cloudy,14.6,morning,8,4,pairing,cloudy_15_morning_pairing,rate,2.6
U332,D100,rainy,12.0,evening,18,0,social,rainy_12_evening_social,view,0.0
U093,D006,rainy,11.5,morning,10,0,casual,rainy_12_morning_casual,view,0.0
U174,D061,sunny,22.3,morning,11,4,pairing,sunny_22_morning_pairing,view,0.0
U367,D095,rainy,12.0,evening,18,0,social,rainy_12_evening_social,view,0.0
U421,D014,snowy,-4.2,evening,22,6,business,snowy_-4_evening_business,view,0.0
U316,D053,rainy,9.4,evening,20,2,business,rainy_9_evening_business,view,0.0
U320,D014,cloudy,19.1,evening,19,6,pairing,cloudy_19_evening_pairing,view,0.0
U122,D007,snowy,-1.7,morning,9,2,celebration,snowy_-2_morning_celebration,view,0.0
U172,D102,rainy,12.4,evening,23,1,recovery,rainy_12_evening_recovery,view,0.0
U232,D092,cloudy,19.1,evening,19,6,pairing,cloudy_19_evening_pairing,view,0.0
U048,D005,stormy,15.1,morning,10,6,social,stormy_15_morning_social,view,0.0
U090,D003,sunny,30.7,afternoon,15,3,social,sunny_31_afternoon_social,view,0.0
U162,D084,cloudy,13.9,afternoon,12,5,casual,cloudy_14_afternoon_casual,view,0.0
U297,D082,cloudy,18.2,afternoon,17,1,business,cloudy_18_afternoon_business,purchase,1.0
U378,D057,snowy,-1.7,morning,9,2,celebration,snowy_-2_morning_celebration,view,0.0
U041,D041,snowy,-3.6,morning,8,5,social,snowy_-4_morning_social,view,0.0
U430,D057,cloudy,19.5,morning,10,1,celebration,cloudy_19_morning_celebration,view,0.0
U133,D086,snowy,0.6,afternoon,14,1,social,snowy_1_afternoon_social,view,0.0
U344,D094,stormy,12.8,evening,22,2,casual,stormy_13_evening_casual,view,0.0
U198,D079,cloudy,18.2,afternoon,17,1,business,cloudy_18_afternoon_business,view,0.0
U214,D003,sunny,21.6,afternoon,17,3,recovery,sunny_22_afternoon_recovery,view,0.0
U159,D109,rainy,7.0,afternoon,16,2,social,rainy_7_afternoon_social,view,0.0
U201,D022,cloudy,19.5,morning,10,1,celebration,cloudy_19_morning_celebration,view,0.0
U394,D110,sunny,21.0,morning,10,2,recovery,sunny_21_morning_recovery,rate,3.1
U357,D036,snowy,-3.6,morning,8,5,social,snowy_-4_morning_social,view,0.0
U489,D030,cloudy,19.1,evening,19,6,pairing,cloudy_19_evening_pairing,view,0.0
U222,D029,stormy,14.5,evening,23,3,casual,stormy_15_evening_casual,view,0.0
U059,D020,sunny,21.6,afternoon,17,3,recovery,sunny_22_afternoon_recovery,view,0.0
U213,D001,sunny,26.1,evening,22,1,recovery,sunny_26_evening_recovery,view,0.0
U480,D109,rainy,10.1,morning,9,5,business,rainy_10_morning_business,view,0.0
U443,D024,cloudy,18.7,morning,8,3,business,cloudy_19_morning_business,view,0.0
U390,D113,rainy,14.4,morning,11,1,recovery,rainy_14_morning_recovery,view,0.0
U041,D031,stormy,12.8,evening,22,2,casual,stormy_13_evening_casual,view,0.0
U253,D054,cloudy,14.1,evening,23,6,business,cloudy_14_evening_business,view,0.0
U256,D029,cloudy,18.7,morning,8,3,business,cloudy_19_morning_business,view,0.0
U186,D090,cloudy,17.3,afternoon,15,3,recovery,cloudy_17_afternoon_recovery,rate,1.8
U141,D105,cloudy,19.1,evening,19,6,pairing,cloudy_19_evening_pairing,view,0.0
U031,D004,stormy,18.3,morning,8,5,casual,stormy_18_morning_casual,view,0.0
U400,D115,sunny,23.4,evening,18,0,pairing,sunny_23_evening_pairing,view,0.0
U231,D043,sunny,26.0,afternoon,12,1,casual,sunny_26_afternoon_casual,view,0.0
U304,D028,rainy,12.0,evening,18,0,social,rainy_12_evening_social,view,0.0
U382,D077,stormy,16.2,afternoon,17,0,casual,stormy_16_afternoon_casual,view,0.0
U325,D118,rainy,10.1,morning,9,5,business,rainy_10_morning_business,view,0.0
U440,D029,snowy,-2.1,afternoon,16,2,casual,snowy_-2_afternoon_casual,view,0.0
U153,D094,cloudy,14.1,evening,23,6,business,cloudy_14_evening_business,view,0.0
U296,D091,cloudy,18.7,morning,8,3,business,cloudy_19_morning_business,view,0.0
U020,D053,rainy,10.1,morning,9,5,business,rainy_10_morning_business,view,0.0
U305,D067,rainy,12.4,evening,23,1,recovery,rainy_12_evening_recovery,view,0.0
U001,D039,stormy,16.2,afternoon,17,0,casual,stormy_16_afternoon_casual,view,0.0
U273,D029,snowy,-1.7,morning,9,2,celebration,snowy_-2_morning_celebration,rate,1.1
U299,D076,snowy,-3.2,morning,9,1,business,snowy_-3_morning_business,view,0.0
U061,D092,snowy,0.6,afternoon,14,1,social,snowy_1_afternoon_social,rate,4.9
U333,D098,cloudy,19.5,morning,10,1,celebration,cloudy_19_morning_celebration,view,0.0
U219,D028,stormy,15.1,morning,10,6,social,stormy_15_morning_social,view,0.0
U209,D052,rainy,12.0,evening,18,0,social,rainy_12_evening_social,purchase,1.0
U380,D021,snowy,0.3,morning,7,0,business,snowy_0_morning_business,view,0.0
U022,D069,stormy,12.8,evening,22,2,casual,stormy_13_evening_casual,view,0.0
U440,D073,cloudy,12.4,evening,18,6,pairing,cloudy_12_evening_pairing,view,0.0
U204,D018,snowy,-2.5,morning,7,2,casual,snowy_-2_morning_casual,view,0.0
U044,D094,cloudy,14.1,evening,23,6,business,cloudy_14_evening_business,view,0.0
U168,D051,cloudy,13.9,afternoon,12,5,casual,cloudy_14_afternoon_casual,view,0.0
U357,D107,sunny,23.4,evening,18,0,pairing,sunny_23_evening_pairing,view,0.0
U253,D061,stormy,10.7,afternoon,12,0,casual,stormy_11_afternoon_casual,view,0.0
U382,D024,rainy,9.4,evening,20,2,business,rainy_9_evening_business,view,0.0
U393,D002,snowy,-2.5,morning,7,2,casual,snowy_-2_morning_casual,view,0.0
U173,D015,cloudy,19.7,afternoon,12,3,casual,cloudy_20_afternoon_casual,view,0.0
U415,D052,sunny,22.3,morning,11,4,pairing,sunny_22_morning_pairing,view,0.0
U309,D119,cloudy,19.1,evening,19,6,pairing,cloudy_19_evening_pairing,view,0.0
U437,D085,sunny,21.0,morning,10,2,recovery,sunny_21_morning_recovery,rate,1.6
U472,D008,snowy,-2.1,afternoon,16,2,casual,snowy_-2_afternoon_casual,view,0.0
U444,D010,stormy,15.1,morning,10,6,social,stormy_15_morning_social,view,0.0
U371,D081,cloudy,19.1,evening,19,6,pairing,cloudy_19_evening_pairing,view,0.0
U092,D080,snowy,-3.2,morning,9,1,business,snowy_-3_morning_business,view,0.0
U315,D024,cloudy,11.9,morning,7,1,social,cloudy_12_morning_social,view,0.0
U161,D002,rainy,11.5,morning,10,0,casual,rainy_12_morning_casual,view,0.0
U156,D015,snowy,4.5,afternoon,16,4,social,snowy_5_afternoon_social,view,0.0
U050,D035,cloudy,15.0,morning,10,0,pairing,cloudy_15_morning_pairing,view,0.0
U408,D063,rainy,14.4,morning,11,1,recovery,rainy_14_morning_recovery,view,0.0
U297,D067,snowy,0.6,afternoon,14,0,pairing,snowy_1_afternoon_pairing,view,0.0
U058,D039,cloudy,18.7,morning,8,3,business,cloudy_19_morning_business,view,0.0
U496,D117,cloudy,16.7,morning,8,4,business,cloudy_17_morning_business,view,0.0
U175,D098,sunny,33.7,afternoon,14,3,celebration,sunny_34_afternoon_celebration,view,0.0
U487,D027,snowy,0.3,morning,7,0,business,snowy_0_morning_business,view,0.0
U298,D052,sunny,21.6,afternoon,17,3,recovery,sunny_22_afternoon_recovery,view,0.0
U288,D024,snowy,-3.6,morning,8,5,social,snowy_-4_morning_social,view,0.0
U457,D040,cloudy,19.1,evening,19,6,pairing,cloudy_19_evening_pairing,view,0.0
U127,D037,cloudy,14.6,morning,8,4,pairing,cloudy_15_morning_pairing,view,0.0
U338,D095,cloudy,16.7,morning,8,4,business,cloudy_17_morning_business,view,0.0
U227,D017,cloudy,19.5,morning,10,1,celebration,cloudy_19_morning_celebration,view,0.0
U117,D036,snowy,-4.5,afternoon,13,4,social,snowy_-5_afternoon_social,view,0.0
U060,D056,stormy,16.3,morning,11,5,pairing,stormy_16_morning_pairing,purchase,1.0
U089,D016,cloudy,13.9,afternoon,12,5,casual,cloudy_14_afternoon_casual,view,0.0
U450,D104,sunny,26.0,afternoon,12,1,casual,sunny_26_afternoon_casual,view,0.0
U307,D060,snowy,-2.1,afternoon,16,2,casual,snowy_-2_afternoon_casual,view,0.0
U424,D006,snowy,-3.2,morning,9,1,business,snowy_-3_morning_business,view,0.0
U012,D073,snowy,-1.7,morning,9,2,celebration,snowy_-2_morning_celebration,view,0.0
U178,D080,rainy,14.4,morning,11,1,recovery,rainy_14_morning_recovery,view,0.0
U400,D014,sunny,22.3,morning,11,4,pairing,sunny_22_morning_pairing,view,0.0
U059,D002,rainy,13.9,evening,20,3,recovery,rainy_14_evening_recovery,view,0.0
U090,D101,stormy,15.1,morning,10,6,social,stormy_15_morning_social,view,0.0
U486,D028,rainy,7.0,afternoon,16,2,social,rainy_7_afternoon_social,view,0.0
U380,D057,cloudy,19.1,evening,19,6,pairing,cloudy_19_evening_pairing,view,0.0
U277,D103,cloudy,10.4,afternoon,12,0,recovery,cloudy_10_afternoon_recovery,view,0.0
U249,D049,rainy,12.4,evening,23,1,recovery,rainy_12_evening_recovery,view,0.0
U451,D087,rainy,14.4,morning,11,1,recovery,rainy_14_morning_recovery,view,0.0
U444,D062,snowy,-3.6,morning,8,5,social,snowy_-4_morning_social,view,0.0
U171,D089,sunny,22.3,morning,11,4,pairing,sunny_22_morning_pairing,view,0.0
U069,D097,rainy,8.4,evening,21,1,casual,rainy_8_evening_casual,view,0.0
U377,D035,snowy,-4.5,afternoon,13,4,social,snowy_-5_afternoon_social,view,0.0
U384,D074,sunny,30.7,afternoon,15,3,social,sunny_31_afternoon_social,view,0.0
U038,D069,sunny,30.7,afternoon,15,3,social,sunny_31_afternoon_social,view,0.0
U305,D044,snowy,0.6,afternoon,14,1,social,snowy_1_afternoon_social,view,0.0
U291,D114,stormy,12.8,evening,22,2,casual,stormy_13_evening_casual,view,0.0
U312,D006,cloudy,15.0,morning,10,0,pairing,cloudy_15_morning_pairing,view,0.0
U255,D049,sunny,23.4,evening,18,0,pairing,sunny_23_evening_pairing,rate,2.3
U053,D058,rainy,11.5,morning,10,0,casual,rainy_12_morning_casual,view,0.0
U292,D101,stormy,18.3,morning,8,5,casual,stormy_18_morning_casual,view,0.0
U022,D066,sunny,33.7,afternoon,14,3,celebration,sunny_34_afternoon_celebration,view,0.0
U017,D004,rainy,10.1,morning,9,5,business,rainy_10_morning_business,view,0.0
U222,D016,stormy,16.3,morning,11,5,pairing,stormy_16_morning_pairing,view,0.0
U001,D031,rainy,14.4,morning,11,1,recovery,rainy_14_morning_recovery,view,0.0
U312,D053,cloudy,10.4,afternoon,12,0,recovery,cloudy_10_afternoon_recovery,view,0.0
U074,D114,rainy,9.4,evening,20,2,business,rainy_9_evening_business,rate,4.7
U222,D094,rainy,12.0,evening,18,0,social,rainy_12_evening_social,view,0.0
U099,D060,sunny,29.6,afternoon,16,0,recovery,sunny_30_afternoon_recovery,view,0.0
U063,D112,cloudy,11.9,morning,7,1,social,cloudy_12_morning_social,view,0.0
U447,D033,stormy,12.8,evening,22,2,casual,stormy_13_evening_casual,view,0.0
U318,D068,cloudy,19.1,evening,19,6,pairing,cloudy_19_evening_pairing,view,0.0
U344,D040,rainy,8.4,evening,21,1,casual,rainy_8_evening_casual,view,0.0
U222,D025,rainy,9.4,evening,20,2,business,rainy_9_evening_business,view,0.0
U280,D097,snowy,-4.2,evening,22,6,business,snowy_-4_evening_business,view,0.0
U109,D079,sunny,22.3,morning,11,4,pairing,sunny_22_morning_pairing,view,0.0
U425,D070,sunny,33.7,afternoon,14,3,celebration,sunny_34_afternoon_celebration,view,0.0
U405,D015,snowy,-4.2,evening,22,6,business,snowy_-4_evening_business,rate,3.1
U131,D114,snowy,4.5,afternoon,16,4,social,snowy_5_afternoon_social,view,0.0
U054,D082,stormy,16.3,morning,11,5,pairing,stormy_16_morning_pairing,purchase,1.0
U395,D042,sunny,21.6,afternoon,17,3,recovery,sunny_22_afternoon_recovery,view,0.0
U356,D036,sunny,26.0,afternoon,12,1,casual,sunny_26_afternoon_casual,view,0.0
U429,D008,sunny,21.0,morning,10,2,recovery,sunny_21_morning_recovery,view,0.0
U402,D047,cloudy,10.4,afternoon,12,0,recovery,cloudy_10_afternoon_recovery,view,0.0
U005,D064,snowy,0.3,morning,7,0,business,snowy_0_morning_business,view,0.0
U003,D108,rainy,11.5,morning,10,0,casual,rainy_12_morning_casual,view,0.0
U297,D020,snowy,-3.6,morning,8,5,social,snowy_-4_morning_social,view,0.0
U341,D077,stormy,14.5,evening,23,3,casual,stormy_15_evening_casual,view,0.0
U039,D037,sunny,22.3,morning,11,4,pairing,sunny_22_morning_pairing,view,0.0
U492,D004,sunny,22.3,morning,11,4,pairing,sunny_22_morning_pairing,view,0.0
U406,D078,cloudy,19.5,morning,10,1,celebration,cloudy_19_morning_celebration,purchase,1.0
U324,D033,cloudy,16.7,morning,8,4,business,cloudy_17_morning_business,view,0.0
U272,D068,sunny,21.6,afternoon,17,3,recovery,sunny_22_afternoon_recovery,view,0.0
U230,D088,snowy,0.6,afternoon,14,1,social,snowy_1_afternoon_social,view,0.0
U334,D079,cloudy,16.7,morning,8,4,business,cloudy_17_morning_business,view,0.0
U262,D001,sunny,33.7,afternoon,14,3,celebration,sunny_34_afternoon_celebration,view,0.0
U130,D070,rainy,7.0,afternoon,16,2,social,rainy_7_afternoon_social,view,0.0
U340,D113,sunny,22.3,morning,11,4,pairing,sunny_22_morning_pairing,view,0.0
U115,D005,cloudy,10.4,afternoon,12,0,recovery,cloudy_10_afternoon_recovery,view,0.0
U319,D001,cloudy,10.4,afternoon,12,0,recovery,cloudy_10_afternoon_recovery,view,0.0
U143,D069,stormy,10.7,afternoon,12,0,casual,stormy_11_afternoon_casual,view,0.0
U055,D087,cloudy,19.7,afternoon,12,3,casual,cloudy_20_afternoon_casual,view,0.0
U185,D065,rainy,11.5,morning,10,0,casual,rainy_12_morning_casual,view,0.0
U076,D040,sunny,29.6,afternoon,16,0,recovery,sunny_30_afternoon_recovery,purchase,1.0
U148,D108,sunny,23.4,evening,18,0,pairing,sunny_23_evening_pairing,purchase,1.0
U268,D022,snowy,4.5,afternoon,16,4,social,snowy_5_afternoon_social,purchase,1.0
U387,D117,snowy,-3.2,morning,9,1,business,snowy_-3_morning_business,view,0.0
U269,D061,rainy,12.4,evening,23,1,recovery,rainy_12_evening_recovery,purchase,1.0
U466,D033,cloudy,17.3,afternoon,15,3,recovery,cloudy_17_afternoon_recovery,view,0.0
U344,D101,stormy,15.1,morning,10,6,social,stormy_15_morning_social,purchase,1.0
U163,D113,stormy,18.3,morning,8,5,casual,stormy_18_morning_casual,view,0.0
U404,D001,cloudy,13.9,afternoon,12,5,casual,cloudy_14_afternoon_casual,view,0.0
U227,D106,cloudy,16.7,morning,8,4,business,cloudy_17_morning_business,view,0.0
U129,D059,rainy,14.4,morning,11,1,recovery,rainy_14_morning_recovery,view,0.0
U385,D048,cloudy,19.5,morning,10,1,celebration,cloudy_19_morning_celebration,view,0.0
U213,D022,sunny,29.6,afternoon,16,0,recovery,sunny_30_afternoon_recovery,rate,3.8
U481,D019,cloudy,12.4,evening,18,6,pairing,cloudy_12_evening_pairing,view,0.0
U157,D060,cloudy,11.9,morning,7,1,social,cloudy_12_morning_social,view,0.0
U304,D089,sunny,21.0,morning,10,2,recovery,sunny_21_morning_recovery,view,0.0
U036,D099,cloudy,19.1,evening,19,6,pairing,cloudy_19_evening_pairing,view,0.0
U490,D076,sunny,26.0,afternoon,12,1,casual,sunny_26_afternoon_casual,view,0.0
U027,D106,rainy,11.5,morning,10,0,casual,rainy_12_morning_casual,view,0.0
U075,D092,rainy,7.0,afternoon,16,2,social,rainy_7_afternoon_social,view,0.0
U140,D016,stormy,12.8,evening,22,2,casual,stormy_13_evening_casual,view,0.0
U254,D062,sunny,21.6,afternoon,17,3,recovery,sunny_22_afternoon_recovery,view,0.0
U237,D087,cloudy,15.0,morning,10,0,pairing,cloudy_15_morning_pairing,view,0.0
U399,D055,rainy,9.4,evening,20,2,business,rainy_9_evening_business,view,0.0
U180,D100,sunny,33.7,afternoon,14,3,celebration,sunny_34_afternoon_celebration,view,0.0
U131,D054,rainy,7.0,afternoon,16,2,social,rainy_7_afternoon_social,view,0.0
U126,D083,cloudy,14.6,morning,8,4,pairing,cloudy_15_morning_pairing,rate,3.8
U340,D084,cloudy,19.5,morning,10,1,celebration,cloudy_19_morning_celebration,view,0.0
U102,D085,sunny,21.6,afternoon,17,3,recovery,sunny_22_afternoon_recovery,view,0.0
U102,D109,sunny,30.7,afternoon,15,3,social,sunny_31_afternoon_social,view,0.0
U479,D109,snowy,-4.2,evening,22,6,business,snowy_-4_evening_business,view,0.0
U181,D064,rainy,14.4,morning,11,1,recovery,rainy_14_morning_recovery,view,0.0
U272,D027,rainy,14.4,morning,11,1,recovery,rainy_14_morning_recovery,view,0.0
U392,D081,rainy,8.4,evening,21,1,casual,rainy_8_evening_casual,view,0.0
U475,D052,sunny,26.1,evening,22,1,recovery,sunny_26_evening_recovery,view,0.0
U277,D107,sunny,30.7,afternoon,15,3,social,sunny_31_afternoon_social,view,0.0
U254,D041,sunny,21.6,afternoon,17,3,recovery,sunny_22_afternoon_recovery,view,0.0
U056,D014,sunny,29.6,afternoon,16,0,recovery,sunny_30_afternoon_recovery,view,0.0
U180,D088,rainy,12.4,evening,23,1,recovery,rainy_12_evening_recovery,view,0.0
U371,D106,sunny,30.7,afternoon,15,3,social,sunny_31_afternoon_social,view,0.0
U454,D076,sunny,21.0,morning,10,2,recovery,sunny_21_morning_recovery,view,0.0
U155,D110,stormy,12.8,evening,22,2,casual,stormy_13_evening_casual,rate,2.7
U167,D004,stormy,10.7,afternoon,12,0,casual,stormy_11_afternoon_casual,view,0.0
U268,D111,cloudy,15.0,morning,10,0,pairing,cloudy_15_morning_pairing,view,0.0
U299,D091,cloudy,18.7,morning,8,3,business,cloudy_19_morning_business,view,0.0
U093,D073,cloudy,19.7,afternoon,12,3,casual,cloudy_20_afternoon_casual,view,0.0
U413,D085,snowy,-2.5,morning,7,2,casual,snowy_-2_morning_casual,view,0.0
U458,D087,snowy,-4.2,evening,22,6,business,snowy_-4_evening_business,view,0.0
U276,D015,sunny,21.0,morning,10,2,recovery,sunny_21_morning_recovery,view,0.0
U204,D018,cloudy,19.1,evening,19,6,pairing,cloudy_19_evening_pairing,view,0.0
U349,D041,stormy,12.8,evening,22,2,casual,stormy_13_evening_casual,view,0.0
U474,D103,stormy,18.3,morning,8,5,casual,stormy_18_morning_casual,view,0.0
U248,D056,snowy,-2.1,afternoon,16,2,casual,snowy_-2_afternoon_casual,view,0.0
U144,D027,stormy,12.8,evening,22,2,casual,stormy_13_evening_casual,view,0.0
U341,D119,rainy,11.5,morning,10,0,casual,rainy_12_morning_casual,view,0.0
U419,D027,cloudy,19.1,evening,19,6,pairing,cloudy_19_evening_pairing,view,0.0
U267,D001,cloudy,11.9,morning,7,1,social,cloudy_12_morning_social,view,0.0
U041,D020,cloudy,14.6,morning,8,4,pairing,cloudy_15_morning_pairing,view,0.0
U400,D039,cloudy,14.1,evening,23,6,business,cloudy_14_evening_business,rate,1.4
U032,D049,stormy,10.7,afternoon,12,0,casual,stormy_11_afternoon_casual,view,0.0
U106,D098,rainy,10.1,morning,9,5,business,rainy_10_morning_business,view,0.0
U167,D089,stormy,18.3,morning,8,5,casual,stormy_18_morning_casual,view,0.0
U384,D083,cloudy,19.7,afternoon,12,3,casual,cloudy_20_afternoon_casual,view,0.0
U486,D079,snowy,0.6,afternoon,14,1,social,snowy_1_afternoon_social,view,0.0
U472,D029,stormy,16.2,afternoon,17,0,casual,stormy_16_afternoon_casual,view,0.0
U013,D050,cloudy,18.7,morning,8,3,business,cloudy_19_morning_business,view,0.0
U157,D080,stormy,12.8,evening,22,2,casual,stormy_13_evening_casual,view,0.0
U206,D114,cloudy,17.3,afternoon,15,3,recovery,cloudy_17_afternoon_recovery,view,0.0
U137,D032,sunny,30.7,afternoon,15,3,social,sunny_31_afternoon_social,view,0.0
U483,D070,cloudy,18.7,morning,8,3,business,cloudy_19_morning_business,rate,3.3
U449,D106,snowy,-2.1,afternoon,16,2,casual,snowy_-2_afternoon_casual,view,0.0
U270,D056,rainy,11.5,morning,10,0,casual,rainy_12_morning_casual,purchase,1.0
U218,D050,stormy,12.8,evening,22,2,casual,stormy_13_evening_casual,rate,2.7
U199,D103,cloudy,14.1,evening,23,6,business,cloudy_14_evening_business,rate,2.8
U276,D049,snowy,-2.1,afternoon,16,2,casual,snowy_-2_afternoon_casual,view,0.0
U097,D059,cloudy,14.1,evening,23,6,business,cloudy_14_evening_business,rate,5.0
U397,D074,rainy,10.1,morning,9,5,business,rainy_10_morning_business,view,0.0
U395,D067,stormy,16.3,morning,11,5,pairing,stormy_16_morning_pairing,view,0.0
U487,D110,snowy,-4.2,evening,22,6,business,snowy_-4_evening_business,view,0.0
U014,D108,snowy,4.5,afternoon,16,4,social,snowy_5_afternoon_social,view,0.0
U060,D043,snowy,4.5,afternoon,16,4,social,snowy_5_afternoon_social,view,0.0
U093,D088,stormy,10.7,afternoon,12,0,casual,stormy_11_afternoon_casual,rate,4.6
U403,D095,snowy,-4.2,evening,22,6,business,snowy_-4_evening_business,view,0.0
U259,D032,cloudy,16.7,morning,8,4,business,cloudy_17_morning_business,view,0.0
U438,D042,sunny,26.0,afternoon,12,1,casual,sunny_26_afternoon_casual,view,0.0
U211,D062,sunny,23.4,evening,18,0,pairing,sunny_23_evening_pairing,view,0.0
U453,D057,sunny,33.7,afternoon,14,3,celebration,sunny_34_afternoon_celebration,view,0.0
U405,D115,stormy,12.8,evening,22,2,casual,stormy_13_evening_casual,rate,2.8
U356,D011,snowy,-3.6,morning,8,5,social,snowy_-4_morning_social,view,0.0
U480,D111,cloudy,10.4,afternoon,12,0,recovery,cloudy_10_afternoon_recovery,view,0.0
U242,D080,snowy,0.6,afternoon,14,0,pairing,snowy_1_afternoon_pairing,view,0.0
U279,D107,cloudy,18.7,morning,8,3,business,cloudy_19_morning_business,rate,2.1
U294,D111,snowy,0.3,morning,7,0,business,snowy_0_morning_business,view,0.0
U206,D062,snowy,0.6,afternoon,14,1,social,snowy_1_afternoon_social,view,0.0
U148,D105,rainy,9.4,evening,20,2,business,rainy_9_evening_business,rate,1.2
U026,D048,stormy,16.2,afternoon,17,0,casual,stormy_16_afternoon_casual,view,0.0
U305,D030,stormy,10.7,afternoon,12,0,casual,stormy_11_afternoon_casual,view,0.0
U447,D061,snowy,-4.5,afternoon,13,4,social,snowy_-5_afternoon_social,view,0.0
U432,D034,cloudy,13.9,afternoon,12,5,casual,cloudy_14_afternoon_casual,rate,4.9
U245,D057,sunny,26.0,afternoon,12,1,casual,sunny_26_afternoon_casual,view,0.0
U424,D108,sunny,30.7,afternoon,15,3,social,sunny_31_afternoon_social,view,0.0
U257,D058,cloudy,11.9,morning,7,1,social,cloudy_12_morning_social,view,0.0
U251,D094,cloudy,14.6,morning,8,4,pairing,cloudy_15_morning_pairing,view,0.0
U474,D029,cloudy,10.4,afternoon,12,0,recovery,cloudy_10_afternoon_recovery,view,0.0
U462,D097,stormy,16.2,afternoon,17,0,casual,stormy_16_afternoon_casual,view,0.0
U470,D017,snowy,-4.5,afternoon,13,4,social,snowy_-5_afternoon_social,view,0.0
U284,D117,rainy,7.0,afternoon,16,2,social,rainy_7_afternoon_social,rate,2.8
U391,D061,snowy,0.6,afternoon,14,0,pairing,snowy_1_afternoon_pairing,view,0.0
U329,D012,rainy,8.4,evening,21,1,casual,rainy_8_evening_casual,view,0.0
U258,D017,stormy,18.3,morning,8,5,casual,stormy_18_morning_casual,view,0.0
U204,D003,sunny,21.0,morning,10,2,recovery,sunny_21_morning_recovery,view,0.0
U051,D106,sunny,22.3,morning,11,4,pairing,sunny_22_morning_pairing,rate,1.1
U051,D074,stormy,10.7,afternoon,12,0,casual,stormy_11_afternoon_casual,view,0.0
U473,D061,cloudy,12.4,evening,18,6,pairing,cloudy_12_evening_pairing,view,0.0
U397,D065,sunny,23.4,evening,18,0,pairing,sunny_23_evening_pairing,view,0.0
U469,D080,snowy,-4.2,evening,22,6,business,snowy_-4_evening_business,purchase,1.0
U048,D097,cloudy,16.7,morning,8,4,business,cloudy_17_morning_business,view,0.0
U047,D100,snowy,0.3,morning,7,0,business,snowy_0_morning_business,view,0.0
U080,D013,sunny,33.7,afternoon,14,3,celebration,sunny_34_afternoon_celebration,view,0.0
U086,D029,rainy,12.0,evening,18,0,social,rainy_12_evening_social,view,0.0
U431,D043,cloudy,19.1,evening,19,6,pairing,cloudy_19_evening_pairing,view,0.0
U286,D107,snowy,-3.6,morning,8,5,social,snowy_-4_morning_social,view,0.0
U497,D101,rainy,12.4,evening,23,1,recovery,rainy_12_evening_recovery,view,0.0
U101,D076,stormy,14.5,evening,23,3,casual,stormy_15_evening_casual,view,0.0
U208,D096,sunny,26.1,evening,22,1,recovery,sunny_26_evening_recovery,rate,4.7
U258,D090,sunny,26.0,afternoon,12,1,casual,sunny_26_afternoon_casual,view,0.0
U177,D002,stormy,14.5,evening,23,3,casual,stormy_15_evening_casual,view,0.0
U393,D001,stormy,16.2,afternoon,17,0,casual,stormy_16_afternoon_casual,view,0.0
U398,D027,snowy,0.6,afternoon,14,1,social,snowy_1_afternoon_social,view,0.0
U468,D079,stormy,12.8,evening,22,2,casual,stormy_13_evening_casual,view,0.0
U373,D023,rainy,8.4,evening,21,1,casual,rainy_8_evening_casual,view,0.0
U275,D102,snowy,-3.6,morning,8,5,social,snowy_-4_morning_social,view,0.0
U003,D098,rainy,7.0,afternoon,16,2,social,rainy_7_afternoon_social,view,0.0
U471,D106,cloudy,15.0,morning,10,0,pairing,cloudy_15_morning_pairing,view,0.0
U296,D018,cloudy,12.4,evening,18,6,pairing,cloudy_12_evening_pairing,view,0.0
U019,D089,cloudy,14.6,morning,8,4,pairing,cloudy_15_morning_pairing,view,0.0
U386,D038,stormy,16.2,afternoon,17,0,casual,stormy_16_afternoon_casual,view,0.0
U292,D068,sunny,30.7,afternoon,15,3,social,sunny_31_afternoon_social,view,0.0
U253,D085,rainy,9.4,evening,20,2,business,rainy_9_evening_business,view,0.0
U280,D099,cloudy,13.9,afternoon,12,5,casual,cloudy_14_afternoon_casual,view,0.0
U435,D109,cloudy,14.6,morning,8,4,pairing,cloudy_15_morning_pairing,view,0.0
U375,D094,sunny,26.1,evening,22,1,recovery,sunny_26_evening_recovery,view,0.0
U117,D076,sunny,21.6,afternoon,17,3,recovery,sunny_22_afternoon_recovery,view,0.0
U467,D013,snowy,-1.7,morning,9,2,celebration,snowy_-2_morning_celebration,view,0.0
U224,D079,sunny,21.0,morning,10,2,recovery,sunny_21_morning_recovery,view,0.0
U326,D093,cloudy,19.5,morning,10,1,celebration,cloudy_19_morning_celebration,view,0.0
U225,D013,cloudy,12.4,evening,18,6,pairing,cloudy_12_evening_pairing,view,0.0
U194,D074,sunny,21.0,morning,10,2,recovery,sunny_21_morning_recovery,rate,2.3
U180,D061,stormy,15.1,morning,10,6,social,stormy_15_morning_social,view,0.0
U345,D065,stormy,15.1,morning,10,6,social,stormy_15_morning_social,view,0.0
U408,D103,rainy,12.0,evening,18,0,social,rainy_12_evening_social,rate,1.3
U160,D050,sunny,22.3,morning,11,4,pairing,sunny_22_morning_pairing,view,0.0
U152,D013,stormy,18.3,morning,8,5,casual,stormy_18_morning_casual,view,0.0
U042,D041,snowy,-3.6,morning,8,5,social,snowy_-4_morning_social,view,0.0
U300,D081,cloudy,10.4,afternoon,12,0,recovery,cloudy_10_afternoon_recovery,view,0.0
U121,D099,rainy,11.5,morning,10,0,casual,rainy_12_morning_casual,view,0.0
U024,D102,stormy,15.1,morning,10,6,social,stormy_15_morning_social,view,0.0
U126,D061,cloudy,19.5,morning,10,1,celebration,cloudy_19_morning_celebration,view,0.0
U301,D086,cloudy,13.9,afternoon,12,5,casual,cloudy_14_afternoon_casual,view,0.0
U272,D100,stormy,16.2,afternoon,17,0,casual,stormy_16_afternoon_casual,view,0.0
U243,D023,cloudy,17.3,afternoon,15,3,recovery,cloudy_17_afternoon_recovery,view,0.0
U417,D049,sunny,22.3,morning,11,4,pairing,sunny_22_morning_pairing,view,0.0
U354,D107,stormy,15.1,morning,10,6,social,stormy_15_morning_social,view,0.0
U116,D017,cloudy,15.0,morning,10,0,pairing,cloudy_15_morning_pairing,view,0.0
U477,D025,snowy,0.3,morning,7,0,business,snowy_0_morning_business,view,0.0
U317,D044,cloudy,18.2,afternoon,17,1,business,cloudy_18_afternoon_business,view,0.0
U178,D088,snowy,0.3,morning,7,0,business,snowy_0_morning_business,view,0.0
U051,D055,rainy,10.1,morning,9,5,business,rainy_10_morning_business,view,0.0
U197,D047,sunny,21.0,morning,10,2,recovery,sunny_21_morning_recovery,view,0.0
U356,D097,stormy,10.7,afternoon,12,0,casual,stormy_11_afternoon_casual,view,0.0
U001,D080,cloudy,14.1,evening,23,6,business,cloudy_14_evening_business,view,0.0
U407,D018,cloudy,18.7,morning,8,3,business,cloudy_19_morning_business,view,0.0
U329,D110,cloudy,13.9,afternoon,12,5,casual,cloudy_14_afternoon_casual,view,0.0
U500,D095,rainy,8.4,evening,21,1,casual,rainy_8_evening_casual,view,0.0
U096,D017,snowy,-3.6,morning,8,5,social,snowy_-4_morning_social,view,0.0
U181,D005,cloudy,15.0,morning,10,0,pairing,cloudy_15_morning_pairing,view,0.0
U312,D005,rainy,11.5,morning,10,0,casual,rainy_12_morning_casual,view,0.0
U162,D061,cloudy,19.1,evening,19,6,pairing,cloudy_19_evening_pairing,view,0.0
U190,D069,sunny,26.0,afternoon,12,1,casual,sunny_26_afternoon_casual,view,0.0
U198,D013,cloudy,19.7,afternoon,12,3,casual,cloudy_20_afternoon_casual,view,0.0
U209,D063,snowy,0.6,afternoon,14,1,social,snowy_1_afternoon_social,view,0.0
U208,D049,snowy,-2.1,afternoon,16,2,casual,snowy_-2_afternoon_casual,rate,3.2
U088,D045,sunny,26.0,afternoon,12,1,casual,sunny_26_afternoon_casual,rate,3.3
U302,D001,snowy,0.6,afternoon,14,1,social,snowy_1_afternoon_social,view,0.0
U268,D088,rainy,8.4,evening,21,1,casual,rainy_8_evening_casual,view,0.0
U358,D099,rainy,9.4,evening,20,2,business,rainy_9_evening_business,view,0.0
U384,D117,snowy,-2.5,morning,7,2,casual,snowy_-2_morning_casual,view,0.0
U340,D066,sunny,26.0,afternoon,12,1,casual,sunny_26_afternoon_casual,view,0.0
U077,D030,cloudy,15.0,morning,10,0,pairing,cloudy_15_morning_pairing,view,0.0
U278,D065,stormy,18.3,morning,8,5,casual,stormy_18_morning_casual,view,0.0
U019,D083,snowy,-3.2,morning,9,1,business,snowy_-3_morning_business,view,0.0
U312,D018,cloudy,18.7,morning,8,3,business,cloudy_19_morning_business,view,0.0
U408,D078,cloudy,18.2,afternoon,17,1,business,cloudy_18_afternoon_business,view,0.0
U070,D076,stormy,18.3,morning,8,5,casual,stormy_18_morning_casual,view,0.0
U443,D026,snowy,4.5,afternoon,16,4,social,snowy_5_afternoon_social,rate,3.6
U309,D009,stormy,16.2,afternoon,17,0,casual,stormy_16_afternoon_casual,view,0.0
U189,D021,rainy,9.4,evening,20,2,business,rainy_9_evening_business,purchase,1.0
U063,D020,cloudy,14.1,evening,23,6,business,cloudy_14_evening_business,view,0.0
U487,D075,snowy,-2.1,afternoon,16,2,casual,snowy_-2_afternoon_casual,view,0.0
U319,D097,sunny,26.0,afternoon,12,1,casual,sunny_26_afternoon_casual,view,0.0
U449,D036,cloudy,17.3,afternoon,15,3,recovery,cloudy_17_afternoon_recovery,view,0.0
U075,D116,rainy,12.4,evening,23,1,recovery,rainy_12_evening_recovery,view,0.0
U166,D115,cloudy,10.4,afternoon,12,0,recovery,cloudy_10_afternoon_recovery,view,0.0
U333,D106,rainy,9.4,evening,20,2,business,rainy_9_evening_business,view,0.0
U442,D088,sunny,33.7,afternoon,14,3,celebration,sunny_34_afternoon_celebration,view,0.0
U379,D114,sunny,30.7,afternoon,15,3,social,sunny_31_afternoon_social,view,0.0
U032,D093,rainy,10.1,morning,9,5,business,rainy_10_morning_business,view,0.0
U098,D091,cloudy,11.9,morning,7,1,social,cloudy_12_morning_social,view,0.0
U214,D060,cloudy,19.7,afternoon,12,3,casual,cloudy_20_afternoon_casual,view,0.0
U022,D058,snowy,0.6,afternoon,14,0,pairing,snowy_1_afternoon_pairing,view,0.0
U329,D077,rainy,13.9,evening,20,3,recovery,rainy_14_evening_recovery,view,0.0
U377,D085,cloudy,18.7,morning,8,3,business,cloudy_19_morning_business,view,0.0
U455,D046,cloudy,16.7,morning,8,4,business,cloudy_17_morning_business,view,0.0
U179,D114,rainy,10.1,morning,9,5,business,rainy_10_morning_business,view,0.0
U265,D018,rainy,12.4,evening,23,1,recovery,rainy_12_evening_recovery,rate,4.0
U409,D054,rainy,12.0,evening,18,0,social,rainy_12_evening_social,view,0.0
U075,D023,sunny,22.3,morning,11,4,pairing,sunny_22_morning_pairing,view,0.0
U342,D033,sunny,22.3,morning,11,4,pairing,sunny_22_morning_pairing,view,0.0
U245,D018,rainy,10.1,morning,9,5,business,rainy_10_morning_business,view,0.0
U152,D061,stormy,12.8,evening,22,2,casual,stormy_13_evening_casual,view,0.0
U461,D097,cloudy,19.5,morning,10,1,celebration,cloudy_19_morning_celebration,view,0.0
U224,D079,stormy,18.3,morning,8,5,casual,stormy_18_morning_casual,rate,1.9
U440,D086,snowy,-1.7,morning,9,2,celebration,snowy_-2_morning_celebration,view,0.0
U033,D003,cloudy,11.9,morning,7,1,social,cloudy_12_morning_social,view,0.0
U447,D113,snowy,0.3,morning,7,0,business,snowy_0_morning_business,view,0.0
U048,D108,cloudy,19.5,morning,10,1,celebration,cloudy_19_morning_celebration,view,0.0
U339,D097,sunny,21.0,morning,10,2,recovery,sunny_21_morning_recovery,view,0.0
U138,D099,rainy,12.4,evening,23,1,recovery,rainy_12_evening_recovery,view,0.0
U070,D099,rainy,12.0,evening,18,0,social,rainy_12_evening_social,view,0.0
U059,D003,stormy,16.2,afternoon,17,0,casual,stormy_16_afternoon_casual,view,0.0
U334,D101,cloudy,19.5,morning,10,1,celebration,cloudy_19_morning_celebration,view,0.0
U084,D052,rainy,7.0,afternoon,16,2,social,rainy_7_afternoon_social,view,0.0
U391,D097,sunny,29.6,afternoon,16,0,recovery,sunny_30_afternoon_recovery,view,0.0
U391,D044,snowy,-2.1,afternoon,16,2,casual,snowy_-2_afternoon_casual,view,0.0
U383,D029,cloudy,19.5,morning,10,1,celebration,cloudy_19_morning_celebration,view,0.0
U196,D115,rainy,12.4,evening,23,1,recovery,rainy_12_evening_recovery,view,0.0
U051,D034,cloudy,11.9,morning,7,1,social,cloudy_12_morning_social,view,0.0
U341,D110,cloudy,13.9,afternoon,12,5,casual,cloudy_14_afternoon_casual,view,0.0
U397,D082,cloudy,18.2,afternoon,17,1,business,cloudy_18_afternoon_business,rate,3.6
U170,D062,snowy,-1.7,morning,9,2,celebration,snowy_-2_morning_celebration,view,0.0
U265,D095,sunny,26.0,afternoon,12,1,casual,sunny_26_afternoon_casual,view,0.0
U168,D088,sunny,22.3,morning,11,4,pairing,sunny_22_morning_pairing,view,0.0
U306,D020,stormy,10.7,afternoon,12,0,casual,stormy_11_afternoon_casual,view,0.0
U426,D033,cloudy,11.9,morning,7,1,social,cloudy_12_morning_social,view,0.0
U185,D065,sunny,22.3,morning,11,4,pairing,sunny_22_morning_pairing,rate,1.9
U391,D009,rainy,11.5,morning,10,0,casual,rainy_12_morning_casual,view,0.0
U418,D035,snowy,-2.5,morning,7,2,casual,snowy_-2_morning_casual,view,0.0
U215,D060,snowy,-1.7,morning,9,2,celebration,snowy_-2_morning_celebration,view,0.0
U303,D046,cloudy,19.1,evening,19,6,pairing,cloudy_19_evening_pairing,view,0.0
U107,D075,stormy,16.3,morning,11,5,pairing,stormy_16_morning_pairing,view,0.0
U119,D073,stormy,16.3,morning,11,5,pairing,stormy_16_morning_pairing,view,0.0
U096,D023,snowy,-4.5,afternoon,13,4,social,snowy_-5_afternoon_social,view,0.0
U372,D102,stormy,16.2,afternoon,17,0,casual,stormy_16_afternoon_casual,view,0.0
U245,D021,snowy,-4.5,afternoon,13,4,social,snowy_-5_afternoon_social,view,0.0
U346,D079,cloudy,14.1,evening,23,6,business,cloudy_14_evening_business,view,0.0
U187,D021,stormy,15.1,morning,10,6,social,stormy_15_morning_social,view,0.0
U369,D051,cloudy,10.4,afternoon,12,0,recovery,cloudy_10_afternoon_recovery,view,0.0
U394,D086,snowy,-3.6,morning,8,5,social,snowy_-4_morning_social,view,0.0
U137,D029,rainy,11.5,morning,10,0,casual,rainy_12_morning_casual,view,0.0
U245,D038,sunny,30.7,afternoon,15,3,social,sunny_31_afternoon_social,view,0.0
U226,D059,stormy,15.1,morning,10,6,social,stormy_15_morning_social,rate,3.9
U246,D071,snowy,-3.6,morning,8,5,social,snowy_-4_morning_social,rate,4.0
U117,D110,sunny,26.0,afternoon,12,1,casual,sunny_26_afternoon_casual,view,0.0
U351,D063,snowy,-4.2,evening,22,6,business,snowy_-4_evening_business,view,0.0
U489,D029,cloudy,19.7,afternoon,12,3,casual,cloudy_20_afternoon_casual,rate,2.3
U146,D007,cloudy,19.1,evening,19,6,pairing,cloudy_19_evening_pairing,view,0.0
U446,D045,rainy,12.0,evening,18,0,social,rainy_12_evening_social,view,0.0
U499,D025,snowy,0.6,afternoon,14,1,social,snowy_1_afternoon_social,view,0.0
U137,D012,snowy,-2.1,afternoon,16,2,casual,snowy_-2_afternoon_casual,view,0.0
U440,D090,rainy,13.9,evening,20,3,recovery,rainy_14_evening_recovery,view,0.0
U209,D051,cloudy,15.0,morning,10,0,pairing,cloudy_15_morning_pairing,view,0.0
U432,D008,cloudy,13.9,afternoon,12,5,casual,cloudy_14_afternoon_casual,view,0.0
U155,D079,cloudy,11.9,morning,7,1,social,cloudy_12_morning_social,view,0.0
U322,D051,snowy,0.6,afternoon,14,1,social,snowy_1_afternoon_social,view,0.0
U087,D033,cloudy,19.5,morning,10,1,celebration,cloudy_19_morning_celebration,view,0.0
U224,D113,cloudy,16.7,morning,8,4,business,cloudy_17_morning_business,view,0.0
U005,D084,rainy,10.1,morning,9,5,business,rainy_10_morning_business,view,0.0
U416,D030,cloudy,12.4,evening,18,6,pairing,cloudy_12_evening_pairing,view,0.0
U493,D087,sunny,26.0,afternoon,12,1,casual,sunny_26_afternoon_casual,view,0.0
U388,D105,snowy,-3.6,morning,8,5,social,snowy_-4_morning_social,rate,1.0
U111,D016,cloudy,14.6,morning,8,4,pairing,cloudy_15_morning_pairing,view,0.0
U297,D031,cloudy,18.7,morning,8,3,business,cloudy_19_morning_business,view,0.0
U425,D116,sunny,21.6,afternoon,17,3,recovery,sunny_22_afternoon_recovery,view,0.0
U236,D064,cloudy,19.5,morning,10,1,celebration,cloudy_19_morning_celebration,purchase,1.0
U114,D072,cloudy,10.4,afternoon,12,0,recovery,cloudy_10_afternoon_recovery,view,0.0
U230,D099,stormy,15.1,morning,10,6,social,stormy_15_morning_social,view,0.0
U261,D061,sunny,33.7,afternoon,14,3,celebration,sunny_34_afternoon_celebration,view,0.0
U464,D101,cloudy,18.2,afternoon,17,1,business,cloudy_18_afternoon_business,view,0.0
U221,D099,cloudy,18.7,morning,8,3,business,cloudy_19_morning_business,view,0.0
U149,D021,cloudy,11.9,morning,7,1,social,cloudy_12_morning_social,view,0.0
U444,D036,rainy,12.4,evening,23,1,recovery,rainy_12_evening_recovery,view,0.0
U088,D083,cloudy,19.1,evening,19,6,pairing,cloudy_19_evening_pairing,view,0.0
U421,D060,snowy,-3.6,morning,8,5,social,snowy_-4_morning_social,view,0.0
U451,D079,cloudy,14.6,morning,8,4,pairing,cloudy_15_morning_pairing,rate,3.7
U272,D045,sunny,26.1,evening,22,1,recovery,sunny_26_evening_recovery,view,0.0
U373,D103,rainy,9.4,evening,20,2,business,rainy_9_evening_business,view,0.0
U170,D035,stormy,18.3,morning,8,5,casual,stormy_18_morning_casual,view,0.0
U414,D053,cloudy,11.9,morning,7,1,social,cloudy_12_morning_social,purchase,1.0
U306,D013,snowy,0.3,morning,7,0,business,snowy_0_morning_business,view,0.0
U152,D120,snowy,4.5,afternoon,16,4,social,snowy_5_afternoon_social,rate,4.3
U442,D026,sunny,21.6,afternoon,17,3,recovery,sunny_22_afternoon_recovery,view,0.0
U090,D005,rainy,9.4,evening,20,2,business,rainy_9_evening_business,view,0.0
U261,D113,snowy,0.3,morning,7,0,business,snowy_0_morning_business,rate,4.3
U409,D058,rainy,7.0,afternoon,16,2,social,rainy_7_afternoon_social,view,0.0
U025,D034,snowy,-3.2,morning,9,1,business,snowy_-3_morning_business,view,0.0
U362,D094,rainy,11.5,morning,10,0,casual,rainy_12_morning_casual,view,0.0
U316,D067,cloudy,18.7,morning,8,3,business,cloudy_19_morning_business,view,0.0
U430,D120,snowy,0.3,morning,7,0,business,snowy_0_morning_business,view,0.0
U196,D019,sunny,30.7,afternoon,15,3,social,sunny_31_afternoon_social,rate,2.0
U464,D096,cloudy,13.9,afternoon,12,5,casual,cloudy_14_afternoon_casual,view,0.0
U456,D061,stormy,16.2,afternoon,17,0,casual,stormy_16_afternoon_casual,view,0.0
U217,D097,snowy,-4.2,evening,22,6,business,snowy_-4_evening_business,view,0.0
U106,D099,stormy,16.3,morning,11,5,pairing,stormy_16_morning_pairing,purchase,1.0
U087,D084,cloudy,15.0,morning,10,0,pairing,cloudy_15_morning_pairing,view,0.0
U186,D094,snowy,0.6,afternoon,14,0,pairing,snowy_1_afternoon_pairing,view,0.0
U106,D060,cloudy,18.7,morning,8,3,business,cloudy_19_morning_business,view,0.0
U491,D077,rainy,11.5,morning,10,0,casual,rainy_12_morning_casual,view,0.0
U051,D047,rainy,9.4,evening,20,2,business,rainy_9_evening_business,view,0.0
U222,D095,rainy,12.4,evening,23,1,recovery,rainy_12_evening_recovery,view,0.0
U389,D023,snowy,4.5,afternoon,16,4,social,snowy_5_afternoon_social,view,0.0
U219,D054,stormy,14.5,evening,23,3,casual,stormy_15_evening_casual,view,0.0
U339,D064,rainy,7.0,afternoon,16,2,social,rainy_7_afternoon_social,view,0.0
U240,D117,rainy,13.9,evening,20,3,recovery,rainy_14_evening_recovery,view,0.0
U485,D084,snowy,-3.6,morning,8,5,social,snowy_-4_morning_social,view,0.0
U226,D085,stormy,12.8,evening,22,2,casual,stormy_13_evening_casual,view,0.0
U246,D018,sunny,26.1,evening,22,1,recovery,sunny_26_evening_recovery,view,0.0
U323,D053,snowy,-3.6,morning,8,5,social,snowy_-4_morning_social,view,0.0
U192,D067,stormy,10.7,afternoon,12,0,casual,stormy_11_afternoon_casual,view,0.0
U246,D117,cloudy,18.2,afternoon,17,1,business,cloudy_18_afternoon_business,view,0.0
U211,D108,stormy,16.2,afternoon,17,0,casual,stormy_16_afternoon_casual,view,0.0
U347,D049,snowy,0.6,afternoon,14,0,pairing,snowy_1_afternoon_pairing,view,0.0
U104,D035,sunny,21.0,morning,10,2,recovery,sunny_21_morning_recovery,view,0.0
U344,D039,sunny,29.6,afternoon,16,0,recovery,sunny_30_afternoon_recovery,view,0.0
U363,D110,sunny,29.6,afternoon,16,0,recovery,sunny_30_afternoon_recovery,view,0.0
U493,D058,snowy,4.5,afternoon,16,4,social,snowy_5_afternoon_social,view,0.0
U394,D002,rainy,12.0,evening,18,0,social,rainy_12_evening_social,view,0.0
U254,D087,stormy,15.1,morning,10,6,social,stormy_15_morning_social,rate,2.6
U233,D094,rainy,9.4,evening,20,2,business,rainy_9_evening_business,view,0.0
U267,D101,cloudy,17.3,afternoon,15,3,recovery,cloudy_17_afternoon_recovery,view,0.0
U399,D059,snowy,0.6,afternoon,14,0,pairing,snowy_1_afternoon_pairing,view,0.0
U076,D119,rainy,14.4,morning,11,1,recovery,rainy_14_morning_recovery,view,0.0
U182,D080,cloudy,19.1,evening,19,6,pairing,cloudy_19_evening_pairing,view,0.0
U443,D088,cloudy,16.7,morning,8,4,business,cloudy_17_morning_business,view,0.0
U399,D113,snowy,-4.5,afternoon,13,4,social,snowy_-5_afternoon_social,rate,1.9
U145,D100,cloudy,16.7,morning,8,4,business,cloudy_17_morning_business,view,0.0
U022,D075,stormy,12.8,evening,22,2,casual,stormy_13_evening_casual,view,0.0
U183,D042,cloudy,15.0,morning,10,0,pairing,cloudy_15_morning_pairing,view,0.0
U038,D101,sunny,26.1,evening,22,1,recovery,sunny_26_evening_recovery,view,0.0
U343,D032,rainy,8.4,evening,21,1,casual,rainy_8_evening_casual,view,0.0
U439,D043,cloudy,16.7,morning,8,4,business,cloudy_17_morning_business,view,0.0
U333,D096,sunny,21.6,afternoon,17,3,recovery,sunny_22_afternoon_recovery,view,0.0
U173,D119,rainy,13.9,evening,20,3,recovery,rainy_14_evening_recovery,purchase,1.0
U120,D017,cloudy,18.2,afternoon,17,1,business,cloudy_18_afternoon_business,view,0.0
U364,D090,cloudy,18.2,afternoon,17,1,business,cloudy_18_afternoon_business,view,0.0
U261,D025,snowy,0.6,afternoon,14,1,social,snowy_1_afternoon_social,view,0.0
U278,D093,snowy,-2.5,morning,7,2,casual,snowy_-2_morning_casual,rate,1.8
U167,D063,sunny,26.0,afternoon,12,1,casual,sunny_26_afternoon_casual,purchase,1.0
U191,D074,stormy,16.3,morning,11,5,pairing,stormy_16_morning_pairing,view,0.0
U079,D073,cloudy,15.0,morning,10,0,pairing,cloudy_15_morning_pairing,view,0.0
U459,D060,rainy,12.4,evening,23,1,recovery,rainy_12_evening_recovery,view,0.0
U056,D009,snowy,-1.7,morning,9,2,celebration,snowy_-2_morning_celebration,view,0.0
U192,D107,cloudy,16.7,morning,8,4,business,cloudy_17_morning_business,view,0.0
U258,D085,cloudy,11.9,morning,7,1,social,cloudy_12_morning_social,view,0.0
U216,D014,rainy,11.5,morning,10,0,casual,rainy_12_morning_casual,view,0.0
U064,D070,stormy,15.1,morning,10,6,social,stormy_15_morning_social,rate,3.0
U484,D074,cloudy,11.9,morning,7,1,social,cloudy_12_morning_social,view,0.0
U329,D021,rainy,13.9,evening,20,3,recovery,rainy_14_evening_recovery,view,0.0
U062,D004,cloudy,17.3,afternoon,15,3,recovery,cloudy_17_afternoon_recovery,view,0.0
U336,D072,cloudy,11.9,morning,7,1,social,cloudy_12_morning_social,rate,3.7
U321,D083,sunny,29.6,afternoon,16,0,recovery,sunny_30_afternoon_recovery,view,0.0
U156,D044,snowy,-3.2,morning,9,1,business,snowy_-3_morning_business,view,0.0
U255,D072,snowy,-3.6,morning,8,5,social,snowy_-4_morning_social,view,0.0
U392,D064,cloudy,11.9,morning,7,1,social,cloudy_12_morning_social,view,0.0
U032,D075,sunny,33.7,afternoon,14,3,celebration,sunny_34_afternoon_celebration,view,0.0
U409,D060,cloudy,14.1,evening,23,6,business,cloudy_14_evening_business,view,0.0
U359,D061,cloudy,18.7,morning,8,3,business,cloudy_19_morning_business,view,0.0
U317,D067,rainy,12.0,evening,18,0,social,rainy_12_evening_social,view,0.0
U181,D004,cloudy,19.1,evening,19,6,pairing,cloudy_19_evening_pairing,view,0.0
U235,D120,rainy,11.5,morning,10,0,casual,rainy_12_morning_casual,view,0.0
U165,D104,sunny,21.0,morning,10,2,recovery,sunny_21_morning_recovery,view,0.0
U157,D049,stormy,18.3,morning,8,5,casual,stormy_18_morning_casual,rate,1.6
U133,D056,cloudy,10.4,afternoon,12,0,recovery,cloudy_10_afternoon_recovery,view,0.0
U497,D097,cloudy,10.4,afternoon,12,0,recovery,cloudy_10_afternoon_recovery,view,0.0
U246,D009,cloudy,12.4,evening,18,6,pairing,cloudy_12_evening_pairing,view,0.0
U201,D110,snowy,-4.5,afternoon,13,4,social,snowy_-5_afternoon_social,view,0.0
U013,D078,cloudy,16.7,morning,8,4,business,cloudy_17_morning_business,view,0.0
U447,D119,sunny,22.3,morning,11,4,pairing,sunny_22_morning_pairing,view,0.0
U330,D099,snowy,0.6,afternoon,14,1,social,snowy_1_afternoon_social,rate,4.5
U402,D010,sunny,21.0,morning,10,2,recovery,sunny_21_morning_recovery,view,0.0
U079,D015,stormy,18.3,morning,8,5,casual,stormy_18_morning_casual,view,0.0
U368,D106,sunny,22.3,morning,11,4,pairing,sunny_22_morning_pairing,view,0.0
U382,D101,sunny,33.7,afternoon,14,3,celebration,sunny_34_afternoon_celebration,view,0.0
U304,D082,rainy,12.0,evening,18,0,social,rainy_12_evening_social,view,0.0
U211,D074,sunny,21.0,morning,10,2,recovery,sunny_21_morning_recovery,view,0.0
U439,D024,cloudy,19.1,evening,19,6,pairing,cloudy_19_evening_pairing,view,0.0
U431,D002,cloudy,17.3,afternoon,15,3,recovery,cloudy_17_afternoon_recovery,view,0.0
U271,D073,snowy,-3.2,morning,9,1,business,snowy_-3_morning_business,view,0.0
U164,D092,cloudy,19.1,evening,19,6,pairing,cloudy_19_evening_pairing,view,0.0
U398,D054,snowy,-2.5,morning,7,2,casual,snowy_-2_morning_casual,view,0.0
U049,D062,rainy,12.4,evening,23,1,recovery,rainy_12_evening_recovery,view,0.0
U492,D044,sunny,26.1,evening,22,1,recovery,sunny_26_evening_recovery,view,0.0
U279,D073,snowy,4.5,afternoon,16,4,social,snowy_5_afternoon_social,view,0.0
U311,D110,rainy,12.0,evening,18,0,social,rainy_12_evening_social,view,0.0
U482,D038,snowy,-3.6,morning,8,5,social,snowy_-4_morning_social,view,0.0
U013,D017,rainy,10.1,morning,9,5,business,rainy_10_morning_business,view,0.0
U299,D048,cloudy,19.7,afternoon,12,3,casual,cloudy_20_afternoon_casual,view,0.0
U066,D119,stormy,14.5,evening,23,3,casual,stormy_15_evening_casual,view,0.0
U461,D074,stormy,14.5,evening,23,3,casual,stormy_15_evening_casual,view,0.0
U218,D056,cloudy,15.0,morning,10,0,pairing,cloudy_15_morning_pairing,view,0.0
U463,D054,rainy,7.0,afternoon,16,2,social,rainy_7_afternoon_social,view,0.0
U467,D097,snowy,-4.2,evening,22,6,business,snowy_-4_evening_business,view,0.0
U257,D103,cloudy,11.9,morning,7,1,social,cloudy_12_morning_social,view,0.0
U070,D052,sunny,26.0,afternoon,12,1,casual,sunny_26_afternoon_casual,rate,4.1
U158,D085,rainy,7.0,afternoon,16,2,social,rainy_7_afternoon_social,view,0.0
U284,D004,snowy,-1.7,morning,9,2,celebration,snowy_-2_morning_celebration,view,0.0
U373,D006,cloudy,18.2,afternoon,17,1,business,cloudy_18_afternoon_business,view,0.0
U493,D094,rainy,11.5,morning,10,0,casual,rainy_12_morning_casual,view,0.0
U486,D050,rainy,12.4,evening,23,1,recovery,rainy_12_evening_recovery,view,0.0
U350,D042,rainy,14.4,morning,11,1,recovery,rainy_14_morning_recovery,view,0.0
U239,D012,snowy,-4.5,afternoon,13,4,social,snowy_-5_afternoon_social,view,0.0
U249,D026,rainy,13.9,evening,20,3,recovery,rainy_14_evening_recovery,view,0.0
U406,D104,sunny,21.0,morning,10,2,recovery,sunny_21_morning_recovery,rate,3.5
U316,D099,snowy,0.3,morning,7,0,business,snowy_0_morning_business,view,0.0
U399,D109,sunny,30.7,afternoon,15,3,social,sunny_31_afternoon_social,view,0.0
U376,D088,sunny,30.7,afternoon,15,3,social,sunny_31_afternoon_social,view,0.0
U496,D057,snowy,0.6,afternoon,14,0,pairing,snowy_1_afternoon_pairing,view,0.0
U424,D011,stormy,15.1,morning,10,6,social,stormy_15_morning_social,view,0.0
U171,D082,stormy,15.1,morning,10,6,social,stormy_15_morning_social,view,0.0
U175,D120,snowy,0.6,afternoon,14,1,social,snowy_1_afternoon_social,view,0.0
U199,D044,snowy,-1.7,morning,9,2,celebration,snowy_-2_morning_celebration,view,0.0
U016,D038,stormy,18.3,morning,8,5,casual,stormy_18_morning_casual,view,0.0
U477,D083,snowy,-2.1,afternoon,16,2,casual,snowy_-2_afternoon_casual,view,0.0
U315,D029,rainy,12.0,evening,18,0,social,rainy_12_evening_social,view,0.0
U264,D098,cloudy,17.3,afternoon,15,3,recovery,cloudy_17_afternoon_recovery,view,0.0
U181,D094,sunny,26.0,afternoon,12,1,casual,sunny_26_afternoon_casual,view,0.0
U244,D057,snowy,-3.2,morning,9,1,business,snowy_-3_morning_business,view,0.0
U231,D063,cloudy,17.3,afternoon,15,3,recovery,cloudy_17_afternoon_recovery,view,0.0
U388,D117,snowy,0.6,afternoon,14,1,social,snowy_1_afternoon_social,view,0.0
U367,D072,cloudy,19.1,evening,19,6,pairing,cloudy_19_evening_pairing,view,0.0
U037,D071,cloudy,17.3,afternoon,15,3,recovery,cloudy_17_afternoon_recovery,view,0.0
U490,D079,snowy,-2.5,morning,7,2,casual,snowy_-2_morning_casual,view,0.0
U398,D099,stormy,18.3,morning,8,5,casual,stormy_18_morning_casual,view,0.0
U209,D013,sunny,26.1,evening,22,1,recovery,sunny_26_evening_recovery,rate,1.1
U496,D074,cloudy,15.0,morning,10,0,pairing,cloudy_15_morning_pairing,view,0.0
U397,D085,snowy,0.6,afternoon,14,0,pairing,snowy_1_afternoon_pairing,rate,4.1
U182,D041,snowy,0.6,afternoon,14,0,pairing,snowy_1_afternoon_pairing,view,0.0
U178,D118,cloudy,15.0,morning,10,0,pairing,cloudy_15_morning_pairing,view,0.0
U227,D100,cloudy,18.2,afternoon,17,1,business,cloudy_18_afternoon_business,view,0.0
U141,D076,cloudy,16.7,morning,8,4,business,cloudy_17_morning_business,view,0.0
U349,D077,snowy,-2.5,morning,7,2,casual,snowy_-2_morning_casual,purchase,1.0
U418,D019,snowy,0.6,afternoon,14,1,social,snowy_1_afternoon_social,view,0.0
U161,D027,cloudy,14.1,evening,23,6,business,cloudy_14_evening_business,view,0.0
U467,D057,sunny,23.4,evening,18,0,pairing,sunny_23_evening_pairing,view,0.0
U363,D079,cloudy,17.3,afternoon,15,3,recovery,cloudy_17_afternoon_recovery,view,0.0
U294,D019,rainy,11.5,morning,10,0,casual,rainy_12_morning_casual,view,0.0
U260,D058,stormy,15.1,morning,10,6,social,stormy_15_morning_social,view,0.0
U233,D113,stormy,16.3,morning,11,5,pairing,stormy_16_morning_pairing,purchase,1.0
U485,D004,stormy,15.1,morning,10,6,social,stormy_15_morning_social,view,0.0
U489,D053,snowy,-2.5,morning,7,2,casual,snowy_-2_morning_casual,view,0.0
U233,D060,sunny,21.6,afternoon,17,3,recovery,sunny_22_afternoon_recovery,view,0.0
U004,D085,snowy,-4.2,evening,22,6,business,snowy_-4_evening_business,view,0.0
U407,D104,sunny,21.0,morning,10,2,recovery,sunny_21_morning_recovery,view,0.0
U123,D041,cloudy,10.4,afternoon,12,0,recovery,cloudy_10_afternoon_recovery,view,0.0
U300,D102,cloudy,14.1,evening,23,6,business,cloudy_14_evening_business,view,0.0
U373,D095,snowy,4.5,afternoon,16,4,social,snowy_5_afternoon_social,view,0.0
U222,D082,stormy,14.5,evening,23,3,casual,stormy_15_evening_casual,view,0.0
U168,D058,snowy,-4.5,afternoon,13,4,social,snowy_-5_afternoon_social,view,0.0
U472,D016,cloudy,19.7,afternoon,12,3,casual,cloudy_20_afternoon_casual,view,0.0
U016,D080,cloudy,11.9,morning,7,1,social,cloudy_12_morning_social,view,0.0
U163,D059,snowy,0.6,afternoon,14,1,social,snowy_1_afternoon_social,view,0.0
U301,D082,cloudy,14.1,evening,23,6,business,cloudy_14_evening_business,view,0.0
U493,D030,snowy,0.6,afternoon,14,0,pairing,snowy_1_afternoon_pairing,purchase,1.0
U091,D091,cloudy,19.5,morning,10,1,celebration,cloudy_19_morning_celebration,view,0.0
U174,D006,sunny,30.7,afternoon,15,3,social,sunny_31_afternoon_social,view,0.0
U007,D006,rainy,9.4,evening,20,2,business,rainy_9_evening_business,view,0.0
U248,D038,sunny,26.0,afternoon,12,1,casual,sunny_26_afternoon_casual,view,0.0
U031,D037,stormy,18.3,morning,8,5,casual,stormy_18_morning_casual,view,0.0
U064,D076,snowy,-3.6,morning,8,5,social,snowy_-4_morning_social,view,0.0
U361,D038,rainy,7.0,afternoon,16,2,social,rainy_7_afternoon_social,view,0.0
U246,D012,stormy,16.3,morning,11,5,pairing,stormy_16_morning_pairing,view,0.0
U381,D080,cloudy,13.9,afternoon,12,5,casual,cloudy_14_afternoon_casual,view,0.0
U494,D116,stormy,12.8,evening,22,2,casual,stormy_13_evening_casual,view,0.0
U408,D082,cloudy,12.4,evening,18,6,pairing,cloudy_12_evening_pairing,view,0.0
U386,D015,stormy,18.3,morning,8,5,casual,stormy_18_morning_casual,view,0.0
U049,D112,snowy,0.3,morning,7,0,business,snowy_0_morning_business,view,0.0
U372,D094,snowy,0.3,morning,7,0,business,snowy_0_morning_business,view,0.0
U316,D093,rainy,12.4,evening,23,1,recovery,rainy_12_evening_recovery,view,0.0
U396,D113,snowy,0.6,afternoon,14,0,pairing,snowy_1_afternoon_pairing,view,0.0
U198,D051,cloudy,19.1,evening,19,6,pairing,cloudy_19_evening_pairing,view,0.0
U405,D024,stormy,14.5,evening,23,3,casual,stormy_15_evening_casual,view,0.0
U406,D004,rainy,12.4,evening,23,1,recovery,rainy_12_evening_recovery,view,0.0
U485,D120,cloudy,11.9,morning,7,1,social,cloudy_12_morning_social,view,0.0
U117,D110,sunny,26.1,evening,22,1,recovery,sunny_26_evening_recovery,view,0.0
U432,D099,sunny,30.7,afternoon,15,3,social,sunny_31_afternoon_social,view,0.0
U055,D037,rainy,14.4,morning,11,1,recovery,rainy_14_morning_recovery,view,0.0
U403,D079,cloudy,13.9,afternoon,12,5,casual,cloudy_14_afternoon_casual,view,0.0
U204,D083,sunny,26.1,evening,22,1,recovery,sunny_26_evening_recovery,view,0.0
U311,D028,sunny,21.6,afternoon,17,3,recovery,sunny_22_afternoon_recovery,view,0.0
U189,D075,sunny,29.6,afternoon,16,0,recovery,sunny_30_afternoon_recovery,view,0.0
U106,D023,rainy,8.4,evening,21,1,casual,rainy_8_evening_casual,view,0.0
U267,D066,rainy,12.4,evening,23,1,recovery,rainy_12_evening_recovery,view,0.0
U177,D015,sunny,23.4,evening,18,0,pairing,sunny_23_evening_pairing,view,0.0
U471,D060,cloudy,16.7,morning,8,4,business,cloudy_17_morning_business,view,0.0
U464,D042,sunny,21.6,afternoon,17,3,recovery,sunny_22_afternoon_recovery,rate,1.2
U477,D005,cloudy,18.7,morning,8,3,business,cloudy_19_morning_business,rate,2.6
U294,D044,rainy,7.0,afternoon,16,2,social,rainy_7_afternoon_social,view,0.0
U340,D107,snowy,0.3,morning,7,0,business,snowy_0_morning_business,view,0.0
U163,D046,stormy,14.5,evening,23,3,casual,stormy_15_evening_casual,view,0.0
U207,D055,sunny,29.6,afternoon,16,0,recovery,sunny_30_afternoon_recovery,view,0.0
U029,D069,snowy,0.3,morning,7,0,business,snowy_0_morning_business,view,0.0
U263,D117,snowy,-2.1,afternoon,16,2,casual,snowy_-2_afternoon_casual,view,0.0
U268,D012,stormy,12.8,evening,22,2,casual,stormy_13_evening_casual,view,0.0
U437,D070,sunny,21.0,morning,10,2,recovery,sunny_21_morning_recovery,view,0.0
U224,D047,rainy,9.4,evening,20,2,business,rainy_9_evening_business,view,0.0
U451,D043,snowy,-2.1,afternoon,16,2,casual,snowy_-2_afternoon_casual,view,0.0
U233,D039,cloudy,19.7,afternoon,12,3,casual,cloudy_20_afternoon_casual,view,0.0
U037,D041,rainy,9.4,evening,20,2,business,rainy_9_evening_business,rate,1.9
U402,D025,snowy,-1.7,morning,9,2,celebration,snowy_-2_morning_celebration,view,0.0
U258,D083,rainy,13.9,evening,20,3,recovery,rainy_14_evening_recovery,view,0.0
U053,D019,stormy,15.1,morning,10,6,social,stormy_15_morning_social,view,0.0
U051,D111,cloudy,10.4,afternoon,12,0,recovery,cloudy_10_afternoon_recovery,view,0.0
U458,D120,rainy,8.4,evening,21,1,casual,rainy_8_evening_casual,view,0.0
U050,D075,stormy,18.3,morning,8,5,casual,stormy_18_morning_casual,view,0.0
U048,D056,stormy,14.5,evening,23,3,casual,stormy_15_evening_casual,view,0.0
U215,D114,stormy,12.8,evening,22,2,casual,stormy_13_evening_casual,view,0.0
U389,D003,snowy,0.6,afternoon,14,1,social,snowy_1_afternoon_social,view,0.0
U114,D020,cloudy,19.5,morning,10,1,celebration,cloudy_19_morning_celebration,view,0.0
U033,D005,sunny,30.7,afternoon,15,3,social,sunny_31_afternoon_social,view,0.0
U026,D108,cloudy,10.4,afternoon,12,0,recovery,cloudy_10_afternoon_recovery,view,0.0
U238,D018,snowy,-2.1,afternoon,16,2,casual,snowy_-2_afternoon_casual,view,0.0
U027,D049,sunny,29.6,afternoon,16,0,recovery,sunny_30_afternoon_recovery,view,0.0
U461,D052,sunny,26.1,evening,22,1,recovery,sunny_26_evening_recovery,view,0.0
U019,D095,cloudy,10.4,afternoon,12,0,recovery,cloudy_10_afternoon_recovery,view,0.0
U332,D106,cloudy,10.4,afternoon,12,0,recovery,cloudy_10_afternoon_recovery,rate,1.1
U380,D116,cloudy,19.7,afternoon,12,3,casual,cloudy_20_afternoon_casual,rate,1.7
U325,D056,stormy,15.1,morning,10,6,social,stormy_15_morning_social,view,0.0
U041,D082,cloudy,18.2,afternoon,17,1,business,cloudy_18_afternoon_business,view,0.0
U295,D080,stormy,16.3,morning,11,5,pairing,stormy_16_morning_pairing,view,0.0
U458,D058,stormy,16.2,afternoon,17,0,casual,stormy_16_afternoon_casual,view,0.0
U318,D053,cloudy,14.1,evening,23,6,business,cloudy_14_evening_business,view,0.0
U418,D014,sunny,22.3,morning,11,4,pairing,sunny_22_morning_pairing,view,0.0
U060,D042,stormy,18.3,morning,8,5,casual,stormy_18_morning_casual,view,0.0
U147,D088,snowy,4.5,afternoon,16,4,social,snowy_5_afternoon_social,view,0.0
U303,D014,snowy,-3.6,morning,8,5,social,snowy_-4_morning_social,view,0.0
U242,D032,rainy,12.0,evening,18,0,social,rainy_12_evening_social,view,0.0
U124,D017,cloudy,18.7,morning,8,3,business,cloudy_19_morning_business,view,0.0
U447,D015,rainy,9.4,evening,20,2,business,rainy_9_evening_business,view,0.0
U138,D071,rainy,9.4,evening,20,2,business,rainy_9_evening_business,view,0.0
U273,D111,rainy,12.0,evening,18,0,social,rainy_12_evening_social,view,0.0
U003,D115,sunny,26.0,afternoon,12,1,casual,sunny_26_afternoon_casual,view,0.0
U350,D046,sunny,22.3,morning,11,4,pairing,sunny_22_morning_pairing,view,0.0
U247,D076,sunny,23.4,evening,18,0,pairing,sunny_23_evening_pairing,view,0.0
U229,D072,cloudy,19.5,morning,10,1,celebration,cloudy_19_morning_celebration,rate,2.9
U367,D058,rainy,10.1,morning,9,5,business,rainy_10_morning_business,view,0.0
U312,D042,sunny,30.7,afternoon,15,3,social,sunny_31_afternoon_social,view,0.0
U427,D034,cloudy,19.5,morning,10,1,celebration,cloudy_19_morning_celebration,rate,3.7
U306,D082,cloudy,19.5,morning,10,1,celebration,cloudy_19_morning_celebration,view,0.0
U422,D003,cloudy,18.7,morning,8,3,business,cloudy_19_morning_business,view,0.0
U163,D036,cloudy,18.2,afternoon,17,1,business,cloudy_18_afternoon_business,view,0.0
U153,D064,stormy,16.3,morning,11,5,pairing,stormy_16_morning_pairing,view,0.0
U326,D075,snowy,4.5,afternoon,16,4,social,snowy_5_afternoon_social,view,0.0
U098,D104,snowy,0.6,afternoon,14,1,social,snowy_1_afternoon_social,view,0.0
U103,D106,rainy,11.5,morning,10,0,casual,rainy_12_morning_casual,view,0.0
U364,D021,sunny,33.7,afternoon,14,3,celebration,sunny_34_afternoon_celebration,view,0.0
U483,D059,cloudy,11.9,morning,7,1,social,cloudy_12_morning_social,view,0.0
U440,D108,snowy,0.6,afternoon,14,1,social,snowy_1_afternoon_social,view,0.0
U226,D034,stormy,10.7,afternoon,12,0,casual,stormy_11_afternoon_casual,view,0.0
U066,D100,cloudy,10.4,afternoon,12,0,recovery,cloudy_10_afternoon_recovery,rate,2.6
U218,D045,stormy,15.1,morning,10,6,social,stormy_15_morning_social,view,0.0
U221,D051,sunny,30.7,afternoon,15,3,social,sunny_31_afternoon_social,rate,4.1
U139,D027,cloudy,19.1,evening,19,6,pairing,cloudy_19_evening_pairing,view,0.0
U220,D092,cloudy,14.1,evening,23,6,business,cloudy_14_evening_business,view,0.0
U183,D070,snowy,-1.7,morning,9,2,celebration,snowy_-2_morning_celebration,view,0.0
U034,D057,snowy,-3.6,morning,8,5,social,snowy_-4_morning_social,view,0.0
U102,D064,rainy,12.4,evening,23,1,recovery,rainy_12_evening_recovery,view,0.0
U070,D033,sunny,22.3,morning,11,4,pairing,sunny_22_morning_pairing,view,0.0
U055,D107,rainy,12.4,evening,23,1,recovery,rainy_12_evening_recovery,view,0.0
U348,D053,stormy,12.8,evening,22,2,casual,stormy_13_evening_casual,view,0.0
U025,D081,rainy,11.5,morning,10,0,casual,rainy_12_morning_casual,view,0.0
U363,D034,rainy,8.4,evening,21,1,casual,rainy_8_evening_casual,view,0.0
U385,D071,sunny,26.1,evening,22,1,recovery,sunny_26_evening_recovery,view,0.0
U211,D097,stormy,15.1,morning,10,6,social,stormy_15_morning_social,view,0.0
U241,D042,cloudy,12.4,evening,18,6,pairing,cloudy_12_evening_pairing,view,0.0
U227,D059,sunny,33.7,afternoon,14,3,celebration,sunny_34_afternoon_celebration,view,0.0
U021,D060,stormy,15.1,morning,10,6,social,stormy_15_morning_social,view,0.0
U451,D010,snowy,-3.2,morning,9,1,business,snowy_-3_morning_business,view,0.0
U446,D061,rainy,12.0,evening,18,0,social,rainy_12_evening_social,view,0.0
U140,D083,stormy,16.3,morning,11,5,pairing,stormy_16_morning_pairing,rate,2.6
U050,D010,snowy,-4.2,evening,22,6,business,snowy_-4_evening_business,view,0.0
U385,D043,cloudy,19.5,morning,10,1,celebration,cloudy_19_morning_celebration,view,0.0
U474,D104,sunny,26.1,evening,22,1,recovery,sunny_26_evening_recovery,view,0.0
U142,D041,snowy,-1.7,morning,9,2,celebration,snowy_-2_morning_celebration,view,0.0
U449,D046,sunny,26.1,evening,22,1,recovery,sunny_26_evening_recovery,view,0.0
U028,D083,snowy,4.5,afternoon,16,4,social,snowy_5_afternoon_social,rate,2.8
U370,D106,stormy,16.2,afternoon,17,0,casual,stormy_16_afternoon_casual,view,0.0
U080,D120,cloudy,15.0,morning,10,0,pairing,cloudy_15_morning_pairing,view,0.0
U035,D003,rainy,14.4,morning,11,1,recovery,rainy_14_morning_recovery,view,0.0
U489,D003,stormy,10.7,afternoon,12,0,casual,stormy_11_afternoon_casual,view,0.0
U074,D111,snowy,4.5,afternoon,16,4,social,snowy_5_afternoon_social,view,0.0
U374,D053,rainy,13.9,evening,20,3,recovery,rainy_14_evening_recovery,view,0.0
U387,D007,snowy,0.6,afternoon,14,1,social,snowy_1_afternoon_social,view,0.0
U218,D069,rainy,12.4,evening,23,1,recovery,rainy_12_evening_recovery,view,0.0
U168,D114,snowy,-4.2,evening,22,6,business,snowy_-4_evening_business,view,0.0
U234,D087,stormy,18.3,morning,8,5,casual,stormy_18_morning_casual,view,0.0
U333,D104,cloudy,18.7,morning,8,3,business,cloudy_19_morning_business,view,0.0
U049,D115,rainy,12.0,evening,18,0,social,rainy_12_evening_social,rate,4.3
U137,D033,sunny,30.7,afternoon,15,3,social,sunny_31_afternoon_social,view,0.0
U039,D114,rainy,12.4,evening,23,1,recovery,rainy_12_evening_recovery,view,0.0
U409,D114,rainy,12.0,evening,18,0,social,rainy_12_evening_social,view,0.0
U469,D010,sunny,22.3,morning,11,4,pairing,sunny_22_morning_pairing,rate,1.0
U156,D120,sunny,22.3,morning,11,4,pairing,sunny_22_morning_pairing,view,0.0
U062,D030,stormy,16.3,morning,11,5,pairing,stormy_16_morning_pairing,view,0.0
U453,D102,snowy,-1.7,morning,9,2,celebration,snowy_-2_morning_celebration,view,0.0
U228,D003,sunny,30.7,afternoon,15,3,social,sunny_31_afternoon_social,view,0.0
U048,D061,snowy,0.6,afternoon,14,0,pairing,snowy_1_afternoon_pairing,view,0.0
U105,D113,snowy,-3.2,morning,9,1,business,snowy_-3_morning_business,view,0.0
U206,D018,sunny,26.0,afternoon,12,1,casual,sunny_26_afternoon_casual,view,0.0
U340,D023,stormy,16.2,afternoon,17,0,casual,stormy_16_afternoon_casual,view,0.0
U302,D066,rainy,12.0,evening,18,0,social,rainy_12_evening_social,view,0.0
U193,D012,cloudy,19.5,morning,10,1,celebration,cloudy_19_morning_celebration,view,0.0
U183,D106,sunny,26.0,afternoon,12,1,casual,sunny_26_afternoon_casual,view,0.0
U179,D048,stormy,10.7,afternoon,12,0,casual,stormy_11_afternoon_casual,view,0.0
U028,D067,stormy,16.2,afternoon,17,0,casual,stormy_16_afternoon_casual,view,0.0
U399,D081,sunny,26.0,afternoon,12,1,casual,sunny_26_afternoon_casual,view,0.0
U413,D068,cloudy,15.0,morning,10,0,pairing,cloudy_15_morning_pairing,view,0.0
U358,D068,rainy,12.4,evening,23,1,recovery,rainy_12_evening_recovery,view,0.0
U146,D064,cloudy,18.7,morning,8,3,business,cloudy_19_morning_business,view,0.0
U229,D012,cloudy,10.4,afternoon,12,0,recovery,cloudy_10_afternoon_recovery,view,0.0
U375,D036,stormy,14.5,evening,23,3,casual,stormy_15_evening_casual,view,0.0
U086,D060,cloudy,18.7,morning,8,3,business,cloudy_19_morning_business,view,0.0
U080,D058,stormy,16.2,afternoon,17,0,casual,stormy_16_afternoon_casual,view,0.0
U497,D102,stormy,18.3,morning,8,5,casual,stormy_18_morning_casual,view,0.0
U025,D001,sunny,23.4,evening,18,0,pairing,sunny_23_evening_pairing,view,0.0
U324,D115,stormy,16.2,afternoon,17,0,casual,stormy_16_afternoon_casual,view,0.0
U272,D054,snowy,-2.1,afternoon,16,2,casual,snowy_-2_afternoon_casual,view,0.0
U125,D099,snowy,-2.1,afternoon,16,2,casual,snowy_-2_afternoon_casual,view,0.0
U351,D095,snowy,0.6,afternoon,14,1,social,snowy_1_afternoon_social,view,0.0
U228,D016,snowy,-1.7,morning,9,2,celebration,snowy_-2_morning_celebration,view,0.0
U212,D118,cloudy,13.9,afternoon,12,5,casual,cloudy_14_afternoon_casual,view,0.0
U031,D050,snowy,-4.5,afternoon,13,4,social,snowy_-5_afternoon_social,view,0.0
U166,D038,cloudy,19.7,afternoon,12,3,casual,cloudy_20_afternoon_casual,view,0.0
U020,D099,cloudy,19.1,evening,19,6,pairing,cloudy_19_evening_pairing,view,0.0
U487,D089,sunny,29.6,afternoon,16,0,recovery,sunny_30_afternoon_recovery,view,0.0
U072,D054,snowy,0.6,afternoon,14,1,social,snowy_1_afternoon_social,rate,2.5
U251,D101,snowy,-3.6,morning,8,5,social,snowy_-4_morning_social,view,0.0
U098,D034,stormy,12.8,evening,22,2,casual,stormy_13_evening_casual,view,0.0
U222,D119,stormy,15.1,morning,10,6,social,stormy_15_morning_social,view,0.0
U088,D105,cloudy,19.5,morning,10,1,celebration,cloudy_19_morning_celebration,view,0.0
U026,D023,rainy,9.4,evening,20,2,business,rainy_9_evening_business,view,0.0
U030,D023,rainy,13.9,evening,20,3,recovery,rainy_14_evening_recovery,purchase,1.0
U125,D095,cloudy,19.7,afternoon,12,3,casual,cloudy_20_afternoon_casual,view,0.0
U171,D107,cloudy,18.2,afternoon,17,1,business,cloudy_18_afternoon_business,view,0.0
U181,D087,snowy,-2.5,morning,7,2,casual,snowy_-2_morning_casual,view,0.0
U037,D061,cloudy,15.0,morning,10,0,pairing,cloudy_15_morning_pairing,view,0.0
U437,D012,snowy,-2.5,morning,7,2,casual,snowy_-2_morning_casual,rate,4.7
U038,D024,cloudy,18.2,afternoon,17,1,business,cloudy_18_afternoon_business,view,0.0
U449,D057,stormy,14.5,evening,23,3,casual,stormy_15_evening_casual,view,0.0
U114,D045,cloudy,10.4,afternoon,12,0,recovery,cloudy_10_afternoon_recovery,view,0.0
U500,D096,sunny,29.6,afternoon,16,0,recovery,sunny_30_afternoon_recovery,view,0.0
U207,D006,rainy,9.4,evening,20,2,business,rainy_9_evening_business,purchase,1.0
U303,D093,cloudy,18.2,afternoon,17,1,business,cloudy_18_afternoon_business,view,0.0
U032,D003,sunny,33.7,afternoon,14,3,celebration,sunny_34_afternoon_celebration,view,0.0
U166,D004,snowy,-4.5,afternoon,13,4,social,snowy_-5_afternoon_social,view,0.0
U344,D102,snowy,-1.7,morning,9,2,celebration,snowy_-2_morning_celebration,view,0.0
U314,D041,stormy,14.5,evening,23,3,casual,stormy_15_evening_casual,rate,1.3
U097,D025,cloudy,13.9,afternoon,12,5,casual,cloudy_14_afternoon_casual,view,0.0
U388,D093,cloudy,15.0,morning,10,0,pairing,cloudy_15_morning_pairing,view,0.0
U211,D079,rainy,12.0,evening,18,0,social,rainy_12_evening_social,view,0.0
U232,D110,rainy,11.5,morning,10,0,casual,rainy_12_morning_casual,view,0.0
U357,D035,cloudy,13.9,afternoon,12,5,casual,cloudy_14_afternoon_casual,view,0.0
U369,D026,rainy,12.4,evening,23,1,recovery,rainy_12_evening_recovery,view,0.0
U494,D023,sunny,26.0,afternoon,12,1,casual,sunny_26_afternoon_casual,view,0.0
U475,D035,snowy,-3.2,morning,9,1,business,snowy_-3_morning_business,view,0.0
U334,D101,snowy,-3.6,morning,8,5,social,snowy_-4_morning_social,view,0.0
U445,D021,cloudy,14.6,morning,8,4,pairing,cloudy_15_morning_pairing,rate,4.8
U173,D032,cloudy,16.7,morning,8,4,business,cloudy_17_morning_business,view,0.0
U083,D036,rainy,11.5,morning,10,0,casual,rainy_12_morning_casual,view,0.0
U205,D092,cloudy,18.7,morning,8,3,business,cloudy_19_morning_business,view,0.0
U053,D107,rainy,9.4,evening,20,2,business,rainy_9_evening_business,view,0.0
U288,D101,snowy,0.6,afternoon,14,0,pairing,snowy_1_afternoon_pairing,view,0.0
U318,D115,snowy,-2.1,afternoon,16,2,casual,snowy_-2_afternoon_casual,view,0.0
U130,D077,rainy,12.0,evening,18,0,social,rainy_12_evening_social,view,0.0
U008,D019,cloudy,15.0,morning,10,0,pairing,cloudy_15_morning_pairing,view,0.0
U369,D032,sunny,22.3,morning,11,4,pairing,sunny_22_morning_pairing,view,0.0
U053,D119,stormy,10.7,afternoon,12,0,casual,stormy_11_afternoon_casual,view,0.0
U287,D036,cloudy,19.1,evening,19,6,pairing,cloudy_19_evening_pairing,view,0.0
U492,D089,cloudy,18.7,morning,8,3,business,cloudy_19_morning_business,view,0.0
U158,D013,cloudy,19.7,afternoon,12,3,casual,cloudy_20_afternoon_casual,view,0.0
U400,D102,cloudy,12.4,evening,18,6,pairing,cloudy_12_evening_pairing,view,0.0
U431,D037,snowy,-3.6,morning,8,5,social,snowy_-4_morning_social,view,0.0
U225,D015,rainy,7.0,afternoon,16,2,social,rainy_7_afternoon_social,view,0.0
U212,D038,sunny,26.0,afternoon,12,1,casual,sunny_26_afternoon_casual,view,0.0
U238,D004,stormy,14.5,evening,23,3,casual,stormy_15_evening_casual,view,0.0
U046,D084,stormy,15.1,morning,10,6,social,stormy_15_morning_social,purchase,1.0
U125,D069,sunny,26.0,afternoon,12,1,casual,sunny_26_afternoon_casual,view,0.0
U051,D013,sunny,22.3,morning,11,4,pairing,sunny_22_morning_pairing,view,0.0
U316,D032,cloudy,14.1,evening,23,6,business,cloudy_14_evening_business,view,0.0
U349,D079,sunny,33.7,afternoon,14,3,celebration,sunny_34_afternoon_celebration,view,0.0
U453,D104,rainy,11.5,morning,10,0,casual,rainy_12_morning_casual,view,0.0
U383,D019,cloudy,15.0,morning,10,0,pairing,cloudy_15_morning_pairing,view,0.0
U233,D001,cloudy,10.4,afternoon,12,0,recovery,cloudy_10_afternoon_recovery,view,0.0
U419,D109,cloudy,17.3,afternoon,15,3,recovery,cloudy_17_afternoon_recovery,view,0.0
U242,D063,rainy,11.5,morning,10,0,casual,rainy_12_morning_casual,rate,1.6
U259,D101,sunny,23.4,evening,18,0,pairing,sunny_23_evening_pairing,view,0.0
U045,D015,stormy,10.7,afternoon,12,0,casual,stormy_11_afternoon_casual,purchase,1.0
U470,D046,stormy,18.3,morning,8,5,casual,stormy_18_morning_casual,rate,5.0
U451,D055,snowy,-1.7,morning,9,2,celebration,snowy_-2_morning_celebration,view,0.0
U486,D005,cloudy,16.7,morning,8,4,business,cloudy_17_morning_business,view,0.0
U499,D115,sunny,21.0,morning,10,2,recovery,sunny_21_morning_recovery,view,0.0
U153,D116,sunny,21.0,morning,10,2,recovery,sunny_21_morning_recovery,view,0.0
U233,D068,sunny,21.6,afternoon,17,3,recovery,sunny_22_afternoon_recovery,view,0.0
U291,D087,cloudy,14.6,morning,8,4,pairing,cloudy_15_morning_pairing,view,0.0
U052,D110,rainy,8.4,evening,21,1,casual,rainy_8_evening_casual,view,0.0
U023,D003,snowy,0.6,afternoon,14,1,social,snowy_1_afternoon_social,view,0.0
U196,D049,cloudy,10.4,afternoon,12,0,recovery,cloudy_10_afternoon_recovery,view,0.0
U379,D082,cloudy,14.1,evening,23,6,business,cloudy_14_evening_business,view,0.0
U031,D102,cloudy,15.0,morning,10,0,pairing,cloudy_15_morning_pairing,view,0.0
U476,D108,stormy,16.2,afternoon,17,0,casual,stormy_16_afternoon_casual,view,0.0
U145,D010,cloudy,14.6,morning,8,4,pairing,cloudy_15_morning_pairing,view,0.0
U027,D007,cloudy,19.1,evening,19,6,pairing,cloudy_19_evening_pairing,view,0.0
U392,D008,rainy,11.5,morning,10,0,casual,rainy_12_morning_casual,view,0.0
U086,D100,rainy,7.0,afternoon,16,2,social,rainy_7_afternoon_social,view,0.0
U450,D112,snowy,-3.2,morning,9,1,business,snowy_-3_morning_business,rate,1.1
U358,D120,cloudy,14.1,evening,23,6,business,cloudy_14_evening_business,view,0.0
U215,D002,stormy,15.1,morning,10,6,social,stormy_15_morning_social,view,0.0
U358,D057,cloudy,15.0,morning,10,0,pairing,cloudy_15_morning_pairing,view,0.0
U462,D030,rainy,12.4,evening,23,1,recovery,rainy_12_evening_recovery,view,0.0
U293,D045,cloudy,18.2,afternoon,17,1,business,cloudy_18_afternoon_business,view,0.0
U315,D028,cloudy,19.5,morning,10,1,celebration,cloudy_19_morning_celebration,view,0.0
U272,D069,sunny,26.0,afternoon,12,1,casual,sunny_26_afternoon_casual,view,0.0
U394,D047,cloudy,19.5,morning,10,1,celebration,cloudy_19_morning_celebration,view,0.0
U217,D081,rainy,12.4,evening,23,1,recovery,rainy_12_evening_recovery,view,0.0
U400,D118,snowy,-2.5,morning,7,2,casual,snowy_-2_morning_casual,view,0.0
U295,D067,snowy,0.6,afternoon,14,1,social,snowy_1_afternoon_social,view,0.0
U050,D053,rainy,8.4,evening,21,1,casual,rainy_8_evening_casual,rate,4.8
U195,D074,sunny,23.4,evening,18,0,pairing,sunny_23_evening_pairing,view,0.0
U465,D040,sunny,22.3,morning,11,4,pairing,sunny_22_morning_pairing,view,0.0
U386,D068,rainy,12.0,evening,18,0,social,rainy_12_evening_social,view,0.0
U105,D085,stormy,16.2,afternoon,17,0,casual,stormy_16_afternoon_casual,view,0.0
U142,D015,cloudy,17.3,afternoon,15,3,recovery,cloudy_17_afternoon_recovery,view,0.0
U124,D095,snowy,-1.7,morning,9,2,celebration,snowy_-2_morning_celebration,view,0.0
U140,D041,cloudy,19.5,morning,10,1,celebration,cloudy_19_morning_celebration,view,0.0
U119,D077,cloudy,18.7,morning,8,3,business,cloudy_19_morning_business,view,0.0
U119,D095,snowy,0.6,afternoon,14,1,social,snowy_1_afternoon_social,view,0.0
U255,D008,snowy,-4.2,evening,22,6,business,snowy_-4_evening_business,view,0.0
U467,D035,cloudy,14.1,evening,23,6,business,cloudy_14_evening_business,view,0.0
U203,D100,snowy,-2.5,morning,7,2,casual,snowy_-2_morning_casual,view,0.0
U365,D111,snowy,-3.2,morning,9,1,business,snowy_-3_morning_business,view,0.0
U319,D026,cloudy,19.7,afternoon,12,3,casual,cloudy_20_afternoon_casual,view,0.0
U172,D038,sunny,21.6,afternoon,17,3,recovery,sunny_22_afternoon_recovery,view,0.0
U115,D019,snowy,-2.5,morning,7,2,casual,snowy_-2_morning_casual,view,0.0
U219,D110,sunny,23.4,evening,18,0,pairing,sunny_23_evening_pairing,view,0.0
U344,D052,cloudy,14.6,morning,8,4,pairing,cloudy_15_morning_pairing,view,0.0
U099,D021,snowy,4.5,afternoon,16,4,social,snowy_5_afternoon_social,view,0.0
U006,D103,sunny,26.1,evening,22,1,recovery,sunny_26_evening_recovery,view,0.0
U217,D079,snowy,0.3,morning,7,0,business,snowy_0_morning_business,view,0.0
U241,D050,snowy,-2.1,afternoon,16,2,casual,snowy_-2_afternoon_casual,rate,4.3
U314,D023,cloudy,18.2,afternoon,17,1,business,cloudy_18_afternoon_business,view,0.0
U271,D087,snowy,-3.6,morning,8,5,social,snowy_-4_morning_social,view,0.0
U472,D113,stormy,18.3,morning,8,5,casual,stormy_18_morning_casual,view,0.0
U395,D060,snowy,-4.2,evening,22,6,business,snowy_-4_evening_business,view,0.0
U260,D025,stormy,14.5,evening,23,3,casual,stormy_15_evening_casual,view,0.0
U094,D040,cloudy,15.0,morning,10,0,pairing,cloudy_15_morning_pairing,view,0.0
U469,D095,stormy,12.8,evening,22,2,casual,stormy_13_evening_casual,view,0.0
U456,D059,cloudy,19.1,evening,19,6,pairing,cloudy_19_evening_pairing,view,0.0
U234,D058,rainy,9.4,evening,20,2,business,rainy_9_evening_business,view,0.0
U103,D116,snowy,-2.5,morning,7,2,casual,snowy_-2_morning_casual,view,0.0
U460,D061,sunny,23.4,evening,18,0,pairing,sunny_23_evening_pairing,view,0.0
U104,D108,cloudy,10.4,afternoon,12,0,recovery,cloudy_10_afternoon_recovery,view,0.0
U432,D010,cloudy,19.1,evening,19,6,pairing,cloudy_19_evening_pairing,view,0.0
U483,D089,rainy,7.0,afternoon,16,2,social,rainy_7_afternoon_social,purchase,1.0
U393,D049,rainy,14.4,morning,11,1,recovery,rainy_14_morning_recovery,view,0.0
U352,D029,cloudy,16.7,morning,8,4,business,cloudy_17_morning_business,purchase,1.0
U343,D063,sunny,23.4,evening,18,0,pairing,sunny_23_evening_pairing,view,0.0
U036,D117,stormy,16.3,morning,11,5,pairing,stormy_16_morning_pairing,view,0.0
U015,D078,snowy,-2.5,morning,7,2,casual,snowy_-2_morning_casual,view,0.0
U414,D027,cloudy,18.7,morning,8,3,business,cloudy_19_morning_business,view,0.0
U045,D111,stormy,18.3,morning,8,5,casual,stormy_18_morning_casual,view,0.0
U492,D090,sunny,21.0,morning,10,2,recovery,sunny_21_morning_recovery,view,0.0
U239,D065,sunny,26.0,afternoon,12,1,casual,sunny_26_afternoon_casual,view,0.0
U214,D115,rainy,12.4,evening,23,1,recovery,rainy_12_evening_recovery,view,0.0
U173,D105,stormy,16.3,morning,11,5,pairing,stormy_16_morning_pairing,view,0.0
U434,D002,sunny,23.4,evening,18,0,pairing,sunny_23_evening_pairing,view,0.0
U331,D033,snowy,-2.1,afternoon,16,2,casual,snowy_-2_afternoon_casual,view,0.0
U351,D026,cloudy,13.9,afternoon,12,5,casual,cloudy_14_afternoon_casual,view,0.0
U433,D080,cloudy,14.6,morning,8,4,pairing,cloudy_15_morning_pairing,view,0.0
U322,D037,rainy,10.1,morning,9,5,business,rainy_10_morning_business,view,0.0
U364,D007,cloudy,18.2,afternoon,17,1,business,cloudy_18_afternoon_business,view,0.0
U172,D081,rainy,12.0,evening,18,0,social,rainy_12_evening_social,rate,2.4
U188,D096,snowy,-3.6,morning,8,5,social,snowy_-4_morning_social,view,0.0
U456,D110,sunny,23.4,evening,18,0,pairing,sunny_23_evening_pairing,view,0.0
U069,D028,snowy,-4.5,afternoon,13,4,social,snowy_-5_afternoon_social,view,0.0
U234,D031,stormy,16.3,morning,11,5,pairing,stormy_16_morning_pairing,view,0.0
U497,D054,rainy,14.4,morning,11,1,recovery,rainy_14_morning_recovery,view,0.0
U298,D023,cloudy,14.1,evening,23,6,business,cloudy_14_evening_business,view,0.0
U089,D054,sunny,22.3,morning,11,4,pairing,sunny_22_morning_pairing,view,0.0
U229,D011,cloudy,16.7,morning,8,4,business,cloudy_17_morning_business,view,0.0
U473,D117,sunny,21.0,morning,10,2,recovery,sunny_21_morning_recovery,view,0.0
U020,D016,cloudy,11.9,morning,7,1,social,cloudy_12_morning_social,view,0.0
U050,D090,stormy,16.3,morning,11,5,pairing,stormy_16_morning_pairing,view,0.0
U369,D074,rainy,12.4,evening,23,1,recovery,rainy_12_evening_recovery,view,0.0
U283,D008,cloudy,17.3,afternoon,15,3,recovery,cloudy_17_afternoon_recovery,view,0.0
U344,D067,stormy,15.1,morning,10,6,social,stormy_15_morning_social,view,0.0
U205,D052,stormy,18.3,morning,8,5,casual,stormy_18_morning_casual,view,0.0
U110,D046,snowy,0.6,afternoon,14,0,pairing,snowy_1_afternoon_pairing,view,0.0
U386,D064,snowy,4.5,afternoon,16,4,social,snowy_5_afternoon_social,view,0.0
U352,D079,snowy,-3.2,morning,9,1,business,snowy_-3_morning_business,view,0.0
U093,D055,sunny,26.0,afternoon,12,1,casual,sunny_26_afternoon_casual,view,0.0
U142,D083,stormy,16.2,afternoon,17,0,casual,stormy_16_afternoon_casual,rate,2.7
U329,D071,snowy,-2.1,afternoon,16,2,casual,snowy_-2_afternoon_casual,view,0.0
U372,D010,sunny,26.0,afternoon,12,1,casual,sunny_26_afternoon_casual,view,0.0
U301,D008,cloudy,14.6,morning,8,4,pairing,cloudy_15_morning_pairing,view,0.0
U328,D021,rainy,9.4,evening,20,2,business,rainy_9_evening_business,view,0.0
U396,D075,snowy,0.6,afternoon,14,0,pairing,snowy_1_afternoon_pairing,view,0.0
U132,D034,cloudy,19.1,evening,19,6,pairing,cloudy_19_evening_pairing,view,0.0
U259,D092,rainy,14.4,morning,11,1,recovery,rainy_14_morning_recovery,view,0.0
U460,D024,rainy,9.4,evening,20,2,business,rainy_9_evening_business,view,0.0
U286,D070,cloudy,18.7,morning,8,3,business,cloudy_19_morning_business,view,0.0
U082,D016,cloudy,17.3,afternoon,15,3,recovery,cloudy_17_afternoon_recovery,view,0.0
U092,D096,cloudy,10.4,afternoon,12,0,recovery,cloudy_10_afternoon_recovery,view,0.0
U008,D036,snowy,0.6,afternoon,14,1,social,snowy_1_afternoon_social,view,0.0
U179,D001,rainy,14.4,morning,11,1,recovery,rainy_14_morning_recovery,view,0.0
U424,D003,sunny,26.0,afternoon,12,1,casual,sunny_26_afternoon_casual,view,0.0
U416,D067,rainy,14.4,morning,11,1,recovery,rainy_14_morning_recovery,view,0.0
U282,D002,rainy,7.0,afternoon,16,2,social,rainy_7_afternoon_social,view,0.0
U342,D003,snowy,-2.5,morning,7,2,casual,snowy_-2_morning_casual,view,0.0
U038,D033,snowy,-4.5,afternoon,13,4,social,snowy_-5_afternoon_social,view,0.0
U100,D014,rainy,7.0,afternoon,16,2,social,rainy_7_afternoon_social,view,0.0
U428,D118,rainy,11.5,morning,10,0,casual,rainy_12_morning_casual,view,0.0
U227,D117,sunny,33.7,afternoon,14,3,celebration,sunny_34_afternoon_celebration,view,0.0
U187,D113,cloudy,19.7,afternoon,12,3,casual,cloudy_20_afternoon_casual,view,0.0
U264,D031,stormy,18.3,morning,8,5,casual,stormy_18_morning_casual,view,0.0
U113,D020,cloudy,18.2,afternoon,17,1,business,cloudy_18_afternoon_business,view,0.0
U461,D039,cloudy,19.7,afternoon,12,3,casual,cloudy_20_afternoon_casual,view,0.0
U328,D106,cloudy,19.7,afternoon,12,3,casual,cloudy_20_afternoon_casual,view,0.0
U267,D016,rainy,11.5,morning,10,0,casual,rainy_12_morning_casual,rate,1.4
U052,D037,snowy,0.6,afternoon,14,1,social,snowy_1_afternoon_social,view,0.0
U095,D106,cloudy,14.6,morning,8,4,pairing,cloudy_15_morning_pairing,view,0.0
U232,D076,cloudy,13.9,afternoon,12,5,casual,cloudy_14_afternoon_casual,view,0.0
U221,D041,stormy,18.3,morning,8,5,casual,stormy_18_morning_casual,purchase,1.0
U343,D081,rainy,12.4,evening,23,1,recovery,rainy_12_evening_recovery,rate,1.4
U077,D038,snowy,-3.6,morning,8,5,social,snowy_-4_morning_social,view,0.0
U455,D054,snowy,-3.6,morning,8,5,social,snowy_-4_morning_social,view,0.0
U464,D004,sunny,23.4,evening,18,0,pairing,sunny_23_evening_pairing,view,0.0
U027,D059,snowy,4.5,afternoon,16,4,social,snowy_5_afternoon_social,rate,3.5
U236,D075,snowy,0.6,afternoon,14,1,social,snowy_1_afternoon_social,view,0.0
U142,D094,sunny,30.7,afternoon,15,3,social,sunny_31_afternoon_social,view,0.0
U176,D103,cloudy,12.4,evening,18,6,pairing,cloudy_12_evening_pairing,view,0.0
U090,D070,snowy,-1.7,morning,9,2,celebration,snowy_-2_morning_celebration,view,0.0
U051,D038,rainy,8.4,evening,21,1,casual,rainy_8_evening_casual,view,0.0
U009,D087,cloudy,13.9,afternoon,12,5,casual,cloudy_14_afternoon_casual,view,0.0
U179,D022,snowy,0.3,morning,7,0,business,snowy_0_morning_business,view,0.0
U072,D118,rainy,14.4,morning,11,1,recovery,rainy_14_morning_recovery,view,0.0
U238,D082,sunny,21.6,afternoon,17,3,recovery,sunny_22_afternoon_recovery,view,0.0
U325,D058,cloudy,19.7,afternoon,12,3,casual,cloudy_20_afternoon_casual,view,0.0
U072,D091,rainy,11.5,morning,10,0,casual,rainy_12_morning_casual,view,0.0
U237,D102,rainy,11.5,morning,10,0,casual,rainy_12_morning_casual,purchase,1.0
U170,D016,cloudy,16.7,morning,8,4,business,cloudy_17_morning_business,view,0.0
U431,D067,snowy,-3.6,morning,8,5,social,snowy_-4_morning_social,view,0.0
U367,D011,snowy,-1.7,morning,9,2,celebration,snowy_-2_morning_celebration,rate,3.9
U192,D046,sunny,21.6,afternoon,17,3,recovery,sunny_22_afternoon_recovery,rate,2.9
U482,D051,rainy,11.5,morning,10,0,casual,rainy_12_morning_casual,view,0.0
U447,D053,cloudy,10.4,afternoon,12,0,recovery,cloudy_10_afternoon_recovery,view,0.0
U160,D050,stormy,14.5,evening,23,3,casual,stormy_15_evening_casual,view,0.0
U169,D099,cloudy,17.3,afternoon,15,3,recovery,cloudy_17_afternoon_recovery,view,0.0
U026,D120,snowy,4.5,afternoon,16,4,social,snowy_5_afternoon_social,view,0.0
U411,D050,sunny,29.6,afternoon,16,0,recovery,sunny_30_afternoon_recovery,view,0.0
U321,D010,sunny,23.4,evening,18,0,pairing,sunny_23_evening_pairing,purchase,1.0
U037,D069,sunny,22.3,morning,11,4,pairing,sunny_22_morning_pairing,view,0.0
U461,D045,sunny,30.7,afternoon,15,3,social,sunny_31_afternoon_social,view,0.0
U497,D084,stormy,14.5,evening,23,3,casual,stormy_15_evening_casual,view,0.0
U096,D108,cloudy,10.4,afternoon,12,0,recovery,cloudy_10_afternoon_recovery,view,0.0
U014,D062,cloudy,19.7,afternoon,12,3,casual,cloudy_20_afternoon_casual,rate,3.4
U324,D114,snowy,-4.2,evening,22,6,business,snowy_-4_evening_business,view,0.0
U304,D067,cloudy,10.4,afternoon,12,0,recovery,cloudy_10_afternoon_recovery,view,0.0
U152,D009,stormy,14.5,evening,23,3,casual,stormy_15_evening_casual,view,0.0
U249,D059,stormy,10.7,afternoon,12,0,casual,stormy_11_afternoon_casual,rate,1.4
U357,D008,snowy,-1.7,morning,9,2,celebration,snowy_-2_morning_celebration,view,0.0
U329,D042,stormy,14.5,evening,23,3,casual,stormy_15_evening_casual,view,0.0
U338,D087,stormy,16.2,afternoon,17,0,casual,stormy_16_afternoon_casual,view,0.0
U225,D066,snowy,-1.7,morning,9,2,celebration,snowy_-2_morning_celebration,view,0.0
U412,D024,sunny,21.0,morning,10,2,recovery,sunny_21_morning_recovery,view,0.0
U306,D092,snowy,0.6,afternoon,14,0,pairing,snowy_1_afternoon_pairing,rate,4.2
U144,D076,cloudy,16.7,morning,8,4,business,cloudy_17_morning_business,view,0.0
U447,D056,rainy,12.0,evening,18,0,social,rainy_12_evening_social,view,0.0
U028,D106,sunny,21.6,afternoon,17,3,recovery,sunny_22_afternoon_recovery,view,0.0
U378,D089,snowy,-4.2,evening,22,6,business,snowy_-4_evening_business,view,0.0
U367,D042,snowy,-2.5,morning,7,2,casual,snowy_-2_morning_casual,view,0.0
U050,D086,stormy,16.2,afternoon,17,0,casual,stormy_16_afternoon_casual,view,0.0
U288,D067,snowy,-4.5,afternoon,13,4,social,snowy_-5_afternoon_social,view,0.0
U244,D091,cloudy,13.9,afternoon,12,5,casual,cloudy_14_afternoon_casual,view,0.0
U412,D062,cloudy,16.7,morning,8,4,business,cloudy_17_morning_business,view,0.0
U282,D063,snowy,-2.1,afternoon,16,2,casual,snowy_-2_afternoon_casual,view,0.0
U318,D116,rainy,14.4,morning,11,1,recovery,rainy_14_morning_recovery,view,0.0
U063,D069,cloudy,14.1,evening,23,6,business,cloudy_14_evening_business,view,0.0
U307,D012,sunny,23.4,evening,18,0,pairing,sunny_23_evening_pairing,view,0.0
U265,D007,sunny,21.6,afternoon,17,3,recovery,sunny_22_afternoon_recovery,view,0.0
U468,D112,cloudy,15.0,morning,10,0,pairing,cloudy_15_morning_pairing,view,0.0
U406,D100,sunny,26.0,afternoon,12,1,casual,sunny_26_afternoon_casual,view,0.0
U296,D113,cloudy,10.4,afternoon,12,0,recovery,cloudy_10_afternoon_recovery,rate,1.7
U452,D106,snowy,0.6,afternoon,14,0,pairing,snowy_1_afternoon_pairing,rate,4.3
U379,D042,stormy,16.2,afternoon,17,0,casual,stormy_16_afternoon_casual,view,0.0
U035,D108,cloudy,12.4,evening,18,6,pairing,cloudy_12_evening_pairing,view,0.0
U226,D043,cloudy,15.0,morning,10,0,pairing,cloudy_15_morning_pairing,rate,4.6
U095,D077,cloudy,14.1,evening,23,6,business,cloudy_14_evening_business,view,0.0
U266,D023,rainy,9.4,evening,20,2,business,rainy_9_evening_business,view,0.0
U248,D029,cloudy,13.9,afternoon,12,5,casual,cloudy_14_afternoon_casual,view,0.0
U103,D081,cloudy,16.7,morning,8,4,business,cloudy_17_morning_business,view,0.0
U214,D032,sunny,30.7,afternoon,15,3,social,sunny_31_afternoon_social,view,0.0
U145,D032,cloudy,19.5,morning,10,1,celebration,cloudy_19_morning_celebration,view,0.0
U317,D025,cloudy,11.9,morning,7,1,social,cloudy_12_morning_social,view,0.0
U091,D014,snowy,-1.7,morning,9,2,celebration,snowy_-2_morning_celebration,view,0.0
U258,D081,snowy,4.5,afternoon,16,4,social,snowy_5_afternoon_social,view,0.0
U467,D064,rainy,10.1,morning,9,5,business,rainy_10_morning_business,view,0.0
U338,D116,rainy,10.1,morning,9,5,business,rainy_10_morning_business,view,0.0
U216,D069,rainy,12.0,evening,18,0,social,rainy_12_evening_social,view,0.0
U141,D080,snowy,-4.5,afternoon,13,4,social,snowy_-5_afternoon_social,view,0.0
U149,D030,cloudy,19.1,evening,19,6,pairing,cloudy_19_evening_pairing,view,0.0
U333,D032,snowy,0.6,afternoon,14,0,pairing,snowy_1_afternoon_pairing,view,0.0
U091,D098,cloudy,14.1,evening,23,6,business,cloudy_14_evening_business,view,0.0
U004,D018,cloudy,17.3,afternoon,15,3,recovery,cloudy_17_afternoon_recovery,view,0.0
U364,D058,cloudy,12.4,evening,18,6,pairing,cloudy_12_evening_pairing,view,0.0
U090,D056,sunny,33.7,afternoon,14,3,celebration,sunny_34_afternoon_celebration,view,0.0
U162,D113,cloudy,19.1,evening,19,6,pairing,cloudy_19_evening_pairing,view,0.0
U094,D022,stormy,16.2,afternoon,17,0,casual,stormy_16_afternoon_casual,view,0.0
U114,D009,cloudy,19.7,afternoon,12,3,casual,cloudy_20_afternoon_casual,view,0.0
U321,D098,sunny,22.3,morning,11,4,pairing,sunny_22_morning_pairing,view,0.0
U218,D018,rainy,12.0,evening,18,0,social,rainy_12_evening_social,view,0.0
U420,D090,rainy,7.0,afternoon,16,2,social,rainy_7_afternoon_social,view,0.0
U261,D029,rainy,14.4,morning,11,1,recovery,rainy_14_morning_recovery,view,0.0
U214,D049,stormy,14.5,evening,23,3,casual,stormy_15_evening_casual,view,0.0
U136,D052,stormy,16.2,afternoon,17,0,casual,stormy_16_afternoon_casual,view,0.0
U422,D005,sunny,21.0,morning,10,2,recovery,sunny_21_morning_recovery,view,0.0
U342,D018,rainy,14.4,morning,11,1,recovery,rainy_14_morning_recovery,view,0.0
U127,D015,cloudy,18.2,afternoon,17,1,business,cloudy_18_afternoon_business,view,0.0
U048,D046,rainy,8.4,evening,21,1,casual,rainy_8_evening_casual,view,0.0
U120,D004,stormy,18.3,morning,8,5,casual,stormy_18_morning_casual,view,0.0
U275,D091,stormy,16.3,morning,11,5,pairing,stormy_16_morning_pairing,view,0.0
U261,D048,cloudy,10.4,afternoon,12,0,recovery,cloudy_10_afternoon_recovery,view,0.0
U074,D088,sunny,21.6,afternoon,17,3,recovery,sunny_22_afternoon_recovery,view,0.0
U428,D087,rainy,8.4,evening,21,1,casual,rainy_8_evening_casual,view,0.0
U329,D108,snowy,-3.6,morning,8,5,social,snowy_-4_morning_social,view,0.0
U198,D059,cloudy,18.2,afternoon,17,1,business,cloudy_18_afternoon_business,view,0.0
U217,D103,rainy,14.4,morning,11,1,recovery,rainy_14_morning_recovery,rate,2.2
U209,D073,snowy,0.6,afternoon,14,1,social,snowy_1_afternoon_social,rate,3.9
U084,D081,rainy,12.4,evening,23,1,recovery,rainy_12_evening_recovery,rate,2.3
U146,D018,snowy,0.6,afternoon,14,1,social,snowy_1_afternoon_social,view,0.0
U314,D079,cloudy,13.9,afternoon,12,5,casual,cloudy_14_afternoon_casual,view,0.0
U445,D105,cloudy,12.4,evening,18,6,pairing,cloudy_12_evening_pairing,view,0.0
U479,D017,cloudy,17.3,afternoon,15,3,recovery,cloudy_17_afternoon_recovery,view,0.0
U170,D042,cloudy,18.2,afternoon,17,1,business,cloudy_18_afternoon_business,view,0.0
U415,D115,sunny,21.6,afternoon,17,3,recovery,sunny_22_afternoon_recovery,view,0.0
U257,D080,cloudy,18.2,afternoon,17,1,business,cloudy_18_afternoon_business,view,0.0
U456,D047,snowy,-3.2,morning,9,1,business,snowy_-3_morning_business,view,0.0
U431,D043,sunny,30.7,afternoon,15,3,social,sunny_31_afternoon_social,view,0.0
U075,D105,stormy,15.1,morning,10,6,social,stormy_15_morning_social,view,0.0
U015,D048,snowy,-3.6,morning,8,5,social,snowy_-4_morning_social,view,0.0
U089,D097,rainy,10.1,morning,9,5,business,rainy_10_morning_business,view,0.0
U459,D003,snowy,0.6,afternoon,14,1,social,snowy_1_afternoon_social,view,0.0
U375,D080,stormy,18.3,morning,8,5,casual,stormy_18_morning_casual,view,0.0
U177,D003,cloudy,19.5,morning,10,1,celebration,cloudy_19_morning_celebration,view,0.0
U111,D106,stormy,14.5,evening,23,3,casual,stormy_15_evening_casual,purchase,1.0
U040,D066,cloudy,19.1,evening,19,6,pairing,cloudy_19_evening_pairing,view,0.0
U281,D007,cloudy,11.9,morning,7,1,social,cloudy_12_morning_social,view,0.0
U123,D081,cloudy,15.0,morning,10,0,pairing,cloudy_15_morning_pairing,view,0.0
U428,D100,cloudy,18.7,morning,8,3,business,cloudy_19_morning_business,view,0.0
U387,D094,snowy,4.5,afternoon,16,4,social,snowy_5_afternoon_social,rate,3.7
U183,D057,stormy,12.8,evening,22,2,casual,stormy_13_evening_casual,view,0.0
U464,D062,cloudy,18.2,afternoon,17,1,business,cloudy_18_afternoon_business,view,0.0
U436,D001,rainy,10.1,morning,9,5,business,rainy_10_morning_business,rate,1.4
U034,D102,stormy,15.1,morning,10,6,social,stormy_15_morning_social,view,0.0
U168,D035,snowy,-1.7,morning,9,2,celebration,snowy_-2_morning_celebration,view,0.0
U316,D009,sunny,22.3,morning,11,4,pairing,sunny_22_morning_pairing,view,0.0
U493,D033,cloudy,18.7,morning,8,3,business,cloudy_19_morning_business,rate,3.3
U272,D047,stormy,15.1,morning,10,6,social,stormy_15_morning_social,view,0.0
U406,D106,snowy,-4.2,evening,22,6,business,snowy_-4_evening_business,view,0.0
U286,D074,snowy,-4.5,afternoon,13,4,social,snowy_-5_afternoon_social,view,0.0
U194,D040,snowy,-4.5,afternoon,13,4,social,snowy_-5_afternoon_social,view,0.0
U210,D005,cloudy,10.4,afternoon,12,0,recovery,cloudy_10_afternoon_recovery,view,0.0
U499,D046,cloudy,19.1,evening,19,6,pairing,cloudy_19_evening_pairing,view,0.0
U266,D054,cloudy,17.3,afternoon,15,3,recovery,cloudy_17_afternoon_recovery,view,0.0
U032,D043,snowy,-4.5,afternoon,13,4,social,snowy_-5_afternoon_social,rate,1.9
U115,D081,sunny,33.7,afternoon,14,3,celebration,sunny_34_afternoon_celebration,rate,1.1
U401,D120,stormy,15.1,morning,10,6,social,stormy_15_morning_social,view,0.0
U064,D076,cloudy,16.7,morning,8,4,business,cloudy_17_morning_business,view,0.0
U293,D078,sunny,30.7,afternoon,15,3,social,sunny_31_afternoon_social,view,0.0
U224,D028,cloudy,15.0,morning,10,0,pairing,cloudy_15_morning_pairing,view,0.0
U201,D067,cloudy,10.4,afternoon,12,0,recovery,cloudy_10_afternoon_recovery,view,0.0
U460,D093,snowy,-3.6,morning,8,5,social,snowy_-4_morning_social,view,0.0
U087,D087,snowy,-2.1,afternoon,16,2,casual,snowy_-2_afternoon_casual,rate,4.0
U476,D082,rainy,12.4,evening,23,1,recovery,rainy_12_evening_recovery,view,0.0
U488,D108,snowy,-3.2,morning,9,1,business,snowy_-3_morning_business,rate,2.4
U168,D028,rainy,12.4,evening,23,1,recovery,rainy_12_evening_recovery,view,0.0
U191,D098,cloudy,19.1,evening,19,6,pairing,cloudy_19_evening_pairing,view,0.0
U340,D028,stormy,14.5,evening,23,3,casual,stormy_15_evening_casual,view,0.0
U089,D053,cloudy,13.9,afternoon,12,5,casual,cloudy_14_afternoon_casual,view,0.0
U350,D098,cloudy,10.4,afternoon,12,0,recovery,cloudy_10_afternoon_recovery,view,0.0
U152,D038,cloudy,11.9,morning,7,1,social,cloudy_12_morning_social,view,0.0
U484,D051,cloudy,14.6,morning,8,4,pairing,cloudy_15_morning_pairing,view,0.0
U046,D090,rainy,10.1,morning,9,5,business,rainy_10_morning_business,view,0.0
U024,D007,snowy,0.6,afternoon,14,0,pairing,snowy_1_afternoon_pairing,view,0.0
U335,D049,snowy,-3.6,morning,8,5,social,snowy_-4_morning_social,view,0.0
U263,D080,sunny,21.0,morning,10,2,recovery,sunny_21_morning_recovery,view,0.0
U477,D024,rainy,9.4,evening,20,2,business,rainy_9_evening_business,view,0.0
U338,D118,stormy,16.2,afternoon,17,0,casual,stormy_16_afternoon_casual,purchase,1.0
U327,D089,rainy,10.1,morning,9,5,business,rainy_10_morning_business,view,0.0
U164,D035,sunny,26.0,afternoon,12,1,casual,sunny_26_afternoon_casual,view,0.0
U335,D011,sunny,30.7,afternoon,15,3,social,sunny_31_afternoon_social,view,0.0
U435,D017,cloudy,17.3,afternoon,15,3,recovery,cloudy_17_afternoon_recovery,view,0.0
U335,D118,cloudy,15.0,morning,10,0,pairing,cloudy_15_morning_pairing,view,0.0
U028,D079,snowy,-3.2,morning,9,1,business,snowy_-3_morning_business,rate,4.6
U364,D088,rainy,11.5,morning,10,0,casual,rainy_12_morning_casual,rate,4.9
U206,D080,rainy,11.5,morning,10,0,casual,rainy_12_morning_casual,view,0.0
U090,D104,cloudy,19.5,morning,10,1,celebration,cloudy_19_morning_celebration,view,0.0
U274,D094,cloudy,15.0,morning,10,0,pairing,cloudy_15_morning_pairing,view,0.0
U140,D058,rainy,12.4,evening,23,1,recovery,rainy_12_evening_recovery,view,0.0
U221,D093,sunny,29.6,afternoon,16,0,recovery,sunny_30_afternoon_recovery,view,0.0
U463,D047,snowy,-3.2,morning,9,1,business,snowy_-3_morning_business,view,0.0
U275,D012,cloudy,19.1,evening,19,6,pairing,cloudy_19_evening_pairing,view,0.0
U410,D117,rainy,13.9,evening,20,3,recovery,rainy_14_evening_recovery,view,0.0
U151,D011,cloudy,11.9,morning,7,1,social,cloudy_12_morning_social,view,0.0
U384,D103,snowy,0.6,afternoon,14,0,pairing,snowy_1_afternoon_pairing,view,0.0
U430,D047,sunny,23.4,evening,18,0,pairing,sunny_23_evening_pairing,view,0.0
U208,D069,snowy,-2.5,morning,7,2,casual,snowy_-2_morning_casual,view,0.0
U077,D093,cloudy,12.4,evening,18,6,pairing,cloudy_12_evening_pairing,view,0.0
U037,D102,sunny,21.6,afternoon,17,3,recovery,sunny_22_afternoon_recovery,view,0.0
U251,D098,cloudy,13.9,afternoon,12,5,casual,cloudy_14_afternoon_casual,view,0.0
U110,D089,rainy,14.4,morning,11,1,recovery,rainy_14_morning_recovery,view,0.0
U434,D044,snowy,0.6,afternoon,14,1,social,snowy_1_afternoon_social,view,0.0
U475,D027,snowy,-2.1,afternoon,16,2,casual,snowy_-2_afternoon_casual,view,0.0
U059,D110,sunny,23.4,evening,18,0,pairing,sunny_23_evening_pairing,rate,2.0
U082,D016,cloudy,18.7,morning,8,3,business,cloudy_19_morning_business,view,0.0
U486,D089,sunny,26.0,afternoon,12,1,casual,sunny_26_afternoon_casual,view,0.0
U003,D060,snowy,-2.5,morning,7,2,casual,snowy_-2_morning_casual,view,0.0
U075,D070,cloudy,19.5,morning,10,1,celebration,cloudy_19_morning_celebration,view,0.0
U411,D069,stormy,15.1,morning,10,6,social,stormy_15_morning_social,view,0.0
U273,D118,snowy,-2.5,morning,7,2,casual,snowy_-2_morning_casual,view,0.0
U461,D078,cloudy,13.9,afternoon,12,5,casual,cloudy_14_afternoon_casual,view,0.0
U048,D057,cloudy,19.7,afternoon,12,3,casual,cloudy_20_afternoon_casual,view,0.0
U015,D082,snowy,0.6,afternoon,14,0,pairing,snowy_1_afternoon_pairing,view,0.0
U173,D097,cloudy,18.2,afternoon,17,1,business,cloudy_18_afternoon_business,view,0.0
U203,D011,snowy,0.6,afternoon,14,0,pairing,snowy_1_afternoon_pairing,view,0.0
U323,D025,stormy,10.7,afternoon,12,0,casual,stormy_11_afternoon_casual,view,0.0
U221,D110,stormy,15.1,morning,10,6,social,stormy_15_morning_social,view,0.0
U265,D040,stormy,18.3,morning,8,5,casual,stormy_18_morning_casual,view,0.0
U118,D066,cloudy,13.9,afternoon,12,5,casual,cloudy_14_afternoon_casual,rate,3.3
U461,D118,cloudy,10.4,afternoon,12,0,recovery,cloudy_10_afternoon_recovery,view,0.0
U421,D044,cloudy,17.3,afternoon,15,3,recovery,cloudy_17_afternoon_recovery,view,0.0
U374,D014,stormy,14.5,evening,23,3,casual,stormy_15_evening_casual,view,0.0
U232,D039,cloudy,18.7,morning,8,3,business,cloudy_19_morning_business,view,0.0
U319,D026,rainy,13.9,evening,20,3,recovery,rainy_14_evening_recovery,view,0.0
U117,D058,rainy,10.1,morning,9,5,business,rainy_10_morning_business,view,0.0
U295,D031,sunny,29.6,afternoon,16,0,recovery,sunny_30_afternoon_recovery,view,0.0
U368,D051,snowy,-4.5,afternoon,13,4,social,snowy_-5_afternoon_social,view,0.0
U038,D105,snowy,-4.5,afternoon,13,4,social,snowy_-5_afternoon_social,view,0.0
U346,D072,snowy,-2.1,afternoon,16,2,casual,snowy_-2_afternoon_casual,view,0.0
U367,D067,snowy,4.5,afternoon,16,4,social,snowy_5_afternoon_social,view,0.0
U192,D061,cloudy,15.0,morning,10,0,pairing,cloudy_15_morning_pairing,rate,3.5
U489,D008,cloudy,10.4,afternoon,12,0,recovery,cloudy_10_afternoon_recovery,view,0.0
U386,D042,cloudy,18.2,afternoon,17,1,business,cloudy_18_afternoon_business,view,0.0
U174,D112,cloudy,18.2,afternoon,17,1,business,cloudy_18_afternoon_business,view,0.0
U289,D116,cloudy,15.0,morning,10,0,pairing,cloudy_15_morning_pairing,view,0.0
U120,D082,snowy,-3.6,morning,8,5,social,snowy_-4_morning_social,view,0.0
U433,D055,rainy,12.4,evening,23,1,recovery,rainy_12_evening_recovery,view,0.0
U031,D081,sunny,21.0,morning,10,2,recovery,sunny_21_morning_recovery,view,0.0
U352,D001,snowy,0.6,afternoon,14,0,pairing,snowy_1_afternoon_pairing,view,0.0
U193,D066,snowy,0.3,morning,7,0,business,snowy_0_morning_business,view,0.0
U347,D084,snowy,0.3,morning,7,0,business,snowy_0_morning_business,view,0.0
U106,D037,snowy,-2.5,morning,7,2,casual,snowy_-2_morning_casual,view,0.0
U143,D114,rainy,8.4,evening,21,1,casual,rainy_8_evening_casual,view,0.0
U260,D107,snowy,-4.2,evening,22,6,business,snowy_-4_evening_business,view,0.0
U361,D015,stormy,15.1,morning,10,6,social,stormy_15_morning_social,view,0.0
U454,D082,sunny,29.6,afternoon,16,0,recovery,sunny_30_afternoon_recovery,view,0.0
U422,D028,snowy,-4.5,afternoon,13,4,social,snowy_-5_afternoon_social,view,0.0
U448,D004,stormy,10.7,afternoon,12,0,casual,stormy_11_afternoon_casual,view,0.0
U140,D069,cloudy,14.6,morning,8,4,pairing,cloudy_15_morning_pairing,view,0.0
U407,D002,cloudy,13.9,afternoon,12,5,casual,cloudy_14_afternoon_casual,view,0.0
U237,D037,stormy,16.2,afternoon,17,0,casual,stormy_16_afternoon_casual,view,0.0
U428,D108,snowy,-4.2,evening,22,6,business,snowy_-4_evening_business,view,0.0
U074,D051,rainy,12.0,evening,18,0,social,rainy_12_evening_social,view,0.0
U356,D041,stormy,16.2,afternoon,17,0,casual,stormy_16_afternoon_casual,view,0.0
U403,D032,cloudy,19.1,evening,19,6,pairing,cloudy_19_evening_pairing,rate,1.9
U476,D048,snowy,-4.2,evening,22,6,business,snowy_-4_evening_business,view,0.0
U011,D110,cloudy,16.7,morning,8,4,business,cloudy_17_morning_business,view,0.0
U192,D012,sunny,21.0,morning,10,2,recovery,sunny_21_morning_recovery,purchase,1.0
U344,D094,stormy,14.5,evening,23,3,casual,stormy_15_evening_casual,view,0.0
U433,D098,cloudy,19.1,evening,19,6,pairing,cloudy_19_evening_pairing,view,0.0
U372,D058,sunny,30.7,afternoon,15,3,social,sunny_31_afternoon_social,view,0.0
U445,D111,rainy,11.5,morning,10,0,casual,rainy_12_morning_casual,view,0.0
U095,D078,snowy,4.5,afternoon,16,4,social,snowy_5_afternoon_social,view,0.0
U261,D095,sunny,23.4,evening,18,0,pairing,sunny_23_evening_pairing,view,0.0
U190,D001,snowy,-3.6,morning,8,5,social,snowy_-4_morning_social,view,0.0
U299,D112,cloudy,19.7,afternoon,12,3,casual,cloudy_20_afternoon_casual,view,0.0
U042,D108,cloudy,13.9,afternoon,12,5,casual,cloudy_14_afternoon_casual,view,0.0
U472,D109,snowy,-4.2,evening,22,6,business,snowy_-4_evening_business,purchase,1.0
U125,D006,rainy,13.9,evening,20,3,recovery,rainy_14_evening_recovery,view,0.0
U058,D043,rainy,13.9,evening,20,3,recovery,rainy_14_evening_recovery,view,0.0
U111,D039,rainy,12.4,evening,23,1,recovery,rainy_12_evening_recovery,view,0.0
U011,D110,cloudy,18.7,morning,8,3,business,cloudy_19_morning_business,view,0.0
U233,D105,cloudy,15.0,morning,10,0,pairing,cloudy_15_morning_pairing,view,0.0
U051,D015,rainy,12.0,evening,18,0,social,rainy_12_evening_social,view,0.0
U056,D113,cloudy,14.1,evening,23,6,business,cloudy_14_evening_business,view,0.0
U175,D112,stormy,12.8,evening,22,2,casual,stormy_13_evening_casual,view,0.0
U473,D007,stormy,10.7,afternoon,12,0,casual,stormy_11_afternoon_casual,view,0.0
U386,D017,rainy,14.4,morning,11,1,recovery,rainy_14_morning_recovery,view,0.0
U328,D069,stormy,16.2,afternoon,17,0,casual,stormy_16_afternoon_casual,view,0.0
U091,D069,snowy,-3.6,morning,8,5,social,snowy_-4_morning_social,view,0.0
U257,D008,rainy,12.4,evening,23,1,recovery,rainy_12_evening_recovery,view,0.0
U498,D050,snowy,0.6,afternoon,14,0,pairing,snowy_1_afternoon_pairing,view,0.0
U369,D040,snowy,-4.5,afternoon,13,4,social,snowy_-5_afternoon_social,view,0.0
U074,D033,snowy,0.6,afternoon,14,1,social,snowy_1_afternoon_social,view,0.0
U377,D033,snowy,0.6,afternoon,14,1,social,snowy_1_afternoon_social,view,0.0
U352,D037,cloudy,17.3,afternoon,15,3,recovery,cloudy_17_afternoon_recovery,view,0.0
U316,D112,rainy,12.0,evening,18,0,social,rainy_12_evening_social,rate,2.4
U205,D060,rainy,14.4,morning,11,1,recovery,rainy_14_morning_recovery,view,0.0
U026,D024,snowy,0.6,afternoon,14,1,social,snowy_1_afternoon_social,view,0.0
U463,D024,sunny,23.4,evening,18,0,pairing,sunny_23_evening_pairing,view,0.0
U194,D041,stormy,12.8,evening,22,2,casual,stormy_13_evening_casual,view,0.0
U377,D039,cloudy,19.5,morning,10,1,celebration,cloudy_19_morning_celebration,view,0.0
U080,D110,sunny,26.0,afternoon,12,1,casual,sunny_26_afternoon_casual,view,0.0
U059,D026,cloudy,16.7,morning,8,4,business,cloudy_17_morning_business,view,0.0
U344,D110,stormy,16.3,morning,11,5,pairing,stormy_16_morning_pairing,view,0.0
U244,D011,snowy,0.6,afternoon,14,1,social,snowy_1_afternoon_social,view,0.0
U038,D115,snowy,-3.6,morning,8,5,social,snowy_-4_morning_social,view,0.0
U143,D047,stormy,16.2,afternoon,17,0,casual,stormy_16_afternoon_casual,view,0.0
U395,D119,rainy,9.4,evening,20,2,business,rainy_9_evening_business,view,0.0
U185,D052,cloudy,19.7,afternoon,12,3,casual,cloudy_20_afternoon_casual,view,0.0
U121,D081,sunny,26.0,afternoon,12,1,casual,sunny_26_afternoon_casual,rate,3.4
U440,D003,sunny,29.6,afternoon,16,0,recovery,sunny_30_afternoon_recovery,view,0.0
U472,D083,rainy,12.4,evening,23,1,recovery,rainy_12_evening_recovery,view,0.0
U283,D070,snowy,-1.7,morning,9,2,celebration,snowy_-2_morning_celebration,view,0.0
U125,D038,stormy,14.5,evening,23,3,casual,stormy_15_evening_casual,view,0.0
U401,D058,snowy,-1.7,morning,9,2,celebration,snowy_-2_morning_celebration,view,0.0
U340,D074,snowy,0.6,afternoon,14,1,social,snowy_1_afternoon_social,view,0.0
U105,D089,cloudy,10.4,afternoon,12,0,recovery,cloudy_10_afternoon_recovery,view,0.0
U158,D074,snowy,-4.2,evening,22,6,business,snowy_-4_evening_business,view,0.0
U171,D033,cloudy,19.5,morning,10,1,celebration,cloudy_19_morning_celebration,view,0.0
U380,D026,sunny,21.6,afternoon,17,3,recovery,sunny_22_afternoon_recovery,view,0.0
U256,D054,snowy,-4.2,evening,22,6,business,snowy_-4_evening_business,view,0.0
U384,D058,snowy,0.6,afternoon,14,0,pairing,snowy_1_afternoon_pairing,view,0.0
U282,D079,rainy,12.4,evening,23,1,recovery,rainy_12_evening_recovery,view,0.0
U379,D077,snowy,-4.2,evening,22,6,business,snowy_-4_evening_business,view,0.0
U167,D048,cloudy,10.4,afternoon,12,0,recovery,cloudy_10_afternoon_recovery,view,0.0
U149,D025,cloudy,10.4,afternoon,12,0,recovery,cloudy_10_afternoon_recovery,view,0.0
U409,D078,rainy,10.1,morning,9,5,business,rainy_10_morning_business,view,0.0
U030,D090,cloudy,18.2,afternoon,17,1,business,cloudy_18_afternoon_business,view,0.0
U359,D034,cloudy,10.4,afternoon,12,0,recovery,cloudy_10_afternoon_recovery,view,0.0
U221,D106,snowy,0.6,afternoon,14,1,social,snowy_1_afternoon_social,rate,2.4
U095,D010,rainy,11.5,morning,10,0,casual,rainy_12_morning_casual,view,0.0
U288,D116,stormy,18.3,morning,8,5,casual,stormy_18_morning_casual,view,0.0
U109,D092,rainy,14.4,morning,11,1,recovery,rainy_14_morning_recovery,view,0.0
U095,D093,rainy,9.4,evening,20,2,business,rainy_9_evening_business,view,0.0
U251,D047,stormy,15.1,morning,10,6,social,stormy_15_morning_social,view,0.0
U159,D031,cloudy,12.4,evening,18,6,pairing,cloudy_12_evening_pairing,view,0.0
U292,D049,sunny,23.4,evening,18,0,pairing,sunny_23_evening_pairing,view,0.0
U357,D109,sunny,26.0,afternoon,12,1,casual,sunny_26_afternoon_casual,view,0.0
U279,D099,rainy,14.4,morning,11,1,recovery,rainy_14_morning_recovery,view,0.0
U105,D042,rainy,12.4,evening,23,1,recovery,rainy_12_evening_recovery,view,0.0
U491,D053,stormy,16.3,morning,11,5,pairing,stormy_16_morning_pairing,view,0.0
U174,D110,cloudy,19.1,evening,19,6,pairing,cloudy_19_evening_pairing,view,0.0
U249,D115,cloudy,11.9,morning,7,1,social,cloudy_12_morning_social,view,0.0
U191,D017,cloudy,17.3,afternoon,15,3,recovery,cloudy_17_afternoon_recovery,view,0.0
U384,D017,cloudy,18.2,afternoon,17,1,business,cloudy_18_afternoon_business,view,0.0
U112,D053,snowy,0.6,afternoon,14,1,social,snowy_1_afternoon_social,view,0.0
U362,D026,rainy,12.4,evening,23,1,recovery,rainy_12_evening_recovery,view,0.0
U465,D080,cloudy,13.9,afternoon,12,5,casual,cloudy_14_afternoon_casual,view,0.0
U240,D120,snowy,-4.5,afternoon,13,4,social,snowy_-5_afternoon_social,view,0.0
U331,D069,stormy,18.3,morning,8,5,casual,stormy_18_morning_casual,rate,1.4
U128,D017,sunny,23.4,evening,18,0,pairing,sunny_23_evening_pairing,rate,4.2
U407,D025,cloudy,11.9,morning,7,1,social,cloudy_12_morning_social,view,0.0
U368,D065,rainy,7.0,afternoon,16,2,social,rainy_7_afternoon_social,view,0.0
U032,D089,rainy,13.9,evening,20,3,recovery,rainy_14_evening_recovery,view,0.0
U193,D032,rainy,11.5,morning,10,0,casual,rainy_12_morning_casual,view,0.0
U115,D082,cloudy,13.9,afternoon,12,5,casual,cloudy_14_afternoon_casual,view,0.0
U259,D085,snowy,-1.7,morning,9,2,celebration,snowy_-2_morning_celebration,view,0.0
U330,D066,cloudy,14.1,evening,23,6,business,cloudy_14_evening_business,view,0.0
U120,D001,stormy,15.1,morning,10,6,social,stormy_15_morning_social,view,0.0
U123,D061,rainy,12.4,evening,23,1,recovery,rainy_12_evening_recovery,view,0.0
U213,D062,rainy,13.9,evening,20,3,recovery,rainy_14_evening_recovery,view,0.0
U155,D067,cloudy,11.9,morning,7,1,social,cloudy_12_morning_social,view,0.0
U499,D095,cloudy,19.7,afternoon,12,3,casual,cloudy_20_afternoon_casual,view,0.0
U498,D095,rainy,10.1,morning,9,5,business,rainy_10_morning_business,view,0.0
U126,D103,snowy,0.6,afternoon,14,1,social,snowy_1_afternoon_social,view,0.0
U012,D093,cloudy,18.2,afternoon,17,1,business,cloudy_18_afternoon_business,view,0.0
U295,D086,rainy,14.4,morning,11,1,recovery,rainy_14_morning_recovery,view,0.0
U316,D040,stormy,14.5,evening,23,3,casual,stormy_15_evening_casual,rate,1.0
U185,D035,snowy,0.6,afternoon,14,1,social,snowy_1_afternoon_social,view,0.0
U039,D084,sunny,21.0,morning,10,2,recovery,sunny_21_morning_recovery,rate,1.4
U300,D104,cloudy,13.9,afternoon,12,5,casual,cloudy_14_afternoon_casual,view,0.0
U311,D040,rainy,12.4,evening,23,1,recovery,rainy_12_evening_recovery,view,0.0
U092,D024,snowy,-1.7,morning,9,2,celebration,snowy_-2_morning_celebration,view,0.0
U117,D120,sunny,22.3,morning,11,4,pairing,sunny_22_morning_pairing,view,0.0
U435,D022,cloudy,10.4,afternoon,12,0,recovery,cloudy_10_afternoon_recovery,view,0.0
U074,D008,rainy,10.1,morning,9,5,business,rainy_10_morning_business,view,0.0
U416,D117,cloudy,14.1,evening,23,6,business,cloudy_14_evening_business,view,0.0
U252,D084,rainy,12.4,evening,23,1,recovery,rainy_12_evening_recovery,view,0.0
U083,D080,stormy,12.8,evening,22,2,casual,stormy_13_evening_casual,rate,1.9
U310,D071,rainy,11.5,morning,10,0,casual,rainy_12_morning_casual,rate,1.0
U414,D097,stormy,18.3,morning,8,5,casual,stormy_18_morning_casual,view,0.0
U283,D117,snowy,-3.6,morning,8,5,social,snowy_-4_morning_social,view,0.0
U178,D008,rainy,12.4,evening,23,1,recovery,rainy_12_evening_recovery,purchase,1.0
U148,D110,cloudy,14.1,evening,23,6,business,cloudy_14_evening_business,view,0.0
U404,D024,snowy,0.6,afternoon,14,1,social,snowy_1_afternoon_social,view,0.0
U144,D119,stormy,14.5,evening,23,3,casual,stormy_15_evening_casual,view,0.0
U320,D092,snowy,-3.2,morning,9,1,business,snowy_-3_morning_business,view,0.0
U049,D029,snowy,-4.5,afternoon,13,4,social,snowy_-5_afternoon_social,rate,3.0
U211,D112,cloudy,19.7,afternoon,12,3,casual,cloudy_20_afternoon_casual,view,0.0
U090,D002,rainy,9.4,evening,20,2,business,rainy_9_evening_business,purchase,1.0
U089,D089,snowy,-4.2,evening,22,6,business,snowy_-4_evening_business,view,0.0
U260,D083,cloudy,12.4,evening,18,6,pairing,cloudy_12_evening_pairing,view,0.0
U423,D024,sunny,29.6,afternoon,16,0,recovery,sunny_30_afternoon_recovery,view,0.0
U253,D025,sunny,21.6,afternoon,17,3,recovery,sunny_22_afternoon_recovery,view,0.0
U237,D099,cloudy,11.9,morning,7,1,social,cloudy_12_morning_social,view,0.0
U058,D108,sunny,29.6,afternoon,16,0,recovery,sunny_30_afternoon_recovery,view,0.0
U348,D052,sunny,23.4,evening,18,0,pairing,sunny_23_evening_pairing,rate,3.2
U385,D043,cloudy,15.0,morning,10,0,pairing,cloudy_15_morning_pairing,view,0.0
U061,D041,snowy,-2.1,afternoon,16,2,casual,snowy_-2_afternoon_casual,view,0.0
U490,D079,snowy,-1.7,morning,9,2,celebration,snowy_-2_morning_celebration,view,0.0
U164,D040,cloudy,13.9,afternoon,12,5,casual,cloudy_14_afternoon_casual,view,0.0
U267,D025,cloudy,14.1,evening,23,6,business,cloudy_14_evening_business,view,0.0
U066,D099,snowy,0.3,morning,7,0,business,snowy_0_morning_business,view,0.0
U249,D106,rainy,11.5,morning,10,0,casual,rainy_12_morning_casual,view,0.0
U094,D075,cloudy,19.1,evening,19,6,pairing,cloudy_19_evening_pairing,view,0.0
U156,D093,snowy,-4.5,afternoon,13,4,social,snowy_-5_afternoon_social,view,0.0
U195,D073,stormy,14.5,evening,23,3,casual,stormy_15_evening_casual,view,0.0
U481,D098,snowy,0.6,afternoon,14,1,social,snowy_1_afternoon_social,view,0.0
U425,D065,stormy,16.3,morning,11,5,pairing,stormy_16_morning_pairing,rate,4.9
U294,D081,sunny,29.6,afternoon,16,0,recovery,sunny_30_afternoon_recovery,rate,1.1
U281,D069,cloudy,19.5,morning,10,1,celebration,cloudy_19_morning_celebration,view,0.0
U182,D007,stormy,15.1,morning,10,6,social,stormy_15_morning_social,view,0.0
U378,D059,stormy,14.5,evening,23,3,casual,stormy_15_evening_casual,view,0.0
U091,D068,snowy,-1.7,morning,9,2,celebration,snowy_-2_morning_celebration,view,0.0
U063,D087,cloudy,15.0,morning,10,0,pairing,cloudy_15_morning_pairing,view,0.0
U468,D111,cloudy,14.1,evening,23,6,business,cloudy_14_evening_business,view,0.0
U246,D022,cloudy,12.4,evening,18,6,pairing,cloudy_12_evening_pairing,view,0.0
U297,D081,cloudy,15.0,morning,10,0,pairing,cloudy_15_morning_pairing,rate,1.9
U006,D039,snowy,0.6,afternoon,14,1,social,snowy_1_afternoon_social,view,0.0
U420,D016,snowy,-3.2,morning,9,1,business,snowy_-3_morning_business,view,0.0
U186,D091,cloudy,12.4,evening,18,6,pairing,cloudy_12_evening_pairing,view,0.0
U017,D110,stormy,16.2,afternoon,17,0,casual,stormy_16_afternoon_casual,view,0.0
U213,D001,snowy,4.5,afternoon,16,4,social,snowy_5_afternoon_social,view,0.0
U343,D038,sunny,22.3,morning,11,4,pairing,sunny_22_morning_pairing,rate,1.8
U261,D092,rainy,8.4,evening,21,1,casual,rainy_8_evening_casual,view,0.0
U304,D087,cloudy,18.2,afternoon,17,1,business,cloudy_18_afternoon_business,view,0.0
U046,D082,sunny,21.6,afternoon,17,3,recovery,sunny_22_afternoon_recovery,rate,2.8
U306,D074,rainy,7.0,afternoon,16,2,social,rainy_7_afternoon_social,rate,4.8
U105,D020,stormy,16.3,morning,11,5,pairing,stormy_16_morning_pairing,view,0.0
U016,D079,rainy,12.4,evening,23,1,recovery,rainy_12_evening_recovery,view,0.0
U404,D024,sunny,22.3,morning,11,4,pairing,sunny_22_morning_pairing,view,0.0
U087,D088,sunny,21.6,afternoon,17,3,recovery,sunny_22_afternoon_recovery,view,0.0
U363,D109,snowy,-2.5,morning,7,2,casual,snowy_-2_morning_casual,rate,3.0
U454,D087,rainy,13.9,evening,20,3,recovery,rainy_14_evening_recovery,view,0.0
U456,D013,cloudy,13.9,afternoon,12,5,casual,cloudy_14_afternoon_casual,view,0.0
U459,D106,cloudy,18.2,afternoon,17,1,business,cloudy_18_afternoon_business,purchase,1.0
U106,D044,rainy,9.4,evening,20,2,business,rainy_9_evening_business,view,0.0
U153,D024,sunny,21.6,afternoon,17,3,recovery,sunny_22_afternoon_recovery,view,0.0
U402,D092,stormy,16.2,afternoon,17,0,casual,stormy_16_afternoon_casual,view,0.0
U381,D037,cloudy,14.6,morning,8,4,pairing,cloudy_15_morning_pairing,view,0.0
U355,D012,rainy,8.4,evening,21,1,casual,rainy_8_evening_casual,view,0.0
U487,D024,snowy,0.6,afternoon,14,1,social,snowy_1_afternoon_social,view,0.0
U485,D009,snowy,-4.2,evening,22,6,business,snowy_-4_evening_business,view,0.0
U022,D017,rainy,9.4,evening,20,2,business,rainy_9_evening_business,view,0.0
U088,D015,sunny,21.6,afternoon,17,3,recovery,sunny_22_afternoon_recovery,rate,4.9
U283,D098,rainy,14.4,morning,11,1,recovery,rainy_14_morning_recovery,view,0.0
U082,D085,snowy,0.6,afternoon,14,0,pairing,snowy_1_afternoon_pairing,rate,2.4
U084,D002,cloudy,14.1,evening,23,6,business,cloudy_14_evening_business,view,0.0
U021,D006,cloudy,15.0,morning,10,0,pairing,cloudy_15_morning_pairing,view,0.0
U001,D022,sunny,30.7,afternoon,15,3,social,sunny_31_afternoon_social,view,0.0
U478,D022,sunny,26.0,afternoon,12,1,casual,sunny_26_afternoon_casual,view,0.0
U388,D083,rainy,12.0,evening,18,0,social,rainy_12_evening_social,view,0.0
U396,D033,sunny,21.0,morning,10,2,recovery,sunny_21_morning_recovery,view,0.0
U457,D103,snowy,-1.7,morning,9,2,celebration,snowy_-2_morning_celebration,view,0.0
U212,D074,cloudy,15.0,morning,10,0,pairing,cloudy_15_morning_pairing,view,0.0
U328,D052,snowy,0.3,morning,7,0,business,snowy_0_morning_business,view,0.0
U175,D056,cloudy,18.7,morning,8,3,business,cloudy_19_morning_business,view,0.0
U035,D119,sunny,21.6,afternoon,17,3,recovery,sunny_22_afternoon_recovery,view,0.0
U451,D053,rainy,11.5,morning,10,0,casual,rainy_12_morning_casual,view,0.0
U105,D006,snowy,0.6,afternoon,14,0,pairing,snowy_1_afternoon_pairing,view,0.0
U163,D018,stormy,18.3,morning,8,5,casual,stormy_18_morning_casual,view,0.0
U279,D047,stormy,18.3,morning,8,5,casual,stormy_18_morning_casual,view,0.0
U349,D118,snowy,-1.7,morning,9,2,celebration,snowy_-2_morning_celebration,view,0.0
U419,D055,snowy,0.6,afternoon,14,1,social,snowy_1_afternoon_social,view,0.0
U247,D021,snowy,0.6,afternoon,14,0,pairing,snowy_1_afternoon_pairing,view,0.0
U411,D045,stormy,16.3,morning,11,5,pairing,stormy_16_morning_pairing,view,0.0
U029,D040,cloudy,19.5,morning,10,1,celebration,cloudy_19_morning_celebration,view,0.0
U300,D065,stormy,12.8,evening,22,2,casual,stormy_13_evening_casual,view,0.0
U414,D049,rainy,11.5,morning,10,0,casual,rainy_12_morning_casual,view,0.0
U191,D071,snowy,-2.5,morning,7,2,casual,snowy_-2_morning_casual,view,0.0
U363,D111,stormy,16.3,morning,11,5,pairing,stormy_16_morning_pairing,view,0.0
U047,D003,cloudy,13.9,afternoon,12,5,casual,cloudy_14_afternoon_casual,view,0.0
U127,D067,rainy,11.5,morning,10,0,casual,rainy_12_morning_casual,view,0.0
U287,D046,snowy,-3.2,morning,9,1,business,snowy_-3_morning_business,view,0.0
U121,D012,cloudy,12.4,evening,18,6,pairing,cloudy_12_evening_pairing,view,0.0
U166,D117,snowy,0.3,morning,7,0,business,snowy_0_morning_business,view,0.0
U439,D048,snowy,0.6,afternoon,14,1,social,snowy_1_afternoon_social,view,0.0
U271,D071,sunny,30.7,afternoon,15,3,social,sunny_31_afternoon_social,view,0.0
U216,D043,cloudy,14.6,morning,8,4,pairing,cloudy_15_morning_pairing,purchase,1.0
U284,D066,sunny,26.1,evening,22,1,recovery,sunny_26_evening_recovery,view,0.0
U384,D003,snowy,4.5,afternoon,16,4,social,snowy_5_afternoon_social,view,0.0
U471,D084,rainy,12.0,evening,18,0,social,rainy_12_evening_social,view,0.0
U081,D018,rainy,14.4,morning,11,1,recovery,rainy_14_morning_recovery,rate,3.6
U463,D013,rainy,10.1,morning,9,5,business,rainy_10_morning_business,view,0.0
U165,D005,cloudy,16.7,morning,8,4,business,cloudy_17_morning_business,view,0.0
U132,D050,cloudy,18.2,afternoon,17,1,business,cloudy_18_afternoon_business,view,0.0
U163,D020,snowy,-2.5,morning,7,2,casual,snowy_-2_morning_casual,view,0.0
U130,D116,snowy,-2.1,afternoon,16,2,casual,snowy_-2_afternoon_casual,view,0.0
U312,D064,sunny,21.6,afternoon,17,3,recovery,sunny_22_afternoon_recovery,view,0.0
U436,D022,sunny,21.6,afternoon,17,3,recovery,sunny_22_afternoon_recovery,rate,4.6
U384,D080,cloudy,17.3,afternoon,15,3,recovery,cloudy_17_afternoon_recovery,view,0.0
U342,D082,cloudy,15.0,morning,10,0,pairing,cloudy_15_morning_pairing,view,0.0
U074,D041,cloudy,16.7,morning,8,4,business,cloudy_17_morning_business,view,0.0
U235,D029,cloudy,14.6,morning,8,4,pairing,cloudy_15_morning_pairing,view,0.0
U096,D002,stormy,15.1,morning,10,6,social,stormy_15_morning_social,view,0.0
U473,D019,sunny,33.7,afternoon,14,3,celebration,sunny_34_afternoon_celebration,view,0.0
U372,D094,snowy,-2.1,afternoon,16,2,casual,snowy_-2_afternoon_casual,view,0.0
U237,D004,cloudy,15.0,morning,10,0,pairing,cloudy_15_morning_pairing,purchase,1.0
U486,D092,cloudy,18.2,afternoon,17,1,business,cloudy_18_afternoon_business,view,0.0
U312,D040,stormy,10.7,afternoon,12,0,casual,stormy_11_afternoon_casual,view,0.0
U069,D083,cloudy,19.7,afternoon,12,3,casual,cloudy_20_afternoon_casual,view,0.0
U470,D088,rainy,13.9,evening,20,3,recovery,rainy_14_evening_recovery,view,0.0
U233,D101,stormy,10.7,afternoon,12,0,casual,stormy_11_afternoon_casual,view,0.0
U107,D069,snowy,-4.2,evening,22,6,business,snowy_-4_evening_business,view,0.0
U004,D021,snowy,-1.7,morning,9,2,celebration,snowy_-2_morning_celebration,view,0.0
U248,D082,rainy,9.4,evening,20,2,business,rainy_9_evening_business,view,0.0
U203,D046,sunny,33.7,afternoon,14,3,celebration,sunny_34_afternoon_celebration,view,0.0
U355,D080,snowy,0.6,afternoon,14,0,pairing,snowy_1_afternoon_pairing,view,0.0
U315,D036,sunny,26.0,afternoon,12,1,casual,sunny_26_afternoon_casual,view,0.0
U170,D044,cloudy,19.7,afternoon,12,3,casual,cloudy_20_afternoon_casual,view,0.0
U134,D093,cloudy,12.4,evening,18,6,pairing,cloudy_12_evening_pairing,view,0.0
U450,D120,cloudy,16.7,morning,8,4,business,cloudy_17_morning_business,view,0.0
U011,D080,cloudy,14.1,evening,23,6,business,cloudy_14_evening_business,rate,3.0
U018,D117,cloudy,10.4,afternoon,12,0,recovery,cloudy_10_afternoon_recovery,view,0.0
U458,D058,cloudy,13.9,afternoon,12,5,casual,cloudy_14_afternoon_casual,view,0.0
U257,D063,rainy,9.4,evening,20,2,business,rainy_9_evening_business,view,0.0
U029,D066,stormy,18.3,morning,8,5,casual,stormy_18_morning_casual,view,0.0
U244,D105,cloudy,19.5,morning,10,1,celebration,cloudy_19_morning_celebration,view,0.0
U212,D105,sunny,23.4,evening,18,0,pairing,sunny_23_evening_pairing,view,0.0
U324,D093,cloudy,13.9,afternoon,12,5,casual,cloudy_14_afternoon_casual,view,0.0
U404,D034,cloudy,11.9,morning,7,1,social,cloudy_12_morning_social,view,0.0
U089,D027,cloudy,13.9,afternoon,12,5,casual,cloudy_14_afternoon_casual,view,0.0
U468,D065,snowy,-2.5,morning,7,2,casual,snowy_-2_morning_casual,view,0.0
U107,D024,cloudy,10.4,afternoon,12,0,recovery,cloudy_10_afternoon_recovery,view,0.0
U204,D011,cloudy,13.9,afternoon,12,5,casual,cloudy_14_afternoon_casual,view,0.0
U431,D025,cloudy,10.4,afternoon,12,0,recovery,cloudy_10_afternoon_recovery,view,0.0
U123,D115,stormy,18.3,morning,8,5,casual,stormy_18_morning_casual,view,0.0
U444,D054,cloudy,14.1,evening,23,6,business,cloudy_14_evening_business,rate,2.1
U497,D005,sunny,22.3,morning,11,4,pairing,sunny_22_morning_pairing,view,0.0
U184,D032,cloudy,12.4,evening,18,6,pairing,cloudy_12_evening_pairing,view,0.0
U432,D007,rainy,8.4,evening,21,1,casual,rainy_8_evening_casual,rate,4.1
U146,D038,snowy,-4.2,evening,22,6,business,snowy_-4_evening_business,view,0.0
U193,D017,stormy,15.1,morning,10,6,social,stormy_15_morning_social,view,0.0
U103,D082,cloudy,18.2,afternoon,17,1,business,cloudy_18_afternoon_business,view,0.0
U319,D102,rainy,9.4,evening,20,2,business,rainy_9_evening_business,view,0.0
U247,D008,cloudy,13.9,afternoon,12,5,casual,cloudy_14_afternoon_casual,view,0.0
U009,D097,cloudy,19.7,afternoon,12,3,casual,cloudy_20_afternoon_casual,view,0.0
U095,D067,sunny,29.6,afternoon,16,0,recovery,sunny_30_afternoon_recovery,view,0.0
U005,D095,sunny,33.7,afternoon,14,3,celebration,sunny_34_afternoon_celebration,view,0.0
U426,D035,rainy,12.4,evening,23,1,recovery,rainy_12_evening_recovery,view,0.0
U296,D019,snowy,-2.1,afternoon,16,2,casual,snowy_-2_afternoon_casual,view,0.0
U004,D059,snowy,-2.1,afternoon,16,2,casual,snowy_-2_afternoon_casual,view,0.0
U363,D093,sunny,23.4,evening,18,0,pairing,sunny_23_evening_pairing,view,0.0
U137,D045,stormy,15.1,morning,10,6,social,stormy_15_morning_social,view,0.0
U258,D006,sunny,21.6,afternoon,17,3,recovery,sunny_22_afternoon_recovery,view,0.0
U263,D034,cloudy,14.1,evening,23,6,business,cloudy_14_evening_business,view,0.0
U489,D104,snowy,0.3,morning,7,0,business,snowy_0_morning_business,view,0.0
U295,D022,cloudy,19.5,morning,10,1,celebration,cloudy_19_morning_celebration,view,0.0
U403,D002,cloudy,11.9,morning,7,1,social,cloudy_12_morning_social,view,0.0
U231,D086,cloudy,17.3,afternoon,15,3,recovery,cloudy_17_afternoon_recovery,view,0.0
U070,D033,rainy,10.1,morning,9,5,business,rainy_10_morning_business,view,0.0
U070,D028,snowy,-2.1,afternoon,16,2,casual,snowy_-2_afternoon_casual,view,0.0
U049,D066,stormy,16.3,morning,11,5,pairing,stormy_16_morning_pairing,view,0.0
U450,D080,rainy,14.4,morning,11,1,recovery,rainy_14_morning_recovery,view,0.0
U005,D113,sunny,26.1,evening,22,1,recovery,sunny_26_evening_recovery,purchase,1.0
U148,D103,snowy,0.3,morning,7,0,business,snowy_0_morning_business,view,0.0
U236,D034,sunny,26.0,afternoon,12,1,casual,sunny_26_afternoon_casual,view,0.0
U285,D097,snowy,4.5,afternoon,16,4,social,snowy_5_afternoon_social,view,0.0
U432,D118,cloudy,14.6,morning,8,4,pairing,cloudy_15_morning_pairing,view,0.0
U078,D061,sunny,30.7,afternoon,15,3,social,sunny_31_afternoon_social,view,0.0
U319,D060,cloudy,19.1,evening,19,6,pairing,cloudy_19_evening_pairing,view,0.0
U405,D044,sunny,21.6,afternoon,17,3,recovery,sunny_22_afternoon_recovery,view,0.0
U347,D044,stormy,12.8,evening,22,2,casual,stormy_13_evening_casual,rate,4.6
U089,D112,snowy,-4.5,afternoon,13,4,social,snowy_-5_afternoon_social,view,0.0
U367,D050,stormy,18.3,morning,8,5,casual,stormy_18_morning_casual,view,0.0
U489,D087,snowy,-3.2,morning,9,1,business,snowy_-3_morning_business,view,0.0
U149,D014,sunny,26.1,evening,22,1,recovery,sunny_26_evening_recovery,view,0.0
U192,D023,sunny,21.0,morning,10,2,recovery,sunny_21_morning_recovery,view,0.0
U398,D085,snowy,-3.2,morning,9,1,business,snowy_-3_morning_business,view,0.0
U374,D111,stormy,16.2,afternoon,17,0,casual,stormy_16_afternoon_casual,view,0.0
U070,D108,rainy,7.0,afternoon,16,2,social,rainy_7_afternoon_social,view,0.0
U061,D100,cloudy,14.6,morning,8,4,pairing,cloudy_15_morning_pairing,view,0.0
U353,D097,rainy,10.1,morning,9,5,business,rainy_10_morning_business,view,0.0
U427,D070,snowy,-3.2,morning,9,1,business,snowy_-3_morning_business,view,0.0
U332,D074,stormy,16.3,morning,11,5,pairing,stormy_16_morning_pairing,view,0.0
U384,D115,cloudy,14.6,morning,8,4,pairing,cloudy_15_morning_pairing,rate,1.1
U392,D005,stormy,14.5,evening,23,3,casual,stormy_15_evening_casual,view,0.0
U469,D024,cloudy,14.6,morning,8,4,pairing,cloudy_15_morning_pairing,view,0.0
U351,D036,cloudy,12.4,evening,18,6,pairing,cloudy_12_evening_pairing,rate,1.7
U070,D076,sunny,29.6,afternoon,16,0,recovery,sunny_30_afternoon_recovery,view,0.0
U003,D106,snowy,-4.2,evening,22,6,business,snowy_-4_evening_business,view,0.0
U467,D045,rainy,14.4,morning,11,1,recovery,rainy_14_morning_recovery,view,0.0
U294,D097,cloudy,17.3,afternoon,15,3,recovery,cloudy_17_afternoon_recovery,view,0.0
U271,D095,stormy,14.5,evening,23,3,casual,stormy_15_evening_casual,view,0.0
U029,D115,rainy,8.4,evening,21,1,casual,rainy_8_evening_casual,view,0.0
U040,D074,rainy,12.4,evening,23,1,recovery,rainy_12_evening_recovery,view,0.0
U213,D116,snowy,4.5,afternoon,16,4,social,snowy_5_afternoon_social,view,0.0
U170,D116,rainy,7.0,afternoon,16,2,social,rainy_7_afternoon_social,view,0.0
U395,D101,sunny,29.6,afternoon,16,0,recovery,sunny_30_afternoon_recovery,view,0.0
U478,D080,snowy,-4.5,afternoon,13,4,social,snowy_-5_afternoon_social,view,0.0
U412,D037,snowy,-3.6,morning,8,5,social,snowy_-4_morning_social,view,0.0
U357,D073,cloudy,12.4,evening,18,6,pairing,cloudy_12_evening_pairing,view,0.0
U253,D046,sunny,29.6,afternoon,16,0,recovery,sunny_30_afternoon_recovery,view,0.0
U303,D090,stormy,16.3,morning,11,5,pairing,stormy_16_morning_pairing,view,0.0
U116,D029,cloudy,12.4,evening,18,6,pairing,cloudy_12_evening_pairing,view,0.0
U495,D010,snowy,-2.5,morning,7,2,casual,snowy_-2_morning_casual,rate,3.0
U006,D075,cloudy,19.7,afternoon,12,3,casual,cloudy_20_afternoon_casual,view,0.0
U183,D031,cloudy,13.9,afternoon,12,5,casual,cloudy_14_afternoon_casual,view,0.0
U315,D054,stormy,16.3,morning,11,5,pairing,stormy_16_morning_pairing,view,0.0
U267,D109,snowy,-3.6,morning,8,5,social,snowy_-4_morning_social,view,0.0
U408,D106,snowy,-3.2,morning,9,1,business,snowy_-3_morning_business,view,0.0
U043,D027,sunny,21.0,morning,10,2,recovery,sunny_21_morning_recovery,view,0.0
U350,D063,rainy,13.9,evening,20,3,recovery,rainy_14_evening_recovery,view,0.0
U060,D027,snowy,-2.1,afternoon,16,2,casual,snowy_-2_afternoon_casual,view,0.0
U062,D024,rainy,8.4,evening,21,1,casual,rainy_8_evening_casual,view,0.0
U487,D044,rainy,14.4,morning,11,1,recovery,rainy_14_morning_recovery,view,0.0
U330,D112,rainy,11.5,morning,10,0,casual,rainy_12_morning_casual,view,0.0
U193,D069,rainy,12.4,evening,23,1,recovery,rainy_12_evening_recovery,view,0.0
U273,D083,rainy,11.5,morning,10,0,casual,rainy_12_morning_casual,view,0.0
U234,D044,sunny,30.7,afternoon,15,3,social,sunny_31_afternoon_social,view,0.0
U247,D021,snowy,-3.6,morning,8,5,social,snowy_-4_morning_social,view,0.0
U288,D024,snowy,-2.5,morning,7,2,casual,snowy_-2_morning_casual,view,0.0
U103,D054,stormy,15.1,morning,10,6,social,stormy_15_morning_social,view,0.0
U117,D088,snowy,4.5,afternoon,16,4,social,snowy_5_afternoon_social,view,0.0
U226,D060,snowy,-3.2,morning,9,1,business,snowy_-3_morning_business,view,0.0
U149,D067,sunny,26.0,afternoon,12,1,casual,sunny_26_afternoon_casual,rate,1.7
U446,D042,cloudy,13.9,afternoon,12,5,casual,cloudy_14_afternoon_casual,view,0.0
U038,D014,sunny,26.1,evening,22,1,recovery,sunny_26_evening_recovery,rate,1.9
U168,D054,rainy,12.4,evening,23,1,recovery,rainy_12_evening_recovery,view,0.0
U275,D042,sunny,22.3,morning,11,4,pairing,sunny_22_morning_pairing,view,0.0
U387,D031,snowy,-3.2,morning,9,1,business,snowy_-3_morning_business,view,0.0
U181,D045,cloudy,18.2,afternoon,17,1,business,cloudy_18_afternoon_business,view,0.0
U355,D080,sunny,29.6,afternoon,16,0,recovery,sunny_30_afternoon_recovery,view,0.0
U146,D042,stormy,10.7,afternoon,12,0,casual,stormy_11_afternoon_casual,view,0.0
U216,D098,stormy,12.8,evening,22,2,casual,stormy_13_evening_casual,view,0.0
U423,D081,cloudy,10.4,afternoon,12,0,recovery,cloudy_10_afternoon_recovery,view,0.0
U298,D021,rainy,14.4,morning,11,1,recovery,rainy_14_morning_recovery,view,0.0
U124,D030,rainy,9.4,evening,20,2,business,rainy_9_evening_business,view,0.0
U473,D053,rainy,12.0,evening,18,0,social,rainy_12_evening_social,view,0.0
U133,D118,snowy,-1.7,morning,9,2,celebration,snowy_-2_morning_celebration,rate,1.3
U455,D111,stormy,10.7,afternoon,12,0,casual,stormy_11_afternoon_casual,view,0.0
U419,D069,snowy,-1.7,morning,9,2,celebration,snowy_-2_morning_celebration,view,0.0
U199,D071,rainy,10.1,morning,9,5,business,rainy_10_morning_business,view,0.0
U005,D101,rainy,14.4,morning,11,1,recovery,rainy_14_morning_recovery,view,0.0
U053,D090,snowy,0.6,afternoon,14,1,social,snowy_1_afternoon_social,view,0.0
U492,D112,cloudy,16.7,morning,8,4,business,cloudy_17_morning_business,view,0.0
U364,D094,sunny,33.7,afternoon,14,3,celebration,sunny_34_afternoon_celebration,view,0.0
U327,D117,rainy,14.4,morning,11,1,recovery,rainy_14_morning_recovery,view,0.0
U099,D097,cloudy,14.6,morning,8,4,pairing,cloudy_15_morning_pairing,view,0.0
U256,D103,snowy,-1.7,morning,9,2,celebration,snowy_-2_morning_celebration,view,0.0
U157,D035,cloudy,14.1,evening,23,6,business,cloudy_14_evening_business,view,0.0
U364,D090,snowy,-2.5,morning,7,2,casual,snowy_-2_morning_casual,view,0.0
U244,D070,snowy,-3.6,morning,8,5,social,snowy_-4_morning_social,view,0.0
U194,D119,cloudy,16.7,morning,8,4,business,cloudy_17_morning_business,view,0.0
U498,D027,cloudy,16.7,morning,8,4,business,cloudy_17_morning_business,rate,4.6
U211,D024,cloudy,12.4,evening,18,6,pairing,cloudy_12_evening_pairing,view,0.0
U401,D056,rainy,13.9,evening,20,3,recovery,rainy_14_evening_recovery,view,0.0
U108,D074,rainy,13.9,evening,20,3,recovery,rainy_14_evening_recovery,view,0.0
U383,D090,stormy,15.1,morning,10,6,social,stormy_15_morning_social,view,0.0
U388,D050,cloudy,12.4,evening,18,6,pairing,cloudy_12_evening_pairing,view,0.0
U036,D102,rainy,8.4,evening,21,1,casual,rainy_8_evening_casual,view,0.0
U044,D064,sunny,26.1,evening,22,1,recovery,sunny_26_evening_recovery,view,0.0
U269,D013,cloudy,10.4,afternoon,12,0,recovery,cloudy_10_afternoon_recovery,view,0.0
U039,D029,sunny,26.0,afternoon,12,1,casual,sunny_26_afternoon_casual,view,0.0
U417,D088,rainy,13.9,evening,20,3,recovery,rainy_14_evening_recovery,view,0.0
U489,D074,snowy,-4.2,evening,22,6,business,snowy_-4_evening_business,view,0.0
U412,D076,sunny,26.0,afternoon,12,1,casual,sunny_26_afternoon_casual,view,0.0
U063,D115,sunny,21.6,afternoon,17,3,recovery,sunny_22_afternoon_recovery,view,0.0
U189,D050,cloudy,12.4,evening,18,6,pairing,cloudy_12_evening_pairing,view,0.0
U346,D039,snowy,4.5,afternoon,16,4,social,snowy_5_afternoon_social,view,0.0
U475,D046,rainy,14.4,morning,11,1,recovery,rainy_14_morning_recovery,view,0.0
U188,D006,snowy,0.6,afternoon,14,1,social,snowy_1_afternoon_social,view,0.0
U495,D073,sunny,21.6,afternoon,17,3,recovery,sunny_22_afternoon_recovery,view,0.0
U458,D034,sunny,23.4,evening,18,0,pairing,sunny_23_evening_pairing,view,0.0
U004,D002,stormy,16.2,afternoon,17,0,casual,stormy_16_afternoon_casual,view,0.0
U147,D038,snowy,-4.5,afternoon,13,4,social,snowy_-5_afternoon_social,view,0.0
U276,D076,rainy,14.4,morning,11,1,recovery,rainy_14_morning_recovery,view,0.0
U107,D055,snowy,-4.2,evening,22,6,business,snowy_-4_evening_business,view,0.0
U442,D015,snowy,4.5,afternoon,16,4,social,snowy_5_afternoon_social,purchase,1.0
U151,D052,stormy,15.1,morning,10,6,social,stormy_15_morning_social,view,0.0
U487,D060,snowy,-2.1,afternoon,16,2,casual,snowy_-2_afternoon_casual,rate,2.5
U186,D065,rainy,12.4,evening,23,1,recovery,rainy_12_evening_recovery,view,0.0
U229,D069,rainy,10.1,morning,9,5,business,rainy_10_morning_business,view,0.0
U197,D075,cloudy,15.0,morning,10,0,pairing,cloudy_15_morning_pairing,view,0.0
U228,D015,cloudy,14.6,morning,8,4,pairing,cloudy_15_morning_pairing,view,0.0
U015,D030,rainy,10.1,morning,9,5,business,rainy_10_morning_business,view,0.0
U035,D069,snowy,-3.2,morning,9,1,business,snowy_-3_morning_business,view,0.0
U382,D069,stormy,12.8,evening,22,2,casual,stormy_13_evening_casual,rate,1.3
U477,D054,cloudy,10.4,afternoon,12,0,recovery,cloudy_10_afternoon_recovery,purchase,1.0
U052,D022,cloudy,18.2,afternoon,17,1,business,cloudy_18_afternoon_business,view,0.0
U449,D003,sunny,30.7,afternoon,15,3,social,sunny_31_afternoon_social,view,0.0
U374,D039,snowy,-2.1,afternoon,16,2,casual,snowy_-2_afternoon_casual,view,0.0
U146,D080,cloudy,15.0,morning,10,0,pairing,cloudy_15_morning_pairing,view,0.0
U117,D026,snowy,0.6,afternoon,14,0,pairing,snowy_1_afternoon_pairing,view,0.0
U341,D041,rainy,12.4,evening,23,1,recovery,rainy_12_evening_recovery,view,0.0
U076,D013,snowy,-2.1,afternoon,16,2,casual,snowy_-2_afternoon_casual,view,0.0
U499,D070,snowy,0.6,afternoon,14,0,pairing,snowy_1_afternoon_pairing,view,0.0
U412,D119,cloudy,11.9,morning,7,1,social,cloudy_12_morning_social,view,0.0
U209,D086,cloudy,19.5,morning,10,1,celebration,cloudy_19_morning_celebration,view,0.0
U176,D019,snowy,0.3,morning,7,0,business,snowy_0_morning_business,view,0.0
U345,D060,snowy,0.6,afternoon,14,0,pairing,snowy_1_afternoon_pairing,view,0.0
U229,D019,snowy,-1.7,morning,9,2,celebration,snowy_-2_morning_celebration,view,0.0
U332,D049,snowy,-4.5,afternoon,13,4,social,snowy_-5_afternoon_social,rate,2.6
U411,D075,cloudy,19.1,evening,19,6,pairing,cloudy_19_evening_pairing,view,0.0
U415,D117,stormy,15.1,morning,10,6,social,stormy_15_morning_social,view,0.0
U438,D013,sunny,33.7,afternoon,14,3,celebration,sunny_34_afternoon_celebration,rate,1.3
U180,D037,cloudy,12.4,evening,18,6,pairing,cloudy_12_evening_pairing,view,0.0
U190,D016,sunny,21.0,morning,10,2,recovery,sunny_21_morning_recovery,view,0.0
U463,D013,rainy,9.4,evening,20,2,business,rainy_9_evening_business,view,0.0
U411,D052,snowy,4.5,afternoon,16,4,social,snowy_5_afternoon_social,view,0.0
U407,D079,stormy,12.8,evening,22,2,casual,stormy_13_evening_casual,view,0.0
U272,D055,snowy,-2.1,afternoon,16,2,casual,snowy_-2_afternoon_casual,rate,4.8
U173,D056,sunny,21.6,afternoon,17,3,recovery,sunny_22_afternoon_recovery,view,0.0
U497,D017,cloudy,12.4,evening,18,6,pairing,cloudy_12_evening_pairing,view,0.0
U072,D067,cloudy,18.2,afternoon,17,1,business,cloudy_18_afternoon_business,view,0.0
U328,D044,cloudy,12.4,evening,18,6,pairing,cloudy_12_evening_pairing,rate,3.3
U409,D095,snowy,-1.7,morning,9,2,celebration,snowy_-2_morning_celebration,view,0.0
U013,D056,snowy,-4.5,afternoon,13,4,social,snowy_-5_afternoon_social,rate,2.9
U308,D116,rainy,9.4,evening,20,2,business,rainy_9_evening_business,view,0.0
U368,D058,stormy,16.3,morning,11,5,pairing,stormy_16_morning_pairing,view,0.0
U003,D116,rainy,12.0,evening,18,0,social,rainy_12_evening_social,view,0.0
U098,D030,snowy,0.3,morning,7,0,business,snowy_0_morning_business,view,0.0
U022,D052,snowy,0.3,morning,7,0,business,snowy_0_morning_business,view,0.0
U217,D086,rainy,12.0,evening,18,0,social,rainy_12_evening_social,view,0.0
U408,D005,rainy,11.5,morning,10,0,casual,rainy_12_morning_casual,rate,3.0
U119,D076,rainy,13.9,evening,20,3,recovery,rainy_14_evening_recovery,view,0.0
U161,D080,sunny,21.6,afternoon,17,3,recovery,sunny_22_afternoon_recovery,view,0.0
U155,D007,stormy,12.8,evening,22,2,casual,stormy_13_evening_casual,view,0.0
U394,D075,cloudy,13.9,afternoon,12,5,casual,cloudy_14_afternoon_casual,view,0.0
U014,D077,cloudy,19.5,morning,10,1,celebration,cloudy_19_morning_celebration,view,0.0
U394,D079,cloudy,11.9,morning,7,1,social,cloudy_12_morning_social,view,0.0
U294,D071,rainy,10.1,morning,9,5,business,rainy_10_morning_business,view,0.0
U296,D012,cloudy,11.9,morning,7,1,social,cloudy_12_morning_social,rate,1.3
U305,D018,stormy,12.8,evening,22,2,casual,stormy_13_evening_casual,view,0.0
U028,D092,cloudy,18.2,afternoon,17,1,business,cloudy_18_afternoon_business,view,0.0
U025,D047,sunny,33.7,afternoon,14,3,celebration,sunny_34_afternoon_celebration,view,0.0
U165,D080,cloudy,10.4,afternoon,12,0,recovery,cloudy_10_afternoon_recovery,view,0.0
U106,D074,stormy,16.2,afternoon,17,0,casual,stormy_16_afternoon_casual,view,0.0
U353,D101,snowy,4.5,afternoon,16,4,social,snowy_5_afternoon_social,rate,1.6
U343,D058,sunny,30.7,afternoon,15,3,social,sunny_31_afternoon_social,view,0.0
U123,D073,stormy,14.5,evening,23,3,casual,stormy_15_evening_casual,view,0.0
U387,D058,cloudy,15.0,morning,10,0,pairing,cloudy_15_morning_pairing,view,0.0
U049,D038,rainy,7.0,afternoon,16,2,social,rainy_7_afternoon_social,rate,1.4
U177,D075,sunny,21.6,afternoon,17,3,recovery,sunny_22_afternoon_recovery,rate,2.7
U289,D028,sunny,23.4,evening,18,0,pairing,sunny_23_evening_pairing,view,0.0
U154,D114,sunny,21.6,afternoon,17,3,recovery,sunny_22_afternoon_recovery,view,0.0
U480,D085,cloudy,18.2,afternoon,17,1,business,cloudy_18_afternoon_business,view,0.0
U214,D048,cloudy,12.4,evening,18,6,pairing,cloudy_12_evening_pairing,view,0.0
U168,D110,sunny,23.4,evening,18,0,pairing,sunny_23_evening_pairing,view,0.0
U226,D111,sunny,30.7,afternoon,15,3,social,sunny_31_afternoon_social,view,0.0
U452,D082,sunny,21.6,afternoon,17,3,recovery,sunny_22_afternoon_recovery,view,0.0
U189,D027,rainy,12.0,evening,18,0,social,rainy_12_evening_social,view,0.0
U457,D005,stormy,14.5,evening,23,3,casual,stormy_15_evening_casual,view,0.0
U198,D107,cloudy,19.1,evening,19,6,pairing,cloudy_19_evening_pairing,view,0.0
U056,D115,snowy,-4.2,evening,22,6,business,snowy_-4_evening_business,view,0.0
U463,D038,sunny,33.7,afternoon,14,3,celebration,sunny_34_afternoon_celebration,view,0.0
U432,D009,sunny,29.6,afternoon,16,0,recovery,sunny_30_afternoon_recovery,view,0.0
U423,D083,stormy,16.2,afternoon,17,0,casual,stormy_16_afternoon_casual,view,0.0
U242,D060,cloudy,12.4,evening,18,6,pairing,cloudy_12_evening_pairing,view,0.0
U188,D050,snowy,-3.6,morning,8,5,social,snowy_-4_morning_social,view,0.0
U077,D016,snowy,-3.2,morning,9,1,business,snowy_-3_morning_business,view,0.0
U246,D109,rainy,9.4,evening,20,2,business,rainy_9_evening_business,view,0.0
U108,D081,rainy,11.5,morning,10,0,casual,rainy_12_morning_casual,view,0.0
U015,D084,cloudy,19.5,morning,10,1,celebration,cloudy_19_morning_celebration,view,0.0
U003,D072,sunny,22.3,morning,11,4,pairing,sunny_22_morning_pairing,view,0.0
U393,D001,cloudy,19.7,afternoon,12,3,casual,cloudy_20_afternoon_casual,view,0.0
U470,D020,sunny,21.6,afternoon,17,3,recovery,sunny_22_afternoon_recovery,view,0.0
U238,D099,cloudy,12.4,evening,18,6,pairing,cloudy_12_evening_pairing,view,0.0
U337,D031,snowy,-2.1,afternoon,16,2,casual,snowy_-2_afternoon_casual,view,0.0
U102,D093,snowy,-4.5,afternoon,13,4,social,snowy_-5_afternoon_social,view,0.0
U229,D037,cloudy,14.6,morning,8,4,pairing,cloudy_15_morning_pairing,view,0.0
U136,D057,snowy,-2.1,afternoon,16,2,casual,snowy_-2_afternoon_casual,view,0.0
U351,D017,cloudy,19.1,evening,19,6,pairing,cloudy_19_evening_pairing,view,0.0
U414,D116,sunny,23.4,evening,18,0,pairing,sunny_23_evening_pairing,view,0.0
U268,D087,snowy,-4.2,evening,22,6,business,snowy_-4_evening_business,view,0.0
U291,D067,snowy,-1.7,morning,9,2,celebration,snowy_-2_morning_celebration,view,0.0
U207,D077,cloudy,19.5,morning,10,1,celebration,cloudy_19_morning_celebration,view,0.0
U287,D037,sunny,21.0,morning,10,2,recovery,sunny_21_morning_recovery,view,0.0
U115,D081,cloudy,19.5,morning,10,1,celebration,cloudy_19_morning_celebration,view,0.0
U154,D024,snowy,-4.2,evening,22,6,business,snowy_-4_evening_business,view,0.0
U294,D110,cloudy,19.5,morning,10,1,celebration,cloudy_19_morning_celebration,view,0.0
U127,D052,stormy,18.3,morning,8,5,casual,stormy_18_morning_casual,view,0.0
U231,D067,cloudy,16.7,morning,8,4,business,cloudy_17_morning_business,view,0.0
U111,D039,snowy,0.3,morning,7,0,business,snowy_0_morning_business,purchase,1.0
U107,D093,snowy,-3.2,morning,9,1,business,snowy_-3_morning_business,view,0.0
U011,D064,sunny,23.4,evening,18,0,pairing,sunny_23_evening_pairing,view,0.0
U378,D105,cloudy,19.7,afternoon,12,3,casual,cloudy_20_afternoon_casual,view,0.0
U130,D087,stormy,12.8,evening,22,2,casual,stormy_13_evening_casual,view,0.0
U049,D027,snowy,-3.2,morning,9,1,business,snowy_-3_morning_business,view,0.0
U006,D044,snowy,0.3,morning,7,0,business,snowy_0_morning_business,view,0.0
U458,D098,sunny,26.0,afternoon,12,1,casual,sunny_26_afternoon_casual,view,0.0
U282,D007,cloudy,15.0,morning,10,0,pairing,cloudy_15_morning_pairing,view,0.0
U483,D020,sunny,23.4,evening,18,0,pairing,sunny_23_evening_pairing,view,0.0
U436,D111,snowy,-1.7,morning,9,2,celebration,snowy_-2_morning_celebration,view,0.0
U191,D007,cloudy,16.7,morning,8,4,business,cloudy_17_morning_business,view,0.0
U051,D120,rainy,13.9,evening,20,3,recovery,rainy_14_evening_recovery,view,0.0
U282,D032,snowy,-1.7,morning,9,2,celebration,snowy_-2_morning_celebration,view,0.0
U012,D040,cloudy,19.1,evening,19,6,pairing,cloudy_19_evening_pairing,view,0.0
U209,D070,cloudy,12.4,evening,18,6,pairing,cloudy_12_evening_pairing,view,0.0
U227,D047,stormy,10.7,afternoon,12,0,casual,stormy_11_afternoon_casual,view,0.0
U135,D110,sunny,30.7,afternoon,15,3,social,sunny_31_afternoon_social,view,0.0
U026,D059,sunny,29.6,afternoon,16,0,recovery,sunny_30_afternoon_recovery,view,0.0
U116,D118,snowy,0.3,morning,7,0,business,snowy_0_morning_business,view,0.0
U163,D030,sunny,29.6,afternoon,16,0,recovery,sunny_30_afternoon_recovery,view,0.0
U286,D084,snowy,-3.6,morning,8,5,social,snowy_-4_morning_social,view,0.0
U008,D115,sunny,29.6,afternoon,16,0,recovery,sunny_30_afternoon_recovery,view,0.0
U046,D080,snowy,-2.5,morning,7,2,casual,snowy_-2_morning_casual,view,0.0
U335,D051,stormy,14.5,evening,23,3,casual,stormy_15_evening_casual,view,0.0
U113,D044,cloudy,19.5,morning,10,1,celebration,cloudy_19_morning_celebration,rate,3.6
U174,D076,snowy,-4.5,afternoon,13,4,social,snowy_-5_afternoon_social,rate,1.9
U130,D040,cloudy,19.1,evening,19,6,pairing,cloudy_19_evening_pairing,view,0.0
U325,D034,rainy,13.9,evening,20,3,recovery,rainy_14_evening_recovery,view,0.0
U106,D004,rainy,14.4,morning,11,1,recovery,rainy_14_morning_recovery,view,0.0
U217,D027,snowy,0.3,morning,7,0,business,snowy_0_morning_business,view,0.0
U374,D040,sunny,33.7,afternoon,14,3,celebration,sunny_34_afternoon_celebration,view,0.0
U151,D084,cloudy,18.7,morning,8,3,business,cloudy_19_morning_business,view,0.0
U029,D061,sunny,26.0,afternoon,12,1,casual,sunny_26_afternoon_casual,rate,4.4
U401,D037,sunny,26.1,evening,22,1,recovery,sunny_26_evening_recovery,view,0.0
U164,D006,cloudy,15.0,morning,10,0,pairing,cloudy_15_morning_pairing,view,0.0
U378,D022,rainy,13.9,evening,20,3,recovery,rainy_14_evening_recovery,view,0.0
U348,D066,sunny,21.0,morning,10,2,recovery,sunny_21_morning_recovery,view,0.0
U351,D058,sunny,22.3,morning,11,4,pairing,sunny_22_morning_pairing,view,0.0
U273,D091,cloudy,13.9,afternoon,12,5,casual,cloudy_14_afternoon_casual,view,0.0
U072,D037,stormy,16.2,afternoon,17,0,casual,stormy_16_afternoon_casual,view,0.0
U080,D001,snowy,0.6,afternoon,14,1,social,snowy_1_afternoon_social,view,0.0
U107,D064,snowy,-4.5,afternoon,13,4,social,snowy_-5_afternoon_social,view,0.0
U435,D038,sunny,21.6,afternoon,17,3,recovery,sunny_22_afternoon_recovery,view,0.0
U121,D046,stormy,18.3,morning,8,5,casual,stormy_18_morning_casual,view,0.0
U138,D098,rainy,14.4,morning,11,1,recovery,rainy_14_morning_recovery,view,0.0
U481,D110,snowy,-2.1,afternoon,16,2,casual,snowy_-2_afternoon_casual,view,0.0
U151,D108,cloudy,10.4,afternoon,12,0,recovery,cloudy_10_afternoon_recovery,view,0.0
U452,D077,snowy,-2.1,afternoon,16,2,casual,snowy_-2_afternoon_casual,view,0.0
U108,D030,snowy,0.6,afternoon,14,0,pairing,snowy_1_afternoon_pairing,view,0.0
U220,D007,sunny,30.7,afternoon,15,3,social,sunny_31_afternoon_social,view,0.0
U293,D027,sunny,21.0,morning,10,2,recovery,sunny_21_morning_recovery,view,0.0
U307,D093,cloudy,14.6,morning,8,4,pairing,cloudy_15_morning_pairing,view,0.0
U181,D087,sunny,29.6,afternoon,16,0,recovery,sunny_30_afternoon_recovery,view,0.0
U125,D105,cloudy,14.1,evening,23,6,business,cloudy_14_evening_business,view,0.0
U158,D090,snowy,-3.2,morning,9,1,business,snowy_-3_morning_business,view,0.0
U274,D085,sunny,30.7,afternoon,15,3,social,sunny_31_afternoon_social,view,0.0
U362,D060,snowy,0.6,afternoon,14,1,social,snowy_1_afternoon_social,rate,4.6
U333,D028,stormy,10.7,afternoon,12,0,casual,stormy_11_afternoon_casual,view,0.0
U056,D085,cloudy,13.9,afternoon,12,5,casual,cloudy_14_afternoon_casual,view,0.0
U478,D036,cloudy,10.4,afternoon,12,0,recovery,cloudy_10_afternoon_recovery,view,0.0
U055,D118,snowy,-2.5,morning,7,2,casual,snowy_-2_morning_casual,view,0.0
U129,D078,cloudy,14.1,evening,23,6,business,cloudy_14_evening_business,view,0.0
U492,D038,sunny,26.1,evening,22,1,recovery,sunny_26_evening_recovery,view,0.0
U347,D069,cloudy,19.7,afternoon,12,3,casual,cloudy_20_afternoon_casual,view,0.0
U405,D101,cloudy,15.0,morning,10,0,pairing,cloudy_15_morning_pairing,view,0.0
U416,D079,snowy,0.6,afternoon,14,0,pairing,snowy_1_afternoon_pairing,view,0.0
U327,D038,sunny,23.4,evening,18,0,pairing,sunny_23_evening_pairing,view,0.0
U100,D110,cloudy,19.7,afternoon,12,3,casual,cloudy_20_afternoon_casual,view,0.0
U130,D043,cloudy,14.1,evening,23,6,business,cloudy_14_evening_business,view,0.0
U073,D058,snowy,0.6,afternoon,14,0,pairing,snowy_1_afternoon_pairing,view,0.0
U076,D035,sunny,21.6,afternoon,17,3,recovery,sunny_22_afternoon_recovery,view,0.0
U433,D060,cloudy,19.7,afternoon,12,3,casual,cloudy_20_afternoon_casual,view,0.0
U383,D091,snowy,-2.1,afternoon,16,2,casual,snowy_-2_afternoon_casual,view,0.0
U361,D013,cloudy,13.9,afternoon,12,5,casual,cloudy_14_afternoon_casual,purchase,1.0
U387,D087,snowy,-3.2,morning,9,1,business,snowy_-3_morning_business,view,0.0
U207,D065,sunny,29.6,afternoon,16,0,recovery,sunny_30_afternoon_recovery,view,0.0
U159,D011,stormy,10.7,afternoon,12,0,casual,stormy_11_afternoon_casual,view,0.0
U095,D027,rainy,10.1,morning,9,5,business,rainy_10_morning_business,view,0.0
U087,D056,stormy,16.2,afternoon,17,0,casual,stormy_16_afternoon_casual,view,0.0
U431,D019,sunny,23.4,evening,18,0,pairing,sunny_23_evening_pairing,view,0.0
U155,D061,stormy,15.1,morning,10,6,social,stormy_15_morning_social,view,0.0
U113,D115,snowy,-4.2,evening,22,6,business,snowy_-4_evening_business,view,0.0
U044,D109,sunny,21.6,afternoon,17,3,recovery,sunny_22_afternoon_recovery,view,0.0
U111,D095,rainy,7.0,afternoon,16,2,social,rainy_7_afternoon_social,view,0.0
U271,D084,snowy,0.6,afternoon,14,0,pairing,snowy_1_afternoon_pairing,view,0.0
U387,D119,cloudy,13.9,afternoon,12,5,casual,cloudy_14_afternoon_casual,view,0.0
U213,D039,cloudy,19.7,afternoon,12,3,casual,cloudy_20_afternoon_casual,view,0.0
U104,D105,snowy,0.6,afternoon,14,0,pairing,snowy_1_afternoon_pairing,view,0.0
U416,D014,snowy,4.5,afternoon,16,4,social,snowy_5_afternoon_social,view,0.0
U371,D113,cloudy,16.7,morning,8,4,business,cloudy_17_morning_business,view,0.0
U392,D091,snowy,-3.6,morning,8,5,social,snowy_-4_morning_social,view,0.0
U371,D047,sunny,21.0,morning,10,2,recovery,sunny_21_morning_recovery,view,0.0
U232,D105,cloudy,14.1,evening,23,6,business,cloudy_14_evening_business,view,0.0
U352,D052,sunny,30.7,afternoon,15,3,social,sunny_31_afternoon_social,view,0.0
U115,D085,snowy,-2.1,afternoon,16,2,casual,snowy_-2_afternoon_casual,view,0.0
U427,D102,snowy,4.5,afternoon,16,4,social,snowy_5_afternoon_social,view,0.0
U149,D029,snowy,0.6,afternoon,14,1,social,snowy_1_afternoon_social,view,0.0
U199,D102,sunny,23.4,evening,18,0,pairing,sunny_23_evening_pairing,view,0.0
U490,D096,stormy,16.2,afternoon,17,0,casual,stormy_16_afternoon_casual,view,0.0
U441,D005,sunny,33.7,afternoon,14,3,celebration,sunny_34_afternoon_celebration,view,0.0
U337,D114,rainy,14.4,morning,11,1,recovery,rainy_14_morning_recovery,view,0.0
U247,D034,stormy,16.3,morning,11,5,pairing,stormy_16_morning_pairing,view,0.0
U406,D014,rainy,14.4,morning,11,1,recovery,rainy_14_morning_recovery,purchase,1.0
U323,D046,sunny,21.6,afternoon,17,3,recovery,sunny_22_afternoon_recovery,view,0.0
U375,D094,snowy,-3.2,morning,9,1,business,snowy_-3_morning_business,view,0.0
U052,D058,sunny,22.3,morning,11,4,pairing,sunny_22_morning_pairing,view,0.0
U239,D055,snowy,0.3,morning,7,0,business,snowy_0_morning_business,rate,3.0
U448,D068,snowy,-2.1,afternoon,16,2,casual,snowy_-2_afternoon_casual,view,0.0
U277,D010,sunny,21.0,morning,10,2,recovery,sunny_21_morning_recovery,view,0.0
U370,D081,cloudy,17.3,afternoon,15,3,recovery,cloudy_17_afternoon_recovery,rate,2.6
U338,D030,snowy,0.6,afternoon,14,1,social,snowy_1_afternoon_social,rate,4.4
U401,D062,sunny,26.1,evening,22,1,recovery,sunny_26_evening_recovery,view,0.0
U406,D053,cloudy,15.0,morning,10,0,pairing,cloudy_15_morning_pairing,view,0.0
U249,D080,cloudy,16.7,morning,8,4,business,cloudy_17_morning_business,view,0.0
U103,D066,cloudy,14.1,evening,23,6,business,cloudy_14_evening_business,view,0.0
U236,D065,sunny,22.3,morning,11,4,pairing,sunny_22_morning_pairing,view,0.0
U005,D045,rainy,8.4,evening,21,1,casual,rainy_8_evening_casual,view,0.0
U169,D030,snowy,-4.5,afternoon,13,4,social,snowy_-5_afternoon_social,view,0.0
U256,D066,cloudy,14.1,evening,23,6,business,cloudy_14_evening_business,view,0.0
U088,D112,snowy,-1.7,morning,9,2,celebration,snowy_-2_morning_celebration,view,0.0
U002,D050,snowy,4.5,afternoon,16,4,social,snowy_5_afternoon_social,view,0.0
U278,D017,cloudy,18.7,morning,8,3,business,cloudy_19_morning_business,view,0.0
U326,D116,snowy,-3.6,morning,8,5,social,snowy_-4_morning_social,view,0.0
U198,D081,snowy,-2.5,morning,7,2,casual,snowy_-2_morning_casual,view,0.0
U434,D101,snowy,0.3,morning,7,0,business,snowy_0_morning_business,view,0.0
U456,D007,sunny,29.6,afternoon,16,0,recovery,sunny_30_afternoon_recovery,view,0.0
U183,D074,cloudy,19.5,morning,10,1,celebration,cloudy_19_morning_celebration,view,0.0
U064,D033,rainy,7.0,afternoon,16,2,social,rainy_7_afternoon_social,view,0.0
U096,D097,snowy,0.6,afternoon,14,1,social,snowy_1_afternoon_social,view,0.0
U207,D018,snowy,-2.1,afternoon,16,2,casual,snowy_-2_afternoon_casual,view,0.0
U462,D029,sunny,29.6,afternoon,16,0,recovery,sunny_30_afternoon_recovery,view,0.0
U083,D061,stormy,16.2,afternoon,17,0,casual,stormy_16_afternoon_casual,view,0.0
U237,D069,snowy,-4.5,afternoon,13,4,social,snowy_-5_afternoon_social,view,0.0
U083,D020,cloudy,19.7,afternoon,12,3,casual,cloudy_20_afternoon_casual,view,0.0
U348,D016,stormy,18.3,morning,8,5,casual,stormy_18_morning_casual,view,0.0
U232,D119,sunny,21.0,morning,10,2,recovery,sunny_21_morning_recovery,view,0.0
U235,D009,stormy,18.3,morning,8,5,casual,stormy_18_morning_casual,view,0.0
U321,D063,stormy,15.1,morning,10,6,social,stormy_15_morning_social,view,0.0
U232,D019,rainy,12.0,evening,18,0,social,rainy_12_evening_social,view,0.0
U357,D114,sunny,22.3,morning,11,4,pairing,sunny_22_morning_pairing,view,0.0
U030,D007,snowy,-3.2,morning,9,1,business,snowy_-3_morning_business,view,0.0
U363,D022,snowy,0.3,morning,7,0,business,snowy_0_morning_business,purchase,1.0
U167,D020,stormy,15.1,morning,10,6,social,stormy_15_morning_social,view,0.0
U488,D042,cloudy,17.3,afternoon,15,3,recovery,cloudy_17_afternoon_recovery,view,0.0
U122,D069,rainy,13.9,evening,20,3,recovery,rainy_14_evening_recovery,view,0.0
U077,D048,snowy,0.3,morning,7,0,business,snowy_0_morning_business,view,0.0
U035,D052,sunny,29.6,afternoon,16,0,recovery,sunny_30_afternoon_recovery,view,0.0
U116,D047,cloudy,11.9,morning,7,1,social,cloudy_12_morning_social,view,0.0
U107,D087,snowy,-2.5,morning,7,2,casual,snowy_-2_morning_casual,view,0.0
U375,D032,rainy,7.0,afternoon,16,2,social,rainy_7_afternoon_social,view,0.0
U368,D016,rainy,12.0,evening,18,0,social,rainy_12_evening_social,rate,2.4
U054,D020,stormy,12.8,evening,22,2,casual,stormy_13_evening_casual,view,0.0
U136,D120,snowy,0.3,morning,7,0,business,snowy_0_morning_business,view,0.0
U064,D058,rainy,11.5,morning,10,0,casual,rainy_12_morning_casual,view,0.0
U468,D084,rainy,14.4,morning,11,1,recovery,rainy_14_morning_recovery,view,0.0
U342,D079,cloudy,18.2,afternoon,17,1,business,cloudy_18_afternoon_business,view,0.0
U203,D014,stormy,18.3,morning,8,5,casual,stormy_18_morning_casual,view,0.0
U152,D010,cloudy,18.2,afternoon,17,1,business,cloudy_18_afternoon_business,view,0.0
U165,D042,cloudy,15.0,morning,10,0,pairing,cloudy_15_morning_pairing,view,0.0
U230,D004,sunny,30.7,afternoon,15,3,social,sunny_31_afternoon_social,view,0.0
U010,D118,cloudy,19.7,afternoon,12,3,casual,cloudy_20_afternoon_casual,view,0.0
U096,D018,cloudy,10.4,afternoon,12,0,recovery,cloudy_10_afternoon_recovery,view,0.0
U382,D117,snowy,0.3,morning,7,0,business,snowy_0_morning_business,view,0.0
U367,D082,snowy,-3.6,morning,8,5,social,snowy_-4_morning_social,view,0.0
U455,D074,sunny,26.0,afternoon,12,1,casual,sunny_26_afternoon_casual,view,0.0
U160,D087,stormy,10.7,afternoon,12,0,casual,stormy_11_afternoon_casual,view,0.0
U089,D021,cloudy,17.3,afternoon,15,3,recovery,cloudy_17_afternoon_recovery,view,0.0
U084,D026,cloudy,15.0,morning,10,0,pairing,cloudy_15_morning_pairing,view,0.0
U112,D044,sunny,21.6,afternoon,17,3,recovery,sunny_22_afternoon_recovery,view,0.0
U168,D063,snowy,-2.1,afternoon,16,2,casual,snowy_-2_afternoon_casual,view,0.0
U460,D079,stormy,15.1,morning,10,6,social,stormy_15_morning_social,view,0.0
U387,D038,snowy,-2.5,morning,7,2,casual,snowy_-2_morning_casual,view,0.0
U296,D068,sunny,33.7,afternoon,14,3,celebration,sunny_34_afternoon_celebration,view,0.0
U133,D039,stormy,16.3,morning,11,5,pairing,stormy_16_morning_pairing,view,0.0
U352,D100,rainy,9.4,evening,20,2,business,rainy_9_evening_business,view,0.0
U032,D043,stormy,12.8,evening,22,2,casual,stormy_13_evening_casual,view,0.0
U281,D108,cloudy,15.0,morning,10,0,pairing,cloudy_15_morning_pairing,view,0.0
U230,D093,cloudy,18.2,afternoon,17,1,business,cloudy_18_afternoon_business,purchase,1.0
U099,D015,cloudy,14.6,morning,8,4,pairing,cloudy_15_morning_pairing,rate,1.1
U169,D021,cloudy,11.9,morning,7,1,social,cloudy_12_morning_social,view,0.0
U273,D065,rainy,12.4,evening,23,1,recovery,rainy_12_evening_recovery,view,0.0
U314,D106,sunny,33.7,afternoon,14,3,celebration,sunny_34_afternoon_celebration,view,0.0
U436,D006,cloudy,19.1,evening,19,6,pairing,cloudy_19_evening_pairing,view,0.0
U244,D113,stormy,16.2,afternoon,17,0,casual,stormy_16_afternoon_casual,view,0.0
U273,D075,cloudy,12.4,evening,18,6,pairing,cloudy_12_evening_pairing,view,0.0
U087,D113,sunny,26.1,evening,22,1,recovery,sunny_26_evening_recovery,view,0.0
U065,D032,cloudy,11.9,morning,7,1,social,cloudy_12_morning_social,view,0.0
U182,D102,cloudy,17.3,afternoon,15,3,recovery,cloudy_17_afternoon_recovery,view,0.0
U183,D058,sunny,26.0,afternoon,12,1,casual,sunny_26_afternoon_casual,view,0.0
U300,D041,snowy,0.6,afternoon,14,1,social,snowy_1_afternoon_social,rate,3.3
U090,D087,snowy,-3.2,morning,9,1,business,snowy_-3_morning_business,view,0.0
U383,D077,snowy,-2.5,morning,7,2,casual,snowy_-2_morning_casual,view,0.0
U163,D116,cloudy,19.5,morning,10,1,celebration,cloudy_19_morning_celebration,view,0.0
U371,D008,cloudy,19.1,evening,19,6,pairing,cloudy_19_evening_pairing,view,0.0
U031,D030,snowy,-1.7,morning,9,2,celebration,snowy_-2_morning_celebration,view,0.0
U409,D029,cloudy,16.7,morning,8,4,business,cloudy_17_morning_business,view,0.0
U457,D041,cloudy,18.2,afternoon,17,1,business,cloudy_18_afternoon_business,view,0.0
U022,D088,stormy,14.5,evening,23,3,casual,stormy_15_evening_casual,view,0.0
U263,D084,stormy,10.7,afternoon,12,0,casual,stormy_11_afternoon_casual,view,0.0
U252,D077,sunny,30.7,afternoon,15,3,social,sunny_31_afternoon_social,rate,1.2
U279,D061,stormy,10.7,afternoon,12,0,casual,stormy_11_afternoon_casual,view,0.0
U472,D043,rainy,13.9,evening,20,3,recovery,rainy_14_evening_recovery,view,0.0
U148,D016,rainy,10.1,morning,9,5,business,rainy_10_morning_business,view,0.0
U018,D059,cloudy,17.3,afternoon,15,3,recovery,cloudy_17_afternoon_recovery,view,0.0
U147,D026,snowy,-2.5,morning,7,2,casual,snowy_-2_morning_casual,view,0.0
U249,D057,rainy,11.5,morning,10,0,casual,rainy_12_morning_casual,view,0.0
U213,D113,sunny,22.3,morning,11,4,pairing,sunny_22_morning_pairing,view,0.0
U413,D095,stormy,16.3,morning,11,5,pairing,stormy_16_morning_pairing,view,0.0
U226,D094,rainy,14.4,morning,11,1,recovery,rainy_14_morning_recovery,view,0.0
U473,D078,sunny,30.7,afternoon,15,3,social,sunny_31_afternoon_social,view,0.0
U382,D039,cloudy,11.9,morning,7,1,social,cloudy_12_morning_social,rate,1.1
U224,D089,cloudy,16.7,morning,8,4,business,cloudy_17_morning_business,view,0.0
U439,D115,snowy,-2.1,afternoon,16,2,casual,snowy_-2_afternoon_casual,view,0.0
U447,D075,snowy,-1.7,morning,9,2,celebration,snowy_-2_morning_celebration,view,0.0
U393,D035,rainy,11.5,morning,10,0,casual,rainy_12_morning_casual,rate,3.6
U261,D093,stormy,15.1,morning,10,6,social,stormy_15_morning_social,view,0.0
U259,D085,rainy,12.4,evening,23,1,recovery,rainy_12_evening_recovery,view,0.0
U419,D087,snowy,-3.6,morning,8,5,social,snowy_-4_morning_social,view,0.0
U173,D066,snowy,-3.6,morning,8,5,social,snowy_-4_morning_social,view,0.0
U245,D044,snowy,0.6,afternoon,14,1,social,snowy_1_afternoon_social,view,0.0
U062,D025,sunny,29.6,afternoon,16,0,recovery,sunny_30_afternoon_recovery,view,0.0
U295,D052,snowy,-3.2,morning,9,1,business,snowy_-3_morning_business,view,0.0
U060,D088,snowy,0.6,afternoon,14,1,social,snowy_1_afternoon_social,view,0.0
U197,D020,sunny,21.0,morning,10,2,recovery,sunny_21_morning_recovery,view,0.0
U106,D088,snowy,0.6,afternoon,14,1,social,snowy_1_afternoon_social,view,0.0
U414,D054,snowy,-2.1,afternoon,16,2,casual,snowy_-2_afternoon_casual,view,0.0
U043,D010,cloudy,14.1,evening,23,6,business,cloudy_14_evening_business,rate,1.7
U214,D017,stormy,16.2,afternoon,17,0,casual,stormy_16_afternoon_casual,view,0.0
U192,D107,rainy,7.0,afternoon,16,2,social,rainy_7_afternoon_social,view,0.0
U132,D101,cloudy,19.5,morning,10,1,celebration,cloudy_19_morning_celebration,view,0.0
U468,D094,snowy,-1.7,morning,9,2,celebration,snowy_-2_morning_celebration,view,0.0
U195,D060,snowy,0.3,morning,7,0,business,snowy_0_morning_business,view,0.0
U359,D025,rainy,7.0,afternoon,16,2,social,rainy_7_afternoon_social,rate,1.2
U246,D040,stormy,12.8,evening,22,2,casual,stormy_13_evening_casual,view,0.0
U168,D119,cloudy,18.2,afternoon,17,1,business,cloudy_18_afternoon_business,purchase,1.0
U197,D017,cloudy,18.2,afternoon,17,1,business,cloudy_18_afternoon_business,purchase,1.0
U076,D042,sunny,23.4,evening,18,0,pairing,sunny_23_evening_pairing,view,0.0
U349,D102,snowy,-3.6,morning,8,5,social,snowy_-4_morning_social,view,0.0
U374,D063,stormy,16.3,morning,11,5,pairing,stormy_16_morning_pairing,view,0.0
U278,D102,cloudy,15.0,morning,10,0,pairing,cloudy_15_morning_pairing,view,0.0
U171,D061,rainy,13.9,evening,20,3,recovery,rainy_14_evening_recovery,view,0.0
U388,D093,cloudy,14.1,evening,23,6,business,cloudy_14_evening_business,view,0.0
U020,D111,cloudy,14.6,morning,8,4,pairing,cloudy_15_morning_pairing,view,0.0
U089,D026,snowy,0.6,afternoon,14,1,social,snowy_1_afternoon_social,view,0.0
U130,D026,rainy,10.1,morning,9,5,business,rainy_10_morning_business,view,0.0
U415,D026,cloudy,18.7,morning,8,3,business,cloudy_19_morning_business,view,0.0
U117,D005,cloudy,17.3,afternoon,15,3,recovery,cloudy_17_afternoon_recovery,view,0.0
U159,D082,rainy,10.1,morning,9,5,business,rainy_10_morning_business,view,0.0
U218,D100,stormy,18.3,morning,8,5,casual,stormy_18_morning_casual,view,0.0
U229,D071,snowy,-2.1,afternoon,16,2,casual,snowy_-2_afternoon_casual,view,0.0
U312,D002,stormy,15.1,morning,10,6,social,stormy_15_morning_social,view,0.0
U141,D013,stormy,10.7,afternoon,12,0,casual,stormy_11_afternoon_casual,view,0.0
U470,D027,stormy,10.7,afternoon,12,0,casual,stormy_11_afternoon_casual,view,0.0
U014,D117,rainy,10.1,morning,9,5,business,rainy_10_morning_business,view,0.0
U485,D068,sunny,21.6,afternoon,17,3,recovery,sunny_22_afternoon_recovery,view,0.0
U132,D114,rainy,12.0,evening,18,0,social,rainy_12_evening_social,view,0.0
U279,D068,sunny,33.7,afternoon,14,3,celebration,sunny_34_afternoon_celebration,view,0.0
U006,D082,sunny,33.7,afternoon,14,3,celebration,sunny_34_afternoon_celebration,view,0.0
U237,D105,sunny,26.1,evening,22,1,recovery,sunny_26_evening_recovery,view,0.0
U310,D088,snowy,-2.1,afternoon,16,2,casual,snowy_-2_afternoon_casual,view,0.0
U321,D087,sunny,21.6,afternoon,17,3,recovery,sunny_22_afternoon_recovery,view,0.0
U319,D032,rainy,7.0,afternoon,16,2,social,rainy_7_afternoon_social,view,0.0
U429,D017,cloudy,19.7,afternoon,12,3,casual,cloudy_20_afternoon_casual,view,0.0
U068,D108,sunny,26.1,evening,22,1,recovery,sunny_26_evening_recovery,view,0.0
U390,D016,rainy,7.0,afternoon,16,2,social,rainy_7_afternoon_social,view,0.0
U076,D027,cloudy,19.5,morning,10,1,celebration,cloudy_19_morning_celebration,view,0.0
U371,D107,rainy,14.4,morning,11,1,recovery,rainy_14_morning_recovery,view,0.0
U007,D037,cloudy,10.4,afternoon,12,0,recovery,cloudy_10_afternoon_recovery,view,0.0
U115,D041,stormy,10.7,afternoon,12,0,casual,stormy_11_afternoon_casual,view,0.0
U142,D101,rainy,7.0,afternoon,16,2,social,rainy_7_afternoon_social,view,0.0
U048,D051,rainy,9.4,evening,20,2,business,rainy_9_evening_business,view,0.0
U211,D116,snowy,0.3,morning,7,0,business,snowy_0_morning_business,view,0.0
U235,D059,snowy,0.6,afternoon,14,1,social,snowy_1_afternoon_social,view,0.0
U221,D113,snowy,0.6,afternoon,14,0,pairing,snowy_1_afternoon_pairing,view,0.0
U187,D066,cloudy,19.5,morning,10,1,celebration,cloudy_19_morning_celebration,view,0.0
U424,D117,snowy,0.6,afternoon,14,0,pairing,snowy_1_afternoon_pairing,view,0.0
U392,D060,snowy,4.5,afternoon,16,4,social,snowy_5_afternoon_social,view,0.0
U217,D029,snowy,4.5,afternoon,16,4,social,snowy_5_afternoon_social,view,0.0
U388,D084,rainy,8.4,evening,21,1,casual,rainy_8_evening_casual,view,0.0
U178,D039,snowy,-2.5,morning,7,2,casual,snowy_-2_morning_casual,view,0.0
U462,D044,snowy,0.3,morning,7,0,business,snowy_0_morning_business,view,0.0
U197,D081,rainy,13.9,evening,20,3,recovery,rainy_14_evening_recovery,rate,2.9
U496,D068,stormy,16.2,afternoon,17,0,casual,stormy_16_afternoon_casual,view,0.0
U041,D050,sunny,33.7,afternoon,14,3,celebration,sunny_34_afternoon_celebration,view,0.0
U181,D017,sunny,22.3,morning,11,4,pairing,sunny_22_morning_pairing,view,0.0
U144,D052,stormy,12.8,evening,22,2,casual,stormy_13_evening_casual,view,0.0
U246,D111,sunny,26.1,evening,22,1,recovery,sunny_26_evening_recovery,view,0.0
U115,D020,rainy,12.0,evening,18,0,social,rainy_12_evening_social,view,0.0
U309,D049,rainy,14.4,morning,11,1,recovery,rainy_14_morning_recovery,view,0.0
U373,D035,cloudy,13.9,afternoon,12,5,casual,cloudy_14_afternoon_casual,purchase,1.0
U063,D082,sunny,21.0,morning,10,2,recovery,sunny_21_morning_recovery,view,0.0
U325,D041,cloudy,19.1,evening,19,6,pairing,cloudy_19_evening_pairing,view,0.0
U056,D079,sunny,22.3,morning,11,4,pairing,sunny_22_morning_pairing,view,0.0
U376,D098,stormy,15.1,morning,10,6,social,stormy_15_morning_social,view,0.0
U365,D095,snowy,0.6,afternoon,14,0,pairing,snowy_1_afternoon_pairing,view,0.0
U132,D024,snowy,-1.7,morning,9,2,celebration,snowy_-2_morning_celebration,view,0.0
U459,D029,stormy,16.2,afternoon,17,0,casual,stormy_16_afternoon_casual,view,0.0
U360,D075,sunny,21.0,morning,10,2,recovery,sunny_21_morning_recovery,view,0.0
U437,D089,snowy,-2.5,morning,7,2,casual,snowy_-2_morning_casual,view,0.0
U346,D055,snowy,0.6,afternoon,14,0,pairing,snowy_1_afternoon_pairing,view,0.0
U091,D038,sunny,21.6,afternoon,17,3,recovery,sunny_22_afternoon_recovery,view,0.0
U137,D082,sunny,21.6,afternoon,17,3,recovery,sunny_22_afternoon_recovery,view,0.0
U158,D110,sunny,30.7,afternoon,15,3,social,sunny_31_afternoon_social,rate,1.4
U057,D054,cloudy,11.9,morning,7,1,social,cloudy_12_morning_social,view,0.0
U200,D056,snowy,0.6,afternoon,14,0,pairing,snowy_1_afternoon_pairing,view,0.0
U322,D030,stormy,16.3,morning,11,5,pairing,stormy_16_morning_pairing,view,0.0
U157,D041,cloudy,13.9,afternoon,12,5,casual,cloudy_14_afternoon_casual,view,0.0
U127,D091,sunny,30.7,afternoon,15,3,social,sunny_31_afternoon_social,view,0.0
U350,D065,snowy,4.5,afternoon,16,4,social,snowy_5_afternoon_social,view,0.0
U112,D106,sunny,26.1,evening,22,1,recovery,sunny_26_evening_recovery,view,0.0
U452,D083,sunny,21.6,afternoon,17,3,recovery,sunny_22_afternoon_recovery,view,0.0
U011,D008,snowy,-4.2,evening,22,6,business,snowy_-4_evening_business,rate,1.9
U410,D026,stormy,10.7,afternoon,12,0,casual,stormy_11_afternoon_casual,view,0.0
U413,D043,snowy,-4.2,evening,22,6,business,snowy_-4_evening_business,purchase,1.0
U206,D005,sunny,29.6,afternoon,16,0,recovery,sunny_30_afternoon_recovery,view,0.0
U447,D057,cloudy,11.9,morning,7,1,social,cloudy_12_morning_social,view,0.0
U328,D079,cloudy,11.9,morning,7,1,social,cloudy_12_morning_social,rate,3.4
U371,D076,cloudy,14.6,morning,8,4,pairing,cloudy_15_morning_pairing,view,0.0
U391,D105,snowy,4.5,afternoon,16,4,social,snowy_5_afternoon_social,view,0.0
U045,D061,cloudy,19.5,morning,10,1,celebration,cloudy_19_morning_celebration,view,0.0
U286,D065,cloudy,15.0,morning,10,0,pairing,cloudy_15_morning_pairing,view,0.0
U341,D083,cloudy,13.9,afternoon,12,5,casual,cloudy_14_afternoon_casual,view,0.0
U352,D030,cloudy,19.1,evening,19,6,pairing,cloudy_19_evening_pairing,view,0.0
U443,D090,snowy,-3.6,morning,8,5,social,snowy_-4_morning_social,view,0.0
U250,D054,rainy,13.9,evening,20,3,recovery,rainy_14_evening_recovery,view,0.0
U415,D029,cloudy,10.4,afternoon,12,0,recovery,cloudy_10_afternoon_recovery,view,0.0
U371,D045,cloudy,18.7,morning,8,3,business,cloudy_19_morning_business,view,0.0
U075,D052,sunny,33.7,afternoon,14,3,celebration,sunny_34_afternoon_celebration,view,0.0
U088,D043,sunny,33.7,afternoon,14,3,celebration,sunny_34_afternoon_celebration,view,0.0
U092,D099,sunny,21.0,morning,10,2,recovery,sunny_21_morning_recovery,view,0.0
U221,D053,cloudy,19.1,evening,19,6,pairing,cloudy_19_evening_pairing,view,0.0
U342,D009,cloudy,15.0,morning,10,0,pairing,cloudy_15_morning_pairing,rate,4.3
U113,D092,stormy,18.3,morning,8,5,casual,stormy_18_morning_casual,view,0.0
U299,D109,cloudy,18.2,afternoon,17,1,business,cloudy_18_afternoon_business,view,0.0
U302,D092,cloudy,15.0,morning,10,0,pairing,cloudy_15_morning_pairing,view,0.0
U257,D098,sunny,22.3,morning,11,4,pairing,sunny_22_morning_pairing,rate,4.9
U020,D082,snowy,-2.1,afternoon,16,2,casual,snowy_-2_afternoon_casual,view,0.0
U469,D072,sunny,26.1,evening,22,1,recovery,sunny_26_evening_recovery,view,0.0
U363,D115,cloudy,19.7,afternoon,12,3,casual,cloudy_20_afternoon_casual,rate,4.9
U275,D065,snowy,-3.6,morning,8,5,social,snowy_-4_morning_social,view,0.0
U096,D048,rainy,12.0,evening,18,0,social,rainy_12_evening_social,view,0.0
U092,D028,rainy,12.0,evening,18,0,social,rainy_12_evening_social,view,0.0
U307,D033,cloudy,10.4,afternoon,12,0,recovery,cloudy_10_afternoon_recovery,view,0.0
U154,D006,cloudy,18.2,afternoon,17,1,business,cloudy_18_afternoon_business,rate,3.9
U334,D064,snowy,-2.1,afternoon,16,2,casual,snowy_-2_afternoon_casual,view,0.0
U269,D065,cloudy,18.2,afternoon,17,1,business,cloudy_18_afternoon_business,view,0.0
U145,D077,rainy,12.4,evening,23,1,recovery,rainy_12_evening_recovery,view,0.0
U006,D094,rainy,11.5,morning,10,0,casual,rainy_12_morning_casual,view,0.0
U302,D078,rainy,14.4,morning,11,1,recovery,rainy_14_morning_recovery,view,0.0
U447,D061,stormy,10.7,afternoon,12,0,casual,stormy_11_afternoon_casual,view,0.0
U320,D115,stormy,10.7,afternoon,12,0,casual,stormy_11_afternoon_casual,view,0.0
U286,D043,sunny,21.6,afternoon,17,3,recovery,sunny_22_afternoon_recovery,view,0.0
U430,D023,stormy,12.8,evening,22,2,casual,stormy_13_evening_casual,view,0.0
U440,D116,stormy,10.7,afternoon,12,0,casual,stormy_11_afternoon_casual,view,0.0
U115,D094,cloudy,18.7,morning,8,3,business,cloudy_19_morning_business,view,0.0
U155,D046,sunny,23.4,evening,18,0,pairing,sunny_23_evening_pairing,view,0.0
U014,D048,sunny,21.0,morning,10,2,recovery,sunny_21_morning_recovery,view,0.0
U222,D089,stormy,18.3,morning,8,5,casual,stormy_18_morning_casual,view,0.0
U028,D055,stormy,16.2,afternoon,17,0,casual,stormy_16_afternoon_casual,view,0.0
U154,D070,cloudy,15.0,morning,10,0,pairing,cloudy_15_morning_pairing,view,0.0
U396,D070,rainy,12.4,evening,23,1,recovery,rainy_12_evening_recovery,view,0.0
U236,D061,sunny,26.1,evening,22,1,recovery,sunny_26_evening_recovery,view,0.0
U109,D081,cloudy,14.1,evening,23,6,business,cloudy_14_evening_business,view,0.0
U316,D065,cloudy,14.6,morning,8,4,pairing,cloudy_15_morning_pairing,purchase,1.0
U209,D094,snowy,0.6,afternoon,14,0,pairing,snowy_1_afternoon_pairing,view,0.0
U433,D098,cloudy,12.4,evening,18,6,pairing,cloudy_12_evening_pairing,view,0.0
U252,D108,snowy,-2.5,morning,7,2,casual,snowy_-2_morning_casual,view,0.0
U445,D026,cloudy,18.2,afternoon,17,1,business,cloudy_18_afternoon_business,view,0.0
U283,D040,sunny,23.4,evening,18,0,pairing,sunny_23_evening_pairing,view,0.0
U015,D054,cloudy,17.3,afternoon,15,3,recovery,cloudy_17_afternoon_recovery,view,0.0
U291,D112,cloudy,18.2,afternoon,17,1,business,cloudy_18_afternoon_business,view,0.0
U168,D093,cloudy,19.1,evening,19,6,pairing,cloudy_19_evening_pairing,view,0.0
U170,D119,snowy,-3.6,morning,8,5,social,snowy_-4_morning_social,view,0.0
U339,D085,sunny,21.0,morning,10,2,recovery,sunny_21_morning_recovery,view,0.0
U361,D053,sunny,26.0,afternoon,12,1,casual,sunny_26_afternoon_casual,view,0.0
U294,D109,cloudy,14.1,evening,23,6,business,cloudy_14_evening_business,view,0.0
U494,D011,sunny,21.6,afternoon,17,3,recovery,sunny_22_afternoon_recovery,view,0.0
U428,D112,cloudy,18.2,afternoon,17,1,business,cloudy_18_afternoon_business,purchase,1.0
U062,D116,snowy,0.6,afternoon,14,0,pairing,snowy_1_afternoon_pairing,view,0.0
U346,D012,snowy,-2.1,afternoon,16,2,casual,snowy_-2_afternoon_casual,view,0.0
U074,D107,rainy,7.0,afternoon,16,2,social,rainy_7_afternoon_social,view,0.0
U043,D018,snowy,-4.2,evening,22,6,business,snowy_-4_evening_business,view,0.0
U320,D103,rainy,9.4,evening,20,2,business,rainy_9_evening_business,view,0.0
U188,D097,snowy,-2.5,morning,7,2,casual,snowy_-2_morning_casual,view,0.0
U416,D036,rainy,8.4,evening,21,1,casual,rainy_8_evening_casual,view,0.0
U343,D063,stormy,16.2,afternoon,17,0,casual,stormy_16_afternoon_casual,view,0.0
U296,D024,stormy,16.3,morning,11,5,pairing,stormy_16_morning_pairing,view,0.0
U153,D007,cloudy,18.2,afternoon,17,1,business,cloudy_18_afternoon_business,view,0.0
U243,D086,cloudy,16.7,morning,8,4,business,cloudy_17_morning_business,view,0.0
U353,D045,cloudy,15.0,morning,10,0,pairing,cloudy_15_morning_pairing,view,0.0
U257,D074,cloudy,14.1,evening,23,6,business,cloudy_14_evening_business,view,0.0
U477,D007,cloudy,18.2,afternoon,17,1,business,cloudy_18_afternoon_business,view,0.0
U331,D119,snowy,0.6,afternoon,14,1,social,snowy_1_afternoon_social,view,0.0
U186,D103,snowy,0.6,afternoon,14,1,social,snowy_1_afternoon_social,view,0.0
U243,D046,rainy,9.4,evening,20,2,business,rainy_9_evening_business,view,0.0
U464,D009,cloudy,19.1,evening,19,6,pairing,cloudy_19_evening_pairing,view,0.0
U490,D016,cloudy,10.4,afternoon,12,0,recovery,cloudy_10_afternoon_recovery,view,0.0
U333,D046,cloudy,14.6,morning,8,4,pairing,cloudy_15_morning_pairing,view,0.0
U334,D023,cloudy,19.1,evening,19,6,pairing,cloudy_19_evening_pairing,view,0.0
U122,D027,rainy,7.0,afternoon,16,2,social,rainy_7_afternoon_social,view,0.0
U388,D094,snowy,-3.6,morning,8,5,social,snowy_-4_morning_social,view,0.0
U267,D040,cloudy,19.1,evening,19,6,pairing,cloudy_19_evening_pairing,view,0.0
U480,D003,snowy,-1.7,morning,9,2,celebration,snowy_-2_morning_celebration,purchase,1.0
U368,D073,snowy,-3.2,morning,9,1,business,snowy_-3_morning_business,view,0.0
U350,D072,rainy,8.4,evening,21,1,casual,rainy_8_evening_casual,view,0.0
U417,D102,sunny,22.3,morning,11,4,pairing,sunny_22_morning_pairing,view,0.0
U144,D083,stormy,18.3,morning,8,5,casual,stormy_18_morning_casual,purchase,1.0
U331,D014,snowy,-4.2,evening,22,6,business,snowy_-4_evening_business,view,0.0
U172,D020,sunny,33.7,afternoon,14,3,celebration,sunny_34_afternoon_celebration,view,0.0
U449,D011,snowy,0.3,morning,7,0,business,snowy_0_morning_business,view,0.0
U111,D092,cloudy,14.1,evening,23,6,business,cloudy_14_evening_business,rate,2.9
U492,D089,cloudy,19.1,evening,19,6,pairing,cloudy_19_evening_pairing,view,0.0
U252,D076,snowy,0.3,morning,7,0,business,snowy_0_morning_business,view,0.0
U340,D080,rainy,10.1,morning,9,5,business,rainy_10_morning_business,view,0.0
U433,D016,rainy,14.4,morning,11,1,recovery,rainy_14_morning_recovery,view,0.0
U102,D113,snowy,4.5,afternoon,16,4,social,snowy_5_afternoon_social,view,0.0
U338,D107,cloudy,15.0,morning,10,0,pairing,cloudy_15_morning_pairing,view,0.0
U084,D043,rainy,7.0,afternoon,16,2,social,rainy_7_afternoon_social,rate,4.9
U102,D007,cloudy,16.7,morning,8,4,business,cloudy_17_morning_business,view,0.0
U227,D004,sunny,33.7,afternoon,14,3,celebration,sunny_34_afternoon_celebration,view,0.0
U243,D059,sunny,21.0,morning,10,2,recovery,sunny_21_morning_recovery,view,0.0
U223,D022,snowy,0.6,afternoon,14,0,pairing,snowy_1_afternoon_pairing,rate,1.9
U298,D029,cloudy,14.6,morning,8,4,pairing,cloudy_15_morning_pairing,view,0.0
U255,D013,rainy,10.1,morning,9,5,business,rainy_10_morning_business,view,0.0
U297,D052,snowy,0.6,afternoon,14,0,pairing,snowy_1_afternoon_pairing,view,0.0
U254,D108,rainy,12.0,evening,18,0,social,rainy_12_evening_social,view,0.0
U427,D065,rainy,13.9,evening,20,3,recovery,rainy_14_evening_recovery,view,0.0
U250,D059,snowy,-2.5,morning,7,2,casual,snowy_-2_morning_casual,view,0.0
U079,D011,snowy,0.6,afternoon,14,1,social,snowy_1_afternoon_social,view,0.0
U372,D094,rainy,12.0,evening,18,0,social,rainy_12_evening_social,view,0.0
U053,D065,snowy,0.6,afternoon,14,0,pairing,snowy_1_afternoon_pairing,view,0.0
U121,D075,rainy,9.4,evening,20,2,business,rainy_9_evening_business,view,0.0
U055,D051,sunny,26.1,evening,22,1,recovery,sunny_26_evening_recovery,view,0.0
U153,D063,cloudy,16.7,morning,8,4,business,cloudy_17_morning_business,view,0.0
U091,D038,snowy,0.6,afternoon,14,1,social,snowy_1_afternoon_social,view,0.0
U338,D022,rainy,8.4,evening,21,1,casual,rainy_8_evening_casual,view,0.0
U172,D022,cloudy,17.3,afternoon,15,3,recovery,cloudy_17_afternoon_recovery,view,0.0
U495,D055,snowy,-4.5,afternoon,13,4,social,snowy_-5_afternoon_social,view,0.0
U273,D003,rainy,13.9,evening,20,3,recovery,rainy_14_evening_recovery,view,0.0
U345,D062,sunny,21.0,morning,10,2,recovery,sunny_21_morning_recovery,view,0.0
U393,D024,cloudy,15.0,morning,10,0,pairing,cloudy_15_morning_pairing,view,0.0
U161,D043,cloudy,14.1,evening,23,6,business,cloudy_14_evening_business,view,0.0
U469,D103,sunny,26.1,evening,22,1,recovery,sunny_26_evening_recovery,view,0.0
U404,D067,rainy,14.4,morning,11,1,recovery,rainy_14_morning_recovery,view,0.0
U465,D019,rainy,14.4,morning,11,1,recovery,rainy_14_morning_recovery,view,0.0
U192,D022,rainy,7.0,afternoon,16,2,social,rainy_7_afternoon_social,view,0.0
U429,D011,stormy,16.3,morning,11,5,pairing,stormy_16_morning_pairing,view,0.0
U020,D005,cloudy,10.4,afternoon,12,0,recovery,cloudy_10_afternoon_recovery,view,0.0
U028,D098,cloudy,17.3,afternoon,15,3,recovery,cloudy_17_afternoon_recovery,view,0.0
U012,D025,rainy,12.4,evening,23,1,recovery,rainy_12_evening_recovery,view,0.0
U259,D024,stormy,14.5,evening,23,3,casual,stormy_15_evening_casual,view,0.0
U376,D090,cloudy,14.1,evening,23,6,business,cloudy_14_evening_business,view,0.0
U224,D001,snowy,-3.6,morning,8,5,social,snowy_-4_morning_social,view,0.0
U306,D020,snowy,-3.6,morning,8,5,social,snowy_-4_morning_social,view,0.0
U187,D054,rainy,11.5,morning,10,0,casual,rainy_12_morning_casual,view,0.0
U103,D023,stormy,16.3,morning,11,5,pairing,stormy_16_morning_pairing,view,0.0
U017,D031,snowy,0.6,afternoon,14,0,pairing,snowy_1_afternoon_pairing,view,0.0
U125,D045,stormy,12.8,evening,22,2,casual,stormy_13_evening_casual,view,0.0
U203,D091,sunny,26.1,evening,22,1,recovery,sunny_26_evening_recovery,view,0.0
U324,D017,cloudy,17.3,afternoon,15,3,recovery,cloudy_17_afternoon_recovery,view,0.0
U261,D058,snowy,-2.1,afternoon,16,2,casual,snowy_-2_afternoon_casual,view,0.0
U458,D105,rainy,12.0,evening,18,0,social,rainy_12_evening_social,purchase,1.0
U484,D085,rainy,10.1,morning,9,5,business,rainy_10_morning_business,purchase,1.0
U400,D026,cloudy,18.7,morning,8,3,business,cloudy_19_morning_business,view,0.0
U359,D114,rainy,7.0,afternoon,16,2,social,rainy_7_afternoon_social,rate,5.0
U184,D005,snowy,0.3,morning,7,0,business,snowy_0_morning_business,view,0.0
U005,D069,stormy,10.7,afternoon,12,0,casual,stormy_11_afternoon_casual,view,0.0
U161,D022,sunny,21.0,morning,10,2,recovery,sunny_21_morning_recovery,view,0.0
U065,D071,cloudy,19.1,evening,19,6,pairing,cloudy_19_evening_pairing,view,0.0
U367,D006,sunny,33.7,afternoon,14,3,celebration,sunny_34_afternoon_celebration,view,0.0
U234,D012,rainy,12.4,evening,23,1,recovery,rainy_12_evening_recovery,view,0.0
U369,D077,rainy,7.0,afternoon,16,2,social,rainy_7_afternoon_social,view,0.0
U095,D061,stormy,18.3,morning,8,5,casual,stormy_18_morning_casual,view,0.0
U290,D080,sunny,23.4,evening,18,0,pairing,sunny_23_evening_pairing,view,0.0
U008,D008,sunny,26.1,evening,22,1,recovery,sunny_26_evening_recovery,view,0.0
U147,D074,snowy,0.6,afternoon,14,1,social,snowy_1_afternoon_social,view,0.0
U413,D116,stormy,16.3,morning,11,5,pairing,stormy_16_morning_pairing,view,0.0
U205,D046,stormy,16.3,morning,11,5,pairing,stormy_16_morning_pairing,view,0.0
U222,D060,stormy,16.2,afternoon,17,0,casual,stormy_16_afternoon_casual,view,0.0
U055,D019,stormy,10.7,afternoon,12,0,casual,stormy_11_afternoon_casual,view,0.0
U117,D092,snowy,-1.7,morning,9,2,celebration,snowy_-2_morning_celebration,view,0.0
U295,D080,snowy,-2.5,morning,7,2,casual,snowy_-2_morning_casual,view,0.0
U174,D028,snowy,4.5,afternoon,16,4,social,snowy_5_afternoon_social,view,0.0
U402,D087,cloudy,16.7,morning,8,4,business,cloudy_17_morning_business,rate,1.6
U064,D119,snowy,0.6,afternoon,14,0,pairing,snowy_1_afternoon_pairing,view,0.0
U313,D035,rainy,11.5,morning,10,0,casual,rainy_12_morning_casual,view,0.0
U030,D017,rainy,9.4,evening,20,2,business,rainy_9_evening_business,view,0.0
U397,D103,snowy,-3.6,morning,8,5,social,snowy_-4_morning_social,view,0.0
U059,D109,snowy,0.6,afternoon,14,0,pairing,snowy_1_afternoon_pairing,view,0.0
U160,D097,snowy,0.6,afternoon,14,0,pairing,snowy_1_afternoon_pairing,view,0.0
U402,D059,cloudy,13.9,afternoon,12,5,casual,cloudy_14_afternoon_casual,view,0.0
U325,D008,snowy,0.6,afternoon,14,1,social,snowy_1_afternoon_social,view,0.0
U142,D013,snowy,-2.1,afternoon,16,2,casual,snowy_-2_afternoon_casual,view,0.0
U022,D020,snowy,-4.5,afternoon,13,4,social,snowy_-5_afternoon_social,view,0.0
U098,D105,cloudy,13.9,afternoon,12,5,casual,cloudy_14_afternoon_casual,view,0.0
U444,D031,sunny,33.7,afternoon,14,3,celebration,sunny_34_afternoon_celebration,view,0.0
U118,D064,sunny,21.6,afternoon,17,3,recovery,sunny_22_afternoon_recovery,view,0.0
U138,D029,sunny,23.4,evening,18,0,pairing,sunny_23_evening_pairing,view,0.0
U286,D025,rainy,12.0,evening,18,0,social,rainy_12_evening_social,view,0.0
U087,D063,rainy,9.4,evening,20,2,business,rainy_9_evening_business,rate,3.2
U155,D070,cloudy,18.2,afternoon,17,1,business,cloudy_18_afternoon_business,view,0.0
U473,D077,rainy,9.4,evening,20,2,business,rainy_9_evening_business,view,0.0
U334,D040,sunny,22.3,morning,11,4,pairing,sunny_22_morning_pairing,view,0.0
U486,D009,snowy,-2.1,afternoon,16,2,casual,snowy_-2_afternoon_casual,view,0.0
U290,D062,cloudy,18.2,afternoon,17,1,business,cloudy_18_afternoon_business,view,0.0
U480,D119,cloudy,19.1,evening,19,6,pairing,cloudy_19_evening_pairing,view,0.0
U495,D056,rainy,7.0,afternoon,16,2,social,rainy_7_afternoon_social,view,0.0
U298,D057,cloudy,18.7,morning,8,3,business,cloudy_19_morning_business,view,0.0
U112,D010,stormy,14.5,evening,23,3,casual,stormy_15_evening_casual,view,0.0
U188,D086,rainy,12.4,evening,23,1,recovery,rainy_12_evening_recovery,view,0.0
U447,D076,stormy,10.7,afternoon,12,0,casual,stormy_11_afternoon_casual,rate,2.3
U369,D120,stormy,16.3,morning,11,5,pairing,stormy_16_morning_pairing,view,0.0
U064,D094,cloudy,17.3,afternoon,15,3,recovery,cloudy_17_afternoon_recovery,view,0.0
U412,D010,sunny,22.3,morning,11,4,pairing,sunny_22_morning_pairing,view,0.0
U292,D011,sunny,21.0,morning,10,2,recovery,sunny_21_morning_recovery,view,0.0
U154,D018,rainy,14.4,morning,11,1,recovery,rainy_14_morning_recovery,view,0.0
U015,D023,sunny,22.3,morning,11,4,pairing,sunny_22_morning_pairing,view,0.0
U199,D110,snowy,0.6,afternoon,14,0,pairing,snowy_1_afternoon_pairing,view,0.0
U137,D115,cloudy,13.9,afternoon,12,5,casual,cloudy_14_afternoon_casual,rate,2.8
U478,D008,snowy,-2.5,morning,7,2,casual,snowy_-2_morning_casual,view,0.0
U121,D090,cloudy,13.9,afternoon,12,5,casual,cloudy_14_afternoon_casual,view,0.0
U139,D020,rainy,8.4,evening,21,1,casual,rainy_8_evening_casual,rate,4.5
U156,D067,snowy,0.6,afternoon,14,0,pairing,snowy_1_afternoon_pairing,view,0.0
U005,D077,snowy,-3.2,morning,9,1,business,snowy_-3_morning_business,view,0.0
U308,D043,cloudy,19.5,morning,10,1,celebration,cloudy_19_morning_celebration,view,0.0
U111,D050,snowy,0.6,afternoon,14,0,pairing,snowy_1_afternoon_pairing,view,0.0
U473,D080,stormy,10.7,afternoon,12,0,casual,stormy_11_afternoon_casual,view,0.0
U299,D049,stormy,16.2,afternoon,17,0,casual,stormy_16_afternoon_casual,view,0.0
U112,D024,sunny,21.6,afternoon,17,3,recovery,sunny_22_afternoon_recovery,view,0.0
U044,D065,cloudy,18.7,morning,8,3,business,cloudy_19_morning_business,view,0.0
U382,D088,sunny,23.4,evening,18,0,pairing,sunny_23_evening_pairing,view,0.0
U011,D082,sunny,26.1,evening,22,1,recovery,sunny_26_evening_recovery,view,0.0
U208,D024,snowy,-4.2,evening,22,6,business,snowy_-4_evening_business,view,0.0
U332,D050,snowy,-1.7,morning,9,2,celebration,snowy_-2_morning_celebration,view,0.0
U100,D081,cloudy,18.7,morning,8,3,business,cloudy_19_morning_business,view,0.0
U293,D097,cloudy,19.5,morning,10,1,celebration,cloudy_19_morning_celebration,view,0.0
U439,D075,sunny,23.4,evening,18,0,pairing,sunny_23_evening_pairing,view,0.0
U100,D093,cloudy,10.4,afternoon,12,0,recovery,cloudy_10_afternoon_recovery,view,0.0
U374,D047,cloudy,18.7,morning,8,3,business,cloudy_19_morning_business,view,0.0
U018,D058,cloudy,14.6,morning,8,4,pairing,cloudy_15_morning_pairing,view,0.0
U153,D018,stormy,16.3,morning,11,5,pairing,stormy_16_morning_pairing,view,0.0
U089,D007,snowy,0.3,morning,7,0,business,snowy_0_morning_business,view,0.0
U428,D051,cloudy,19.5,morning,10,1,celebration,cloudy_19_morning_celebration,view,0.0
U021,D037,cloudy,11.9,morning,7,1,social,cloudy_12_morning_social,view,0.0
U185,D041,cloudy,12.4,evening,18,6,pairing,cloudy_12_evening_pairing,view,0.0
U202,D040,sunny,22.3,morning,11,4,pairing,sunny_22_morning_pairing,view,0.0
U402,D074,snowy,-4.5,afternoon,13,4,social,snowy_-5_afternoon_social,view,0.0
